date,vtec_n,vtec_mean,vtec_median,vtec_std,vtec_min,vtec_max,f107_obs,kp_mean,kp_max,ap,dst_mean,dst_min
2015-10-01,24,22.475,19.763,12.369,7.21,41.99,119.7,2.125,3.667,10.0,-9.7,-48.0
2015-10-02,24,15.461,14.605,4.168,9.474,23.184,107.4,2.625,3.667,12.0,-31.4,-40.0
2015-10-03,24,16.999,14.552,7.396,8.843,29.427,96.9,2.25,3.333,10.0,-29.6,-40.0
2015-10-04,24,15.747,13.804,7.624,6.878,27.609,88.3,3.042,4.333,17.0,-44.6,-63.0
2015-10-05,24,14.237,14.172,6.213,4.945,23.263,82.6,3.0,5.0,18.0,-36.3,-48.0
2015-10-06,24,14.45,11.832,7.99,5.858,29.283,81.4,3.167,4.333,18.0,-33.9,-52.0
2015-10-07,24,12.668,13.815,3.855,6.265,17.901,80.5,5.625,7.333,74.0,-75.1,-130.0
2015-10-08,24,13.275,11.67,7.287,4.593,28.856,79.7,4.875,5.667,45.0,-66.2,-97.0
2015-10-09,24,12.226,11.253,6.507,4.637,22.416,81.2,3.917,4.667,27.0,-48.4,-57.0
2015-10-10,24,12.086,12.094,5.606,5.899,21.962,81.4,2.375,3.333,11.0,-43.1,-56.0
2015-10-11,24,12.284,10.335,6.565,4.993,24.114,84.6,2.5,3.667,12.0,-35.6,-55.0
2015-10-12,24,13.831,13.454,6.217,5.914,24.671,89.1,3.292,5.0,21.0,-31.2,-52.0
2015-10-13,24,15.172,14.857,6.651,6.913,24.367,95.6,3.666,4.333,24.0,-35.0,-51.0
2015-10-14,24,13.606,12.255,6.563,5.867,26.085,100.7,3.5,4.333,21.0,-41.5,-53.0
2015-10-15,24,15.919,15.762,7.008,6.551,25.4,106.8,2.0,2.667,8.0,-25.6,-33.0
2015-10-16,24,16.385,15.525,8.296,5.569,28.611,109.1,1.583,2.667,6.0,-22.1,-35.0
2015-10-17,24,20.253,17.038,13.068,6.214,41.006,116.6,2.292,3.667,10.0,-15.5,-26.0
2015-10-18,24,22.278,19.543,12.763,7.457,44.475,119.5,3.25,4.667,19.0,-32.7,-56.0
2015-10-19,24,20.477,17.311,10.588,9.105,38.874,123.7,0.917,1.667,4.0,-21.6,-35.0
2015-10-20,24,22.452,21.018,12.583,7.975,44.794,122.8,2.125,2.667,8.0,-15.7,-22.0
2015-10-21,24,23.28,20.503,11.921,9.68,45.907,129.0,2.167,3.667,10.0,-9.2,-25.0
2015-10-22,24,22.643,21.18,11.409,8.867,40.189,120.5,1.167,2.0,4.0,-13.8,-23.0
2015-10-23,24,21.671,19.857,10.414,8.081,40.151,114.9,1.458,2.333,6.0,-8.8,-17.0
2015-10-24,24,21.651,20.701,10.077,6.963,38.525,106.3,1.958,3.667,9.0,-4.8,-20.0
2015-10-25,24,22.186,21.446,10.39,8.784,37.221,106.4,1.625,2.667,6.0,-2.0,-11.0
2015-10-26,24,18.759,16.591,8.456,8.854,34.607,106.2,0.25,0.667,1.0,-8.2,-16.0
2015-10-27,24,18.197,15.186,9.257,7.366,34.365,110.1,0.75,2.0,3.0,-9.8,-13.0
2015-10-28,24,19.256,15.862,10.25,7.351,39.471,112.2,0.167,1.0,1.0,-3.3,-9.0
2015-10-29,24,18.635,16.5,7.984,8.665,31.122,112.9,0.875,2.333,4.0,0.3,-13.0
2015-10-30,24,19.072,15.958,8.364,10.118,34.252,121.2,1.875,3.0,8.0,-10.9,-25.0
2015-10-31,24,17.729,16.7,7.457,8.267,31.065,118.5,1.375,2.667,6.0,-8.8,-16.0
2015-11-01,24,19.503,15.752,9.367,9.511,37.043,124.3,2.125,3.333,9.0,-23.8,-40.0
2015-11-02,24,18.358,16.252,8.651,8.939,34.55,122.0,0.917,2.667,4.0,-5.0,-14.0
2015-11-03,24,23.743,17.632,15.29,9.426,57.127,124.2,4.0,5.0,29.0,-18.4,-51.0
2015-11-04,24,19.701,14.922,10.722,8.49,41.258,113.8,3.875,5.333,30.0,-36.0,-56.0
2015-11-05,24,16.359,12.66,9.415,6.178,35.548,109.9,2.958,4.0,16.0,-31.0,-37.0
2015-11-06,24,15.252,13.883,7.717,6.391,29.675,115.2,2.708,4.333,14.0,-19.9,-32.0
2015-11-07,24,15.675,13.828,7.834,6.195,32.012,115.0,4.125,6.0,38.0,-60.2,-87.0
2015-11-08,24,15.948,12.674,9.645,4.994,35.459,107.7,2.417,4.333,14.0,-35.9,-50.0
2015-11-09,24,16.372,15.996,9.508,3.941,36.458,107.6,3.834,4.667,25.0,-44.4,-55.0
2015-11-10,24,15.815,12.88,8.788,5.313,30.104,105.4,4.458,5.333,37.0,-41.3,-56.0
2015-11-11,24,14.566,10.085,7.631,5.621,26.687,105.0,3.458,4.667,22.0,-29.7,-36.0
2015-11-12,24,15.222,11.778,8.702,5.289,31.911,103.5,0.958,1.667,4.0,-26.2,-35.0
2015-11-13,24,17.752,13.266,10.968,6.292,40.8,102.9,2.542,3.667,13.0,-17.8,-31.0
2015-11-14,24,18.814,14.952,10.102,8.452,38.173,106.3,2.042,3.0,8.0,-21.4,-30.0
2015-11-15,24,18.794,13.697,11.06,6.972,39.07,105.8,1.916,3.0,8.0,-9.5,-19.0
2015-11-16,24,22.475,17.084,15.801,6.256,53.877,105.6,2.667,3.333,12.0,-27.6,-38.0
2015-11-17,24,16.394,15.304,8.103,6.752,29.652,107.1,1.834,3.0,8.0,-12.8,-20.0
2015-11-18,24,18.171,15.935,10.015,7.745,39.088,107.6,2.625,5.0,15.0,-14.9,-34.0
2015-11-19,24,17.136,13.427,8.572,6.546,31.401,108.1,1.708,3.667,8.0,-19.7,-35.0
2015-11-20,24,17.887,16.829,9.374,7.13,36.449,111.0,0.917,2.333,4.0,-2.0,-11.0
2015-11-21,24,19.099,14.461,10.536,8.762,38.872,122.2,0.542,2.0,2.0,-5.4,-13.0
2015-11-22,24,16.385,14.593,7.5,7.513,30.41,122.9,0.333,0.667,2.0,-3.5,-11.0
2015-11-23,24,16.054,14.48,6.767,7.695,27.415,119.7,0.25,0.667,1.0,-0.4,-5.0
2015-11-24,24,15.63,13.372,6.923,7.106,28.093,113.2,0.0,0.0,0.0,2.4,-3.0
2015-11-25,24,15.696,13.186,6.306,8.726,25.78,109.0,0.0,0.0,0.0,9.1,5.0
2015-11-26,24,15.508,11.567,6.4,8.47,28.046,103.9,0.333,1.333,1.0,6.5,-7.0
2015-11-27,24,16.847,14.016,6.894,9.161,29.905,98.9,1.542,3.0,6.0,-4.5,-10.0
2015-11-28,24,16.658,12.857,7.805,8.031,30.609,96.6,1.542,2.667,6.0,4.5,-12.0
2015-11-29,24,14.251,11.389,6.467,5.984,25.881,95.5,1.875,3.0,8.0,-3.0,-15.0
2015-11-30,24,13.37,11.995,5.919,6.586,27.081,95.7,2.958,5.0,17.0,-17.5,-42.0
2015-12-01,24,12.982,12.226,5.98,6.319,24.608,94.6,2.667,3.667,13.0,-20.0,-34.0
2015-12-02,24,13.176,12.289,5.942,5.907,22.275,95.3,2.0,2.667,8.0,-22.2,-29.0
2015-12-03,24,12.327,10.861,4.784,6.633,20.294,94.5,0.833,1.333,4.0,-12.2,-21.0
2015-12-04,24,12.416,9.368,5.458,6.661,21.83,97.6,1.0,2.333,4.0,-8.1,-13.0
2015-12-05,24,13.062,13.021,4.831,6.814,21.485,100.5,2.75,3.667,14.0,-11.0,-21.0
2015-12-06,24,14.025,11.836,5.638,6.928,23.521,102.2,3.542,4.333,22.0,-22.8,-39.0
2015-12-07,24,13.101,10.252,5.679,7.402,22.788,100.7,3.375,3.667,19.0,-18.5,-25.0
2015-12-08,24,12.588,9.977,5.964,6.104,22.622,111.2,2.25,3.667,10.0,-17.8,-26.0
2015-12-09,24,12.448,10.541,5.689,6.376,22.927,108.8,1.875,3.333,8.0,-8.5,-14.0
2015-12-10,24,13.554,12.3,5.895,7.083,24.138,108.5,3.667,5.0,24.0,-14.0,-24.0
2015-12-11,24,14.376,14.2,6.216,6.798,23.953,113.7,3.333,4.333,19.0,-14.9,-23.0
2015-12-12,24,13.59,11.953,5.559,7.015,22.838,116.7,2.333,3.333,10.0,-15.4,-23.0
2015-12-13,24,14.07,11.36,6.598,6.92,25.835,122.5,1.625,2.667,7.0,-9.0,-16.0
2015-12-14,24,15.312,12.708,8.34,5.674,30.665,124.0,2.875,5.333,20.0,-17.3,-55.0
2015-12-15,24,13.897,11.609,6.985,5.746,24.484,118.9,2.833,4.667,16.0,-33.2,-47.0
2015-12-16,24,13.474,10.782,7.183,4.855,25.517,126.2,1.042,3.667,6.0,-22.0,-37.0
2015-12-17,24,13.509,11.939,7.492,5.084,27.179,117.8,1.375,3.667,6.0,-13.9,-27.0
2015-12-18,24,12.67,11.146,4.857,6.642,20.342,117.1,1.125,2.667,5.0,-14.1,-22.0
2015-12-19,24,13.012,11.655,5.813,6.004,22.208,119.0,1.833,4.0,10.0,-0.2,-18.0
2015-12-20,24,17.781,18.887,8.801,6.335,35.086,116.6,5.583,6.667,70.0,-73.1,-166.0
2015-12-21,24,14.236,12.117,6.798,4.971,25.564,121.7,3.875,6.667,38.0,-99.8,-159.0
2015-12-22,24,12.245,9.686,7.759,3.088,26.071,130.1,2.542,4.333,12.0,-42.1,-49.0
2015-12-23,24,13.327,13.018,7.085,4.979,24.371,133.9,2.292,3.333,9.0,-28.2,-39.0
2015-12-24,24,13.779,10.656,8.935,4.286,29.457,132.7,2.458,3.333,11.0,-17.8,-26.0
2015-12-25,24,12.309,11.94,5.941,4.357,21.174,126.4,1.958,2.333,7.0,-14.5,-20.0
2015-12-26,24,12.372,9.185,6.472,6.19,24.479,117.4,2.75,4.333,14.0,-13.3,-20.0
2015-12-27,24,12.253,10.065,6.307,4.737,22.514,110.3,2.333,3.0,9.0,-17.4,-35.0
2015-12-28,24,11.457,9.752,5.151,5.295,21.672,112.1,1.167,2.0,4.0,-8.6,-15.0
2015-12-29,24,11.84,9.707,5.832,5.333,22.918,105.4,1.5,2.333,6.0,-8.7,-17.0
2015-12-30,24,11.255,9.281,5.629,5.521,23.418,101.5,0.583,1.333,2.0,-6.8,-13.0
2015-12-31,24,13.805,11.043,7.508,6.381,29.576,96.2,4.25,5.667,35.0,-29.6,-105.0
2016-01-01,24,11.798,10.362,6.749,3.542,22.567,98.4,3.25,6.0,28.0,-68.2,-116.0
2016-01-02,24,10.346,9.007,5.356,3.815,19.69,100.0,2.208,3.0,9.0,-25.8,-40.0
2016-01-03,24,10.95,9.648,5.42,5.109,22.624,101.9,1.583,2.667,6.0,-18.1,-25.0
2016-01-04,24,11.118,10.449,4.615,5.607,20.687,95.3,1.167,2.0,4.0,-14.1,-27.0
2016-01-05,24,12.154,11.339,4.505,6.582,20.361,95.2,1.417,2.333,5.0,0.0,-9.0
2016-01-06,24,13.691,10.837,5.672,7.015,23.79,100.2,3.042,4.667,16.0,-19.4,-31.0
2016-01-07,24,12.408,9.417,6.054,6.285,24.275,103.4,2.708,4.0,13.0,-16.5,-22.0
2016-01-08,24,12.54,9.551,7.279,5.44,27.197,108.5,1.792,3.0,7.0,-17.0,-22.0
2016-01-09,24,12.846,10.768,6.312,6.082,24.763,107.0,1.375,2.0,5.0,-11.8,-18.0
2016-01-10,24,13.071,9.122,7.225,5.746,28.049,108.9,1.958,2.667,8.0,-9.2,-16.0
2016-01-11,24,12.312,11.09,5.512,6.227,23.604,108.0,2.583,4.0,13.0,-15.1,-26.0
2016-01-12,24,14.546,10.852,8.444,5.675,29.103,105.5,2.667,4.0,13.0,-20.8,-36.0
2016-01-13,24,12.005,8.694,6.987,5.258,27.762,104.1,2.542,4.0,13.0,-20.3,-28.0
2016-01-14,24,11.72,9.602,5.562,5.155,20.966,103.2,1.917,2.667,7.0,-17.3,-25.0
2016-01-15,24,11.96,9.643,5.743,6.145,23.7,103.5,1.167,2.0,4.0,-19.2,-25.0
2016-01-16,24,12.85,12.049,5.432,7.122,22.626,99.9,0.625,1.333,3.0,-5.3,-18.0
2016-01-17,24,12.812,10.84,5.318,7.338,21.989,100.6,0.667,1.333,3.0,-7.9,-16.0
2016-01-18,24,12.924,10.883,5.571,6.627,23.791,99.9,0.833,3.0,4.0,-5.7,-11.0
2016-01-19,24,13.607,10.992,5.815,7.247,25.435,97.5,2.0,4.333,10.0,-7.0,-21.0
2016-01-20,24,17.578,16.994,6.991,9.332,27.037,100.4,3.542,4.667,26.0,-54.1,-101.0
2016-01-21,24,13.455,12.313,5.461,5.776,23.312,104.0,4.125,5.667,33.0,-49.9,-64.0
2016-01-22,24,11.164,9.599,5.256,4.631,19.118,100.5,2.75,3.333,13.0,-33.8,-41.0
2016-01-23,24,11.537,10.278,5.593,4.77,21.724,98.9,2.375,3.667,11.0,-26.0,-31.0
2016-01-24,24,11.362,9.721,5.218,4.849,21.364,103.8,2.042,4.0,10.0,-14.5,-22.0
2016-01-25,24,11.641,9.274,5.475,5.187,22.808,107.6,0.292,0.667,2.0,-13.1,-19.0
2016-01-26,24,12.421,9.212,6.202,5.858,24.217,114.8,0.833,1.667,3.0,-2.7,-14.0
2016-01-27,24,12.791,11.109,4.742,7.354,20.622,112.7,0.917,2.0,4.0,0.2,-6.0
2016-01-28,24,13.888,11.285,6.365,7.215,28.8,109.9,1.042,2.333,4.0,-11.6,-30.0
2016-01-29,24,13.21,11.545,4.644,7.31,21.44,106.9,0.584,0.667,3.0,-11.1,-16.0
2016-01-30,24,13.238,10.396,6.122,6.218,24.313,105.1,0.333,0.667,2.0,-4.8,-12.0
2016-01-31,24,14.382,11.884,7.018,6.265,29.279,101.2,2.083,3.667,9.0,-23.0,-46.0
2016-02-01,24,12.681,10.878,5.532,5.841,24.339,100.2,1.458,3.667,7.0,-31.2,-53.0
2016-02-02,24,12.424,9.446,6.168,5.183,23.04,102.1,1.208,2.667,5.0,-3.4,-28.0
2016-02-03,24,13.735,10.238,7.532,6.415,29.977,112.1,1.875,4.667,12.0,-30.5,-57.0
2016-02-04,24,14.077,13.538,5.984,6.808,23.267,123.3,1.208,2.333,5.0,-2.6,-11.0
2016-02-05,24,16.365,13.479,7.644,7.939,30.987,119.7,2.375,3.333,10.0,-12.6,-20.0
2016-02-06,24,15.28,14.86,5.548,7.345,25.983,117.1,1.708,2.333,6.0,-8.1,-16.0
2016-02-07,24,16.074,12.605,8.668,6.181,33.282,117.1,1.792,3.667,8.0,-11.8,-25.0
2016-02-08,24,15.95,13.61,7.351,7.129,28.454,115.2,2.375,5.0,17.0,-28.7,-45.0
2016-02-09,24,16.244,13.192,9.608,4.953,35.342,117.3,1.917,3.0,8.0,-9.5,-24.0
2016-02-10,24,16.287,11.921,8.7,5.891,32.078,112.2,1.0,2.667,4.0,-16.8,-27.0
2016-02-11,24,17.369,15.306,9.262,7.317,33.899,112.8,2.042,3.333,8.0,-24.5,-44.0
2016-02-12,24,19.33,14.886,11.752,5.788,42.532,112.2,2.583,3.667,12.0,-17.0,-45.0
2016-02-13,24,20.022,14.203,11.982,7.559,42.521,110.3,1.584,3.0,7.0,-2.2,-12.0
2016-02-14,24,19.532,16.676,12.277,6.11,43.94,108.0,2.167,3.0,9.0,-13.4,-21.0
2016-02-15,24,18.642,15.299,9.15,8.873,36.064,107.3,2.167,4.333,11.0,-7.8,-24.0
2016-02-16,24,20.47,18.25,10.369,7.761,38.34,104.0,4.375,5.333,37.0,-33.3,-65.0
2016-02-17,24,16.961,16.073,7.488,6.533,28.242,99.9,4.208,5.667,34.0,-40.9,-58.0
2016-02-18,24,15.101,15.507,7.422,4.689,26.811,94.9,4.0,5.0,29.0,-44.5,-62.0
2016-02-19,24,14.323,13.184,8.216,4.346,27.935,94.0,3.042,3.667,16.0,-32.8,-39.0
2016-02-20,24,14.175,13.904,6.447,6.176,24.305,100.0,1.167,2.333,5.0,-25.8,-31.0
2016-02-21,24,14.054,12.257,6.395,4.91,26.291,95.6,1.0,1.667,4.0,-16.5,-22.0
2016-02-22,24,14.523,14.001,5.186,6.364,22.571,93.7,0.542,1.0,2.0,-6.0,-12.0
2016-02-23,24,15.816,14.311,6.447,6.269,28.387,91.0,1.208,3.0,5.0,-7.9,-16.0
2016-02-24,24,15.509,13.11,6.347,6.848,26.615,87.9,1.625,2.667,6.0,-13.8,-20.0
2016-02-25,24,14.841,13.883,5.667,5.752,22.168,91.7,1.292,2.0,5.0,-0.5,-8.0
2016-02-26,24,14.639,13.083,5.401,7.935,23.654,89.0,1.5,3.667,7.0,-6.2,-14.0
2016-02-27,24,14.623,14.42,5.315,8.261,24.362,90.4,0.708,1.333,3.0,-1.2,-10.0
2016-02-28,24,15.662,13.459,6.522,8.036,25.701,93.2,0.708,1.333,3.0,1.0,-9.0
2016-02-29,24,15.264,14.07,6.24,6.04,25.079,90.9,0.917,2.0,4.0,5.1,-7.0
2016-03-01,24,18.276,17.815,8.311,7.299,29.222,96.8,1.958,3.0,8.0,5.6,-8.0
2016-03-02,24,19.586,19.404,9.557,7.407,35.529,98.2,1.542,2.667,6.0,2.1,-9.0
2016-03-03,24,17.179,16.821,8.013,7.017,29.456,98.7,1.625,2.333,6.0,-1.6,-7.0
2016-03-04,24,17.431,17.567,7.22,7.031,27.573,100.5,0.833,2.667,4.0,-4.7,-10.0
2016-03-05,24,19.606,18.415,7.823,9.612,33.097,96.2,0.708,2.0,3.0,1.4,-6.0
2016-03-06,24,24.633,27.087,9.217,11.936,36.423,95.5,3.083,6.333,31.0,-7.5,-99.0
2016-03-07,24,19.069,19.589,7.601,5.217,33.115,94.1,3.708,4.667,24.0,-59.8,-84.0
2016-03-08,24,17.188,17.213,7.015,5.945,28.411,95.5,1.75,2.333,6.0,-32.9,-50.0
2016-03-09,24,17.699,14.566,9.879,6.368,37.905,97.4,1.625,2.0,6.0,-24.1,-34.0
2016-03-10,24,19.203,15.502,11.19,6.18,42.481,95.0,1.75,2.667,7.0,-22.7,-32.0
2016-03-11,24,20.266,14.396,11.24,7.166,42.597,94.2,3.083,5.333,19.0,-5.6,-17.0
2016-03-12,24,17.337,13.67,8.012,7.211,32.249,95.0,2.25,3.333,11.0,-12.0,-23.0
2016-03-13,24,16.686,14.243,8.646,6.482,32.045,92.6,0.667,1.667,3.0,-6.1,-12.0
2016-03-14,24,18.03,13.94,11.377,6.139,38.442,93.4,2.083,5.0,12.0,-1.0,-21.0
2016-03-15,24,17.487,15.905,9.077,4.073,33.119,94.1,3.542,5.333,24.0,-30.8,-50.0
2016-03-16,24,15.554,14.311,6.18,5.29,26.524,91.0,3.125,5.0,20.0,-29.7,-56.0
2016-03-17,24,14.733,14.538,5.534,8.015,26.206,91.6,3.5,4.667,22.0,-33.8,-52.0
2016-03-18,24,14.501,11.724,8.112,6.243,29.675,90.3,1.958,2.333,7.0,-22.6,-29.0
2016-03-19,24,16.088,16.042,8.972,4.344,29.714,89.4,2.792,3.667,14.0,-29.6,-46.0
2016-03-20,24,15.787,14.217,8.044,6.455,29.089,87.6,2.167,3.667,10.0,-25.9,-42.0
2016-03-21,24,16.507,14.065,9.398,5.797,31.035,88.9,1.667,2.333,6.0,-13.0,-34.0
2016-03-22,24,17.388,14.629,10.696,6.471,36.692,87.3,1.416,2.333,6.0,-3.8,-12.0
2016-03-23,24,17.89,16.112,9.141,7.637,32.315,86.8,2.125,3.667,10.0,-4.8,-15.0
2016-03-24,24,17.199,14.369,9.147,7.515,33.814,86.5,1.458,2.667,6.0,-1.8,-15.0
2016-03-25,24,14.63,11.904,8.604,6.243,29.089,85.5,1.167,3.0,5.0,-8.5,-24.0
2016-03-26,24,14.586,12.748,8.121,5.86,27.353,85.5,0.417,0.667,2.0,5.8,-4.0
2016-03-27,24,17.592,15.936,8.804,6.835,30.917,88.2,2.542,3.333,11.0,4.2,-6.0
2016-03-28,24,17.761,16.796,8.113,9.15,32.397,87.7,1.958,3.667,9.0,-1.5,-14.0
2016-03-29,24,16.342,16.077,7.007,8.339,28.448,87.8,2.458,3.333,11.0,-10.7,-17.0
2016-03-30,24,18.008,13.79,10.742,7.155,36.653,83.8,2.416,3.333,11.0,-9.9,-19.0
2016-03-31,24,14.149,11.231,7.966,5.917,27.893,81.7,1.375,3.0,6.0,-7.4,-15.0
2016-04-01,24,14.973,12.502,8.456,5.783,29.484,82.1,0.458,1.333,2.0,0.4,-9.0
2016-04-02,24,17.865,16.983,9.296,6.615,31.59,81.5,2.458,5.0,19.0,-6.4,-59.0
2016-04-03,24,13.205,12.423,4.595,6.071,19.243,82.3,2.625,4.333,14.0,-30.2,-52.0
2016-04-04,24,13.659,12.328,6.8,5.008,23.627,83.4,1.375,2.667,6.0,-17.0,-24.0
2016-04-05,24,15.519,12.726,9.47,4.254,28.873,83.4,1.292,2.667,5.0,-12.0,-17.0
2016-04-06,24,14.43,13.128,7.545,5.501,27.544,87.1,1.542,2.333,6.0,-10.6,-23.0
2016-04-07,24,18.154,15.848,12.068,4.81,39.439,92.3,2.333,5.667,17.0,-6.9,-61.0
2016-04-08,24,14.647,12.289,7.004,5.449,27.068,98.3,1.333,4.667,8.0,-24.6,-62.0
2016-04-09,24,16.95,12.905,12.107,4.921,42.055,105.5,0.333,1.0,2.0,-5.5,-20.0
2016-04-10,24,15.345,13.987,9.358,4.913,30.999,110.6,1.542,2.667,6.0,-0.4,-12.0
2016-04-11,24,17.239,14.427,10.289,6.213,35.177,116.6,1.0,3.0,4.0,1.8,-7.0
2016-04-12,24,17.258,13.714,9.8,6.448,33.773,111.3,3.042,5.0,18.0,-9.4,-43.0
2016-04-13,24,15.12,13.255,8.51,4.282,27.529,108.2,3.792,5.0,25.0,-38.8,-56.0
2016-04-14,24,15.737,13.622,9.533,4.675,35.751,111.1,3.542,4.667,22.0,-38.4,-61.0
2016-04-15,24,16.733,14.064,8.594,5.958,28.225,112.4,1.667,4.0,8.0,-14.4,-44.0
2016-04-16,24,19.66,19.79,10.083,5.402,32.702,113.2,2.167,3.667,11.0,-19.4,-58.0
2016-04-17,24,17.417,16.917,6.623,8.079,28.559,102.1,3.167,4.0,18.0,-20.2,-39.0
2016-04-18,24,13.478,11.631,5.918,5.969,21.698,94.6,1.083,2.333,4.0,-7.8,-15.0
2016-04-19,24,14.798,12.272,8.506,4.69,29.132,89.1,0.333,1.0,2.0,-4.2,-12.0
2016-04-20,24,15.53,15.332,8.666,4.749,29.62,83.2,0.708,1.333,3.0,-5.0,-12.0
2016-04-21,24,14.613,13.892,7.71,5.161,28.346,76.8,1.042,1.667,4.0,5.1,-5.0
2016-04-22,24,16.723,13.376,9.15,6.489,32.446,76.6,2.458,4.0,12.0,3.0,-14.0
2016-04-23,24,15.834,13.86,7.434,6.445,26.07,78.7,2.208,4.667,11.0,-0.6,-14.0
2016-04-24,24,15.835,14.692,8.345,6.297,29.087,81.8,2.167,4.0,11.0,-5.8,-16.0
2016-04-25,24,16.276,15.372,9.289,5.846,30.146,81.9,1.208,1.667,4.0,-2.6,-6.0
2016-04-26,24,15.832,15.779,7.671,6.256,27.513,85.2,1.334,2.667,5.0,-1.8,-13.0
2016-04-27,24,18.579,16.24,9.151,8.097,33.185,92.6,2.167,3.0,9.0,-3.0,-16.0
2016-04-28,24,17.148,15.55,7.324,8.577,30.107,94.9,0.917,2.0,4.0,-2.2,-9.0
2016-04-29,24,18.638,17.245,8.581,8.55,31.327,92.4,0.542,1.0,2.0,6.9,-3.0
2016-04-30,24,22.809,18.547,12.861,8.192,46.466,94.0,1.708,3.0,7.0,4.8,-13.0
2016-05-01,24,22.969,21.652,8.478,11.687,36.893,92.2,2.833,4.0,14.0,-11.7,-41.0
2016-05-02,24,20.063,19.227,6.765,9.819,29.104,89.8,3.75,5.667,30.0,-32.5,-45.0
2016-05-03,24,15.088,14.537,4.054,6.957,21.255,90.0,2.208,3.333,10.0,-25.7,-42.0
2016-05-04,24,17.495,17.636,5.719,8.102,24.426,90.1,0.833,1.667,3.0,-17.0,-20.0
2016-05-05,24,21.392,19.528,10.098,8.586,40.368,87.1,1.542,2.333,6.0,-12.4,-22.0
2016-05-06,24,21.299,18.825,9.506,10.496,38.087,89.6,2.792,4.333,15.0,-17.3,-35.0
2016-05-07,24,19.347,16.497,8.264,9.105,32.552,88.0,1.958,3.667,9.0,-17.3,-32.0
2016-05-08,24,17.405,16.493,6.701,8.003,30.258,84.0,5.708,6.333,70.0,-64.5,-95.0
2016-05-09,24,17.826,16.569,6.736,7.117,30.675,88.5,3.833,6.333,30.0,-53.1,-88.0
2016-05-10,24,16.015,12.781,7.668,7.042,29.905,88.7,2.75,3.667,13.0,-38.4,-49.0
2016-05-11,24,17.022,13.059,9.964,6.306,34.267,93.9,1.25,2.667,5.0,-27.5,-36.0
2016-05-12,24,18.447,13.71,9.88,8.334,35.982,92.0,0.75,1.0,3.0,-18.9,-24.0
2016-05-13,24,20.942,19.224,10.195,8.799,36.835,93.4,1.583,2.333,6.0,-20.8,-29.0
2016-05-14,24,19.39,16.786,6.819,10.949,31.081,101.2,2.083,3.333,9.0,-13.3,-27.0
2016-05-15,24,17.407,15.745,5.61,10.311,28.898,108.4,2.583,3.667,13.0,-13.5,-27.0
2016-05-16,24,20.905,18.451,9.63,9.218,38.04,102.0,2.542,3.333,12.0,-16.0,-28.0
2016-05-17,24,21.46,21.207,6.433,11.895,29.845,103.2,2.708,3.333,12.0,-9.2,-21.0
2016-05-18,24,19.725,16.797,7.515,10.981,33.991,102.3,1.708,2.667,7.0,-9.7,-22.0
2016-05-19,24,20.015,18.205,8.242,9.532,32.508,98.8,1.708,2.667,7.0,-6.5,-18.0
2016-05-20,24,19.465,18.557,7.392,9.322,30.685,99.5,1.375,2.333,5.0,0.4,-4.0
2016-05-21,24,21.584,23.681,7.882,10.577,33.766,97.8,2.792,4.667,15.0,-9.0,-27.0
2016-05-22,24,19.447,17.605,8.625,8.596,35.258,97.4,1.583,2.667,6.0,-12.6,-21.0
2016-05-23,24,19.659,18.006,9.44,8.577,38.5,97.4,0.792,1.667,3.0,-6.7,-11.0
2016-05-24,24,19.98,17.732,8.854,9.457,35.803,94.3,1.083,2.333,4.0,-3.0,-9.0
2016-05-25,24,18.908,17.971,7.197,8.84,31.753,93.6,0.5,1.0,2.0,2.4,-2.0
2016-05-26,24,18.366,16.756,5.424,10.277,27.686,91.7,0.542,1.333,2.0,8.5,-1.0
2016-05-27,24,20.927,17.862,9.569,9.711,39.315,90.4,2.208,3.0,9.0,0.9,-11.0
2016-05-28,24,18.657,17.14,4.95,10.992,29.236,87.7,2.75,4.0,13.0,-9.2,-21.0
2016-05-29,24,16.873,16.006,6.446,8.219,26.07,83.0,1.625,3.0,6.0,-10.7,-25.0
2016-05-30,24,20.85,20.39,7.754,9.761,31.663,86.2,2.292,4.0,11.0,-10.6,-21.0
2016-05-31,24,22.172,21.569,8.212,10.919,32.82,86.6,2.167,3.667,10.0,-6.6,-21.0
2016-06-01,24,18.575,17.946,4.162,11.622,25.02,86.0,1.292,2.0,5.0,-9.1,-17.0
2016-06-02,24,18.064,17.304,6.67,9.76,28.166,85.2,0.542,1.0,3.0,-5.8,-11.0
2016-06-03,24,18.279,17.552,8.725,7.915,32.569,83.2,0.416,1.0,2.0,0.3,-5.0
2016-06-04,24,18.052,17.77,7.181,8.683,27.897,80.0,0.666,1.333,3.0,6.4,-2.0
2016-06-05,24,24.008,24.535,10.758,9.028,40.996,79.1,3.625,5.333,29.0,5.1,-31.0
2016-06-06,24,17.068,18.4,4.269,9.045,21.982,78.5,3.458,5.333,23.0,-30.7,-41.0
2016-06-07,24,17.221,17.207,6.076,8.879,28.488,78.5,2.0,3.0,8.0,-12.3,-21.0
2016-06-08,24,19.675,16.734,9.381,8.91,37.156,80.1,1.333,2.0,5.0,-14.5,-25.0
2016-06-09,24,16.666,15.779,7.492,7.079,28.909,85.2,0.75,2.0,3.0,-8.0,-14.0
2016-06-10,24,17.645,18.517,7.2,6.75,27.861,84.9,1.333,3.333,6.0,7.4,-4.0
2016-06-11,24,19.273,18.607,5.664,10.614,30.006,88.2,2.083,3.333,9.0,-4.7,-11.0
2016-06-12,24,20.221,20.264,7.011,9.826,33.428,94.1,2.292,3.667,10.0,4.0,-6.0
2016-06-13,24,19.52,19.264,5.161,9.999,27.629,91.0,1.834,3.667,8.0,2.0,-3.0
2016-06-14,24,19.721,19.276,6.152,11.151,26.895,87.6,2.792,6.333,21.0,3.2,-17.0
2016-06-15,24,17.678,17.878,5.734,8.153,26.774,87.3,2.292,4.333,11.0,-5.5,-15.0
2016-06-16,24,19.21,19.05,5.307,11.249,28.351,88.2,1.666,2.333,6.0,-1.6,-5.0
2016-06-17,24,21.277,22.362,5.351,11.785,29.303,86.6,1.833,2.667,7.0,-3.8,-12.0
2016-06-18,24,21.79,20.699,8.216,10.674,35.678,83.6,1.958,2.333,7.0,-5.1,-14.0
2016-06-19,24,20.028,20.264,8.463,8.108,31.499,85.2,1.125,2.0,4.0,-3.2,-10.0
2016-06-20,24,18.061,17.816,5.978,9.93,27.638,84.3,0.875,1.333,4.0,3.9,-1.0
2016-06-21,24,16.791,17.222,6.848,7.303,25.365,80.2,0.625,1.0,3.0,2.1,-2.0
2016-06-22,24,16.509,17.572,6.292,7.156,24.888,78.3,2.083,4.667,12.0,6.5,-8.0
2016-06-23,24,16.489,15.95,3.983,9.541,23.223,77.5,2.084,3.667,10.0,3.5,-8.0
2016-06-24,24,16.682,16.708,4.502,8.988,22.204,75.7,2.625,3.667,12.0,-17.0,-29.0
2016-06-25,24,14.058,14.655,4.216,7.281,22.224,77.1,1.708,2.667,7.0,-10.4,-21.0
2016-06-26,24,16.436,15.661,7.12,6.827,26.664,76.6,2.208,3.667,10.0,-1.6,-16.0
2016-06-27,24,14.291,13.832,3.822,8.34,19.672,75.4,1.792,3.0,8.0,-9.1,-22.0
2016-06-28,24,13.791,14.384,4.434,6.986,20.317,73.1,1.416,2.333,5.0,-3.3,-11.0
2016-06-29,24,14.869,14.158,5.351,7.487,24.736,73.6,1.042,1.667,4.0,-1.0,-5.0
2016-06-30,24,14.784,13.615,5.839,6.935,24.531,72.9,1.25,3.0,6.0,4.7,-3.0
2016-07-01,24,15.453,14.692,5.873,8.343,25.821,72.0,1.5,3.333,6.0,-3.2,-6.0
2016-07-02,24,14.63,15.909,5.251,6.575,21.593,70.9,1.5,3.667,7.0,4.9,-11.0
2016-07-03,24,15.014,14.367,4.701,8.282,23.221,72.3,1.917,2.667,8.0,4.9,-1.0
2016-07-04,24,13.774,14.216,4.521,6.874,21.769,73.8,1.333,2.0,5.0,-1.1,-6.0
2016-07-05,24,14.976,15.296,5.634,6.755,23.125,72.4,0.667,1.333,3.0,-1.3,-5.0
2016-07-06,24,15.658,13.935,7.055,6.515,27.14,77.1,0.875,2.667,4.0,8.7,-7.0
2016-07-07,24,17.036,17.981,6.496,7.175,24.948,83.3,3.417,4.667,21.0,-0.5,-21.0
2016-07-08,24,15.802,14.821,5.369,8.671,25.662,87.1,3.333,4.0,19.0,-18.4,-29.0
2016-07-09,24,16.244,15.775,7.482,6.221,27.057,92.2,2.666,3.333,12.0,-10.6,-25.0
2016-07-10,24,16.59,17.623,6.197,7.107,24.918,94.4,2.208,2.667,9.0,-6.0,-13.0
2016-07-11,24,16.54,15.302,5.985,8.803,29.518,94.7,2.333,2.667,10.0,-11.8,-20.0
2016-07-12,24,17.093,17.391,5.945,7.419,25.218,92.4,3.167,4.333,18.0,-18.5,-36.0
2016-07-13,24,17.623,15.999,6.143,8.623,27.14,96.8,1.833,3.0,7.0,-10.0,-22.0
2016-07-14,24,19.777,21.558,7.855,7.957,30.285,95.1,2.333,4.0,11.0,-6.8,-21.0
2016-07-15,24,18.509,16.99,5.353,11.397,26.711,102.1,2.375,3.0,10.0,-12.2,-21.0
2016-07-16,24,17.986,18.607,6.634,8.779,28.5,106.6,1.708,3.0,7.0,-8.8,-14.0
2016-07-17,24,18.194,18.663,8.375,6.946,33.212,105.2,1.292,2.0,5.0,-7.4,-13.0
2016-07-18,24,18.181,17.885,7.411,8.41,27.375,107.1,0.667,1.333,3.0,-5.4,-13.0
2016-07-19,24,15.839,17.204,6.098,6.826,23.982,100.8,1.167,5.0,8.0,1.7,-5.0
2016-07-20,24,16.336,15.682,5.973,7.703,26.46,108.0,3.0,5.0,19.0,-3.2,-26.0
2016-07-21,24,15.998,15.964,4.939,8.373,24.814,100.1,1.25,2.667,5.0,-7.5,-13.0
2016-07-22,24,18.764,18.293,8.687,7.262,32.444,90.4,1.833,2.667,7.0,-10.8,-20.0
2016-07-23,24,15.039,14.211,4.927,8.473,22.687,86.2,1.625,3.0,7.0,-12.4,-23.0
2016-07-24,24,8.907,10.636,5.641,0.0,16.889,82.2,2.334,4.667,14.0,-0.2,-13.0
2016-07-25,24,12.855,10.439,6.1,5.122,24.203,73.6,3.208,4.0,18.0,-27.2,-38.0
2016-07-26,24,6.925,5.811,6.398,0.0,17.987,73.5,0.917,1.333,4.0,-10.0,-15.0
2016-07-27,24,0.0,0.0,0.0,0.0,0.0,71.6,0.542,2.0,2.0,1.5,-10.0
2016-07-28,24,14.347,16.443,7.577,0.0,25.24,70.3,2.792,4.0,14.0,-4.0,-31.0
2016-07-29,24,11.566,11.16,2.63,6.781,15.891,70.5,2.75,3.667,13.0,-11.7,-18.0
2016-07-30,24,11.439,10.661,4.205,5.858,19.129,71.0,1.208,3.0,5.0,-8.0,-16.0
2016-07-31,24,12.186,11.806,5.096,4.989,19.069,71.5,0.667,1.667,3.0,0.1,-6.0
2016-08-01,24,12.708,12.058,6.42,4.202,22.574,71.9,0.583,1.333,2.0,-0.0,-4.0
2016-08-02,24,12.706,13.181,5.701,4.427,21.512,74.9,2.666,5.0,17.0,20.8,-16.0
2016-08-03,24,9.893,10.245,4.91,2.11,17.428,74.8,4.167,5.0,32.0,-30.5,-52.0
2016-08-04,24,9.807,7.825,7.991,0.0,21.893,76.3,3.0,4.0,16.0,-22.0,-31.0
2016-08-05,24,12.138,11.873,6.351,3.127,22.528,79.8,2.958,4.0,16.0,-20.0,-30.0
2016-08-06,24,8.702,7.507,6.783,0.0,18.747,83.1,2.667,3.333,12.0,-18.8,-25.0
2016-08-07,24,13.429,12.596,7.158,0.102,24.406,92.7,2.333,4.333,12.0,-13.1,-21.0
2016-08-08,24,13.822,13.755,5.731,5.656,21.882,96.4,2.25,3.667,10.0,-15.0,-28.0
2016-08-09,24,13.078,11.561,7.054,3.832,24.964,92.3,2.5,3.333,12.0,-12.7,-25.0
2016-08-10,24,15.722,14.899,8.166,5.914,33.039,95.0,3.0,3.667,15.0,-17.9,-28.0
2016-08-11,24,15.358,13.776,6.952,6.55,28.778,94.7,1.875,3.0,8.0,-8.2,-18.0
2016-08-12,24,16.632,15.278,6.942,8.089,29.684,94.8,2.125,3.667,10.0,-16.2,-27.0
2016-08-13,24,15.453,15.849,5.351,7.13,23.698,90.5,1.125,1.667,4.0,-12.2,-18.0
2016-08-14,24,14.759,13.813,4.584,8.137,21.661,87.2,0.792,1.667,3.0,-2.3,-9.0
2016-08-15,24,16.859,17.399,6.672,6.895,27.036,87.6,0.667,1.333,3.0,-2.0,-6.0
2016-08-16,24,14.037,12.869,6.02,5.387,24.433,86.5,1.083,3.333,5.0,0.6,-7.0
2016-08-17,24,16.256,17.132,5.016,8.01,24.527,82.9,1.75,3.0,8.0,-2.1,-17.0
2016-08-18,24,16.693,15.791,6.012,8.599,25.367,82.4,1.458,3.0,6.0,-12.5,-24.0
2016-08-19,24,14.118,13.962,5.884,5.552,22.729,80.8,0.875,1.333,4.0,-4.6,-10.0
2016-08-20,24,12.859,12.299,4.562,6.527,19.951,78.1,0.75,2.0,3.0,-1.0,-12.0
2016-08-21,24,14.006,12.832,6.018,5.959,24.45,76.7,1.583,3.667,8.0,13.7,-1.0
2016-08-22,24,13.892,12.002,6.242,6.502,24.019,80.0,0.917,1.333,4.0,0.4,-7.0
2016-08-23,24,15.363,12.564,8.903,4.961,32.749,81.3,2.75,5.0,18.0,-16.3,-73.0
2016-08-24,24,13.446,12.899,5.475,5.422,22.615,78.0,3.042,5.333,19.0,-29.4,-39.0
2016-08-25,24,14.689,13.394,7.761,4.639,28.054,78.7,2.375,3.333,10.0,-15.6,-23.0
2016-08-26,24,14.637,12.666,8.308,4.489,30.865,81.9,1.458,2.667,6.0,-9.2,-20.0
2016-08-27,24,14.83,12.595,7.783,5.341,27.519,83.9,1.125,2.333,4.0,-5.2,-13.0
2016-08-28,24,14.566,13.845,6.944,5.841,27.822,85.4,0.458,1.0,2.0,1.8,-8.0
2016-08-29,24,17.159,13.893,9.911,5.806,34.962,87.8,1.417,3.0,6.0,9.0,0.0
2016-08-30,24,18.227,14.927,10.787,6.286,37.908,100.4,3.0,4.333,17.0,-10.2,-27.0
2016-08-31,24,15.216,15.436,5.32,7.153,22.405,97.5,1.334,2.667,6.0,-2.5,-15.0
2016-09-01,24,15.552,15.678,6.076,7.411,24.972,95.2,3.958,5.0,28.0,-31.3,-57.0
2016-09-02,24,14.797,13.047,7.195,5.931,26.761,94.6,4.25,6.0,37.0,-33.6,-59.0
2016-09-03,24,12.032,12.561,4.573,4.873,18.622,99.0,4.458,5.667,36.0,-38.8,-51.0
2016-09-04,24,12.003,10.266,5.724,4.983,22.427,97.4,3.875,4.333,25.0,-31.5,-44.0
2016-09-05,24,13.007,12.74,5.771,4.868,21.243,93.8,3.042,4.667,17.0,-27.7,-37.0
2016-09-06,24,13.619,12.032,6.672,5.505,24.076,92.4,2.792,3.667,13.0,-22.8,-38.0
2016-09-07,24,13.538,13.0,6.039,5.65,22.525,93.0,2.416,3.333,12.0,-18.2,-24.0
2016-09-08,24,15.7,16.12,7.13,6.099,25.355,94.5,2.542,3.667,12.0,-23.5,-34.0
2016-09-09,24,14.558,15.1,4.346,7.658,21.018,91.0,0.833,2.0,3.0,-10.0,-15.0
2016-09-10,24,14.773,14.3,6.013,6.841,23.809,93.0,0.792,1.667,3.0,-10.0,-17.0
2016-09-11,24,15.454,14.051,6.867,6.477,26.92,86.4,0.75,1.0,3.0,-8.3,-12.0
2016-09-12,24,15.095,14.482,6.335,7.534,25.598,86.5,1.125,2.0,4.0,3.6,-1.0
2016-09-13,24,14.253,14.102,5.894,6.719,22.514,86.0,1.0,1.667,4.0,-6.6,-20.0
2016-09-14,24,15.413,14.048,7.817,5.967,28.666,85.2,1.875,3.0,8.0,-7.3,-22.0
2016-09-15,24,14.197,14.251,5.76,6.678,22.083,84.4,1.375,2.667,6.0,-15.4,-34.0
2016-09-16,24,13.648,13.316,6.104,5.727,22.237,83.7,0.5,1.667,2.0,0.2,-5.0
2016-09-17,24,13.471,12.763,6.085,6.377,22.527,80.3,0.625,1.333,3.0,8.2,-2.0
2016-09-18,24,15.092,13.857,7.54,6.407,27.265,83.0,1.625,2.333,6.0,-3.4,-18.0
2016-09-19,24,17.689,15.074,9.286,7.266,35.839,82.6,2.0,3.0,8.0,-4.1,-37.0
2016-09-20,24,16.773,13.981,8.09,7.443,30.87,84.5,3.167,4.333,18.0,-16.8,-31.0
2016-09-21,24,16.342,12.979,10.706,5.099,36.489,85.5,1.75,4.0,8.0,-6.4,-15.0
2016-09-22,24,13.211,13.062,6.415,5.621,23.406,85.1,0.75,2.0,3.0,-2.5,-9.0
2016-09-23,24,13.883,12.403,7.549,5.695,26.952,85.5,0.667,1.333,3.0,5.7,-1.0
2016-09-24,24,13.854,13.21,6.53,6.172,24.003,84.9,0.917,2.333,4.0,5.2,-11.0
2016-09-25,24,16.169,12.463,9.445,6.127,34.359,84.6,3.417,4.333,22.0,-17.1,-34.0
2016-09-26,24,15.226,14.108,7.719,5.819,32.254,86.8,3.417,4.333,20.0,-26.8,-41.0
2016-09-27,24,12.799,12.346,5.599,5.879,22.0,85.6,4.292,5.667,35.0,-31.7,-48.0
2016-09-28,24,14.714,14.48,7.109,4.926,24.94,84.4,4.417,5.667,36.0,-34.6,-51.0
2016-09-29,24,13.531,11.295,6.303,6.1,24.015,82.7,4.375,5.333,36.0,-44.6,-65.0
2016-09-30,24,11.864,11.195,5.659,4.77,20.073,80.6,3.333,5.0,20.0,-31.0,-41.0
2016-10-01,24,12.535,11.438,7.3,4.474,26.184,81.0,3.125,4.333,17.0,-31.2,-42.0
2016-10-02,24,12.304,9.701,7.064,4.928,25.045,82.3,3.042,4.333,16.0,-25.2,-31.0
2016-10-03,24,12.776,11.143,6.006,5.441,22.609,87.8,2.667,3.667,13.0,-22.9,-33.0
2016-10-04,24,13.65,12.852,6.947,5.446,26.052,93.1,3.542,5.0,23.0,-34.3,-50.0
2016-10-05,24,13.454,12.614,5.507,6.919,22.489,99.3,2.5,3.333,11.0,-24.5,-37.0
2016-10-06,24,13.876,12.306,7.445,5.353,27.456,101.5,1.292,2.333,5.0,-13.9,-21.0
2016-10-07,24,14.163,11.94,7.744,5.783,26.859,104.2,1.334,2.667,5.0,-16.9,-25.0
2016-10-08,24,15.517,13.56,7.744,6.513,28.407,104.3,1.792,3.333,7.0,-17.2,-22.0
2016-10-09,24,15.807,14.385,7.149,7.618,28.951,104.5,1.25,2.0,5.0,-13.9,-22.0
2016-10-10,24,17.011,13.731,9.787,7.213,36.061,102.0,2.083,3.333,10.0,-15.7,-25.0
2016-10-11,24,15.314,12.281,8.008,6.663,29.967,99.2,0.375,1.0,2.0,-6.0,-13.0
2016-10-12,24,15.47,13.302,8.311,7.144,32.728,97.6,1.0,3.0,5.0,-4.1,-13.0
2016-10-13,24,23.674,21.016,15.004,6.585,47.619,95.3,4.583,6.333,46.0,-52.6,-110.0
2016-10-14,24,12.154,12.963,2.879,5.954,16.377,92.8,2.834,5.667,22.0,-51.6,-102.0
2016-10-15,24,12.952,9.903,8.492,4.144,26.999,84.9,2.333,3.0,10.0,-20.6,-27.0
2016-10-16,24,13.38,11.557,6.286,5.881,23.376,80.9,2.958,5.0,17.0,-18.8,-27.0
2016-10-17,24,14.452,10.735,8.525,5.368,29.524,76.2,3.458,4.0,20.0,-20.6,-33.0
2016-10-18,24,12.898,9.843,6.665,5.688,25.597,77.4,2.083,3.0,9.0,-21.3,-27.0
2016-10-19,24,12.785,9.81,6.332,6.451,23.966,76.5,1.417,2.667,6.0,-14.1,-18.0
2016-10-20,24,12.773,10.562,6.919,5.563,26.315,74.7,0.458,1.333,2.0,-5.3,-15.0
2016-10-21,24,11.757,9.664,4.93,6.424,20.082,77.8,0.167,0.667,1.0,-0.7,-7.0
2016-10-22,24,11.908,10.111,5.464,6.254,22.493,77.5,1.208,2.333,5.0,1.7,-8.0
2016-10-23,24,13.151,12.089,4.943,7.541,20.7,76.9,2.0,3.0,8.0,-5.9,-17.0
2016-10-24,24,14.839,12.704,6.616,7.64,25.627,75.3,3.042,3.667,16.0,-27.8,-39.0
2016-10-25,24,14.405,11.095,6.5,7.586,24.576,77.8,5.125,6.333,57.0,-45.1,-65.0
2016-10-26,24,11.73,11.301,4.235,6.095,17.473,78.0,4.75,5.667,44.0,-46.8,-57.0
2016-10-27,24,10.364,8.397,5.9,4.25,23.035,78.9,3.875,4.667,26.0,-43.4,-54.0
2016-10-28,24,10.577,8.687,5.208,4.538,20.151,79.2,3.083,4.333,16.0,-37.0,-47.0
2016-10-29,24,12.512,9.296,7.244,4.479,24.626,79.1,3.667,5.333,27.0,-48.7,-70.0
2016-10-30,24,10.896,7.415,6.145,5.111,23.098,76.2,3.083,4.0,16.0,-38.0,-47.0
2016-10-31,24,10.961,7.973,7.049,3.337,23.934,76.7,2.0,3.0,8.0,-28.1,-36.0
2016-11-01,24,11.882,8.738,8.025,4.127,26.581,76.5,2.417,3.667,10.0,-22.9,-34.0
2016-11-02,24,11.191,9.657,4.706,5.667,17.596,76.0,2.667,4.333,14.0,-24.3,-39.0
2016-11-03,24,12.377,9.992,6.085,5.714,24.144,75.6,3.084,4.0,16.0,-33.6,-49.0
2016-11-04,24,11.742,8.689,5.672,5.83,21.787,76.7,0.917,2.667,4.0,-17.5,-28.0
2016-11-05,24,11.412,8.185,5.456,6.037,20.948,76.7,0.375,0.667,2.0,-10.4,-16.0
2016-11-06,24,11.678,9.161,6.217,5.199,24.408,76.2,1.083,2.0,4.0,-7.4,-12.0
2016-11-07,24,10.591,9.466,3.947,6.008,17.088,76.5,0.75,2.0,3.0,-2.6,-11.0
2016-11-08,24,10.607,9.108,3.926,5.913,16.611,76.9,0.417,1.0,2.0,-2.8,-6.0
2016-11-09,24,11.922,10.096,4.739,6.386,22.196,79.9,1.5,2.667,6.0,1.0,-9.0
2016-11-10,24,13.212,13.436,5.802,7.0,24.494,80.2,2.708,4.667,14.0,-23.7,-60.0
2016-11-11,24,11.45,10.278,4.406,5.436,19.355,78.4,2.375,4.333,11.0,-21.7,-46.0
2016-11-12,24,12.361,9.219,5.899,5.437,22.028,78.4,3.25,4.0,18.0,-14.2,-26.0
2016-11-13,24,11.132,8.773,5.419,4.677,19.695,77.8,3.542,4.667,21.0,-19.3,-26.0
2016-11-14,24,10.091,7.913,4.293,4.733,17.614,77.3,2.333,3.0,10.0,-13.6,-20.0
2016-11-15,24,11.153,8.008,5.419,5.956,22.052,76.5,1.666,3.333,7.0,-12.5,-21.0
2016-11-16,24,10.059,8.476,3.38,6.341,15.688,80.9,0.917,1.667,4.0,-3.8,-10.0
2016-11-17,24,11.087,8.935,4.036,6.88,19.014,78.6,0.625,1.333,3.0,-5.0,-10.0
2016-11-18,24,10.757,8.767,4.115,6.534,19.18,77.6,0.5,2.0,2.0,-3.4,-9.0
2016-11-19,24,10.79,9.693,3.384,6.77,17.333,76.8,0.25,0.667,1.0,4.8,0.0
2016-11-20,24,11.111,9.728,3.733,7.202,18.689,76.4,0.5,1.0,2.0,7.3,-1.0
2016-11-21,24,10.464,9.438,3.054,6.841,15.42,75.0,1.333,2.333,5.0,1.3,-8.0
2016-11-22,24,11.04,10.281,3.056,7.308,16.494,77.3,2.167,4.333,11.0,-2.3,-12.0
2016-11-23,24,10.583,9.2,3.539,6.584,16.067,77.7,2.25,4.0,11.0,-17.0,-29.0
2016-11-24,24,10.579,7.946,5.209,5.662,20.701,79.0,3.417,4.667,20.0,-23.5,-38.0
2016-11-25,24,9.959,8.137,3.64,5.324,16.153,80.9,3.958,5.333,30.0,-31.3,-45.0
2016-11-26,24,9.378,8.742,3.351,5.354,15.53,81.2,2.5,3.0,11.0,-20.5,-31.0
2016-11-27,24,9.836,8.167,3.59,5.954,15.844,82.6,2.042,2.667,8.0,-16.2,-23.0
2016-11-28,24,9.7,8.53,3.344,5.636,15.317,85.2,1.875,2.667,7.0,-10.5,-16.0
2016-11-29,24,10.323,8.735,3.504,6.511,16.247,85.5,1.208,2.0,5.0,-9.5,-18.0
2016-11-30,24,10.683,9.215,3.577,6.704,17.365,83.6,0.625,1.333,3.0,-5.1,-9.0
2016-12-01,24,11.123,8.782,3.993,7.01,18.029,84.5,0.5,1.667,2.0,3.4,-7.0
2016-12-02,24,11.229,9.827,4.031,6.767,18.08,84.4,0.833,1.333,4.0,-1.6,-5.0
2016-12-03,24,10.528,8.52,4.062,6.572,18.049,84.7,0.333,1.0,2.0,1.7,-4.0
2016-12-04,24,10.194,8.53,3.299,6.873,15.56,82.4,0.167,0.667,1.0,9.9,2.0
2016-12-05,24,10.264,8.857,3.624,5.887,16.038,82.7,0.875,2.333,4.0,7.8,3.0
2016-12-06,24,10.636,8.253,3.78,7.08,18.645,79.8,1.583,3.333,7.0,4.7,-10.0
2016-12-07,24,10.51,10.268,3.346,5.652,16.748,77.2,2.084,3.0,9.0,-5.6,-15.0
2016-12-08,24,10.076,8.168,3.669,5.981,17.152,74.8,3.458,4.333,21.0,-12.1,-23.0
2016-12-09,24,9.546,8.975,3.948,3.731,16.999,72.9,3.625,4.667,24.0,-17.2,-39.0
2016-12-10,24,9.271,8.131,3.286,4.96,15.32,72.2,3.0,4.0,15.0,-21.0,-26.0
2016-12-11,24,8.777,7.357,3.213,5.14,14.799,71.4,2.792,4.333,14.0,-10.2,-18.0
2016-12-12,24,8.807,8.035,3.344,5.049,15.894,70.8,1.25,2.333,5.0,-4.9,-14.0
2016-12-13,24,8.877,6.896,3.508,5.141,16.899,71.2,0.875,1.667,4.0,-4.6,-10.0
2016-12-14,24,8.919,7.762,2.886,5.527,13.831,72.4,0.875,1.333,4.0,-2.2,-8.0
2016-12-15,24,9.255,7.771,3.462,5.79,16.241,72.5,0.417,1.0,2.0,-1.1,-6.0
2016-12-16,24,9.892,8.483,4.097,5.57,18.65,72.6,0.292,1.0,1.0,3.2,-1.0
2016-12-17,24,10.332,9.488,4.046,6.21,18.988,72.1,1.125,3.333,5.0,6.3,-1.0
2016-12-18,24,10.006,7.894,3.965,5.762,16.1,72.3,1.875,3.0,8.0,-8.2,-20.0
2016-12-19,24,9.659,8.581,3.337,6.094,16.567,72.8,1.208,2.0,5.0,-7.8,-16.0
2016-12-20,24,9.316,8.528,3.611,5.588,17.303,74.9,1.333,2.667,5.0,-3.7,-11.0
2016-12-21,24,9.398,9.325,3.152,5.554,14.78,75.0,3.208,6.0,23.0,-13.8,-39.0
2016-12-22,24,9.246,8.244,3.398,5.155,15.971,74.8,3.5,4.667,22.0,-28.2,-38.0
2016-12-23,24,8.36,7.197,3.632,4.473,15.975,73.7,3.375,4.0,19.0,-24.4,-39.0
2016-12-24,24,8.289,7.924,2.97,4.573,13.314,73.1,2.625,3.333,12.0,-19.5,-29.0
2016-12-25,24,8.931,7.534,4.38,4.051,17.61,72.5,3.375,4.0,20.0,-16.8,-28.0
2016-12-26,24,8.535,7.547,3.321,4.937,15.24,73.8,3.458,4.667,20.0,-22.2,-29.0
2016-12-27,24,8.464,7.303,3.227,4.441,14.135,73.7,2.417,3.667,11.0,-16.0,-20.0
2016-12-28,24,8.666,8.0,2.544,5.416,12.945,73.3,1.25,2.0,5.0,-10.2,-15.0
2016-12-29,24,8.832,8.01,3.167,5.103,14.276,73.4,1.042,2.0,4.0,-10.2,-19.0
2016-12-30,24,8.831,7.632,2.73,5.908,13.513,73.6,0.542,1.333,2.0,-3.7,-10.0
2016-12-31,24,9.55,8.317,3.434,5.813,16.246,73.5,2.542,3.333,12.0,-7.6,-28.0
2017-01-01,24,9.988,8.134,3.447,6.538,16.586,72.5,2.625,3.667,12.0,-14.9,-31.0
2017-01-02,24,9.506,8.596,2.568,6.714,14.247,73.0,1.5,2.333,6.0,-14.0,-27.0
2017-01-03,24,9.705,7.707,3.779,6.116,17.484,73.4,2.334,3.667,11.0,-10.6,-25.0
2017-01-04,24,9.29,7.936,3.179,5.983,15.641,72.4,2.208,3.667,10.0,-7.4,-27.0
2017-01-05,24,8.453,7.083,3.21,4.779,13.941,73.3,3.125,4.0,17.0,-11.4,-32.0
2017-01-06,24,7.991,7.203,3.534,3.866,14.195,72.0,2.917,3.667,14.0,-17.7,-29.0
2017-01-07,24,8.148,7.435,2.999,4.56,13.721,72.0,3.417,4.333,20.0,-15.2,-24.0
2017-01-08,24,8.25,7.749,3.155,4.35,13.875,71.5,3.083,4.0,16.0,-17.8,-30.0
2017-01-09,24,8.615,7.644,2.675,5.325,12.885,71.2,2.458,3.333,11.0,-17.1,-28.0
2017-01-10,24,8.598,7.963,2.695,5.697,13.302,72.7,2.125,3.667,10.0,-14.8,-23.0
2017-01-11,24,8.497,7.86,3.142,4.76,13.092,74.5,1.792,2.667,7.0,-11.4,-19.0
2017-01-12,24,8.223,7.341,3.279,4.976,15.289,75.5,0.958,2.333,4.0,-4.7,-10.0
2017-01-13,24,8.217,7.353,2.77,5.257,12.842,74.9,0.875,1.667,4.0,-0.5,-6.0
2017-01-14,24,8.397,6.99,3.053,5.373,14.699,76.6,0.917,1.667,4.0,1.0,-7.0
2017-01-15,24,9.466,8.573,3.366,5.361,16.642,77.5,1.167,2.0,4.0,3.4,-5.0
2017-01-16,24,9.392,8.417,2.299,6.939,13.283,78.3,0.292,0.667,2.0,5.8,1.0
2017-01-17,24,8.787,7.373,3.704,5.245,16.073,78.6,0.625,2.0,3.0,3.6,-4.0
2017-01-18,24,10.551,9.335,3.831,5.888,16.95,78.6,2.75,3.667,14.0,-3.0,-23.0
2017-01-19,24,9.904,8.683,4.009,5.82,18.455,79.5,2.208,3.333,10.0,-17.0,-32.0
2017-01-20,24,9.207,7.455,3.673,5.378,15.545,83.2,2.25,3.333,10.0,-11.3,-16.0
2017-01-21,24,9.074,7.756,3.578,5.195,15.209,86.1,2.25,3.333,10.0,-9.6,-18.0
2017-01-22,24,9.347,7.104,4.724,4.823,18.346,86.8,2.208,3.333,9.0,-12.8,-28.0
2017-01-23,24,8.959,7.523,3.01,5.661,14.17,84.1,1.0,2.0,4.0,-7.2,-16.0
2017-01-24,24,8.933,7.58,3.011,5.543,14.657,82.3,0.583,2.0,2.0,-7.3,-15.0
2017-01-25,24,9.454,9.165,3.85,5.089,17.105,85.1,1.083,3.0,5.0,-2.0,-9.0
2017-01-26,24,9.852,8.92,3.203,5.995,16.243,83.1,2.125,3.667,11.0,-2.2,-25.0
2017-01-27,24,10.218,8.473,3.655,6.147,16.733,80.3,3.292,4.333,20.0,-15.8,-27.0
2017-01-28,24,9.355,7.367,4.213,4.925,19.03,78.5,1.958,3.333,9.0,-9.2,-12.0
2017-01-29,24,9.499,7.288,4.166,4.939,17.935,76.6,1.667,2.667,6.0,-7.4,-13.0
2017-01-30,24,9.325,8.87,2.956,5.481,13.788,77.0,1.458,2.667,6.0,1.9,-6.0
2017-01-31,24,12.044,12.87,4.313,6.454,20.112,76.0,3.583,4.667,22.0,-8.4,-29.0
2017-02-01,24,10.672,8.16,5.921,4.758,25.607,76.0,3.916,5.0,28.0,-21.8,-42.0
2017-02-02,24,9.615,8.466,4.807,4.186,18.33,75.3,3.542,4.333,21.0,-21.1,-27.0
2017-02-03,24,9.317,7.915,4.925,4.003,22.26,75.1,3.25,4.333,18.0,-23.4,-34.0
2017-02-04,24,9.395,8.473,4.101,4.741,16.649,74.0,2.333,3.333,10.0,-17.6,-24.0
2017-02-05,24,9.942,8.173,4.7,4.713,19.093,72.6,2.917,3.667,15.0,-17.3,-27.0
2017-02-06,24,10.153,9.204,3.427,6.399,16.158,72.5,2.625,3.667,12.0,-14.8,-23.0
2017-02-07,24,9.658,9.305,3.197,5.367,14.572,72.1,1.833,2.667,7.0,-14.3,-22.0
2017-02-08,24,9.093,8.262,3.278,4.965,15.138,73.1,1.042,1.667,4.0,-3.3,-7.0
2017-02-09,24,10.008,9.511,3.82,5.449,16.512,73.4,1.708,2.333,6.0,-2.2,-15.0
2017-02-10,24,10.594,9.773,3.724,6.465,17.389,74.0,1.833,2.333,7.0,-7.5,-14.0
2017-02-11,24,10.466,8.648,4.628,5.207,19.027,75.7,0.792,2.667,4.0,-7.1,-14.0
2017-02-12,24,10.645,9.459,3.918,6.199,17.616,76.2,0.625,1.667,3.0,2.3,-3.0
2017-02-13,24,10.682,9.043,4.035,6.347,17.634,74.8,1.25,2.333,5.0,-0.7,-7.0
2017-02-14,24,10.476,9.149,3.483,6.787,16.118,74.5,0.208,0.667,1.0,5.2,-2.0
2017-02-15,24,10.999,9.82,4.878,5.425,19.513,74.8,0.584,1.333,2.0,2.0,-3.0
2017-02-16,24,12.548,12.026,4.345,7.548,19.442,74.0,1.958,3.333,8.0,1.2,-10.0
2017-02-17,24,13.152,13.616,4.884,6.839,23.937,74.6,3.25,4.333,19.0,-14.5,-27.0
2017-02-18,24,12.241,10.432,4.427,6.591,20.654,76.6,2.792,4.333,16.0,-15.1,-27.0
2017-02-19,24,11.391,11.271,3.942,6.223,17.764,78.1,2.125,3.333,10.0,-12.8,-19.0
2017-02-20,24,11.617,11.121,4.467,6.001,18.754,80.7,2.0,3.333,9.0,-10.8,-19.0
2017-02-21,24,12.543,12.073,3.807,7.78,18.373,82.5,1.0,2.0,4.0,0.2,-6.0
2017-02-22,24,12.663,11.841,5.169,6.348,21.498,83.2,2.042,3.667,9.0,-9.3,-19.0
2017-02-23,24,13.564,14.353,4.61,7.616,20.594,83.3,2.333,3.333,10.0,-1.2,-14.0
2017-02-24,24,13.575,12.529,5.297,7.792,24.136,82.1,3.167,4.667,18.0,-13.7,-23.0
2017-02-25,24,12.207,10.04,4.896,6.383,21.615,80.0,1.417,2.667,6.0,-11.6,-18.0
2017-02-26,24,12.907,9.986,6.654,5.595,25.6,79.0,0.333,1.0,2.0,-4.2,-14.0
2017-02-27,24,13.543,11.172,6.848,6.295,29.372,82.2,1.583,3.0,7.0,-4.4,-13.0
2017-02-28,24,13.484,10.467,6.473,6.775,27.264,81.6,1.875,2.667,8.0,-13.2,-20.0
2017-03-01,24,16.177,12.953,9.908,6.295,39.461,80.8,4.25,5.667,35.0,-18.1,-62.0
2017-03-02,24,10.887,9.648,5.212,4.307,20.295,79.1,4.125,5.333,32.0,-39.5,-54.0
2017-03-03,24,11.65,9.789,6.573,3.977,24.101,78.0,3.125,4.0,18.0,-32.4,-46.0
2017-03-04,24,11.483,9.94,5.342,5.612,21.707,75.2,3.375,4.333,20.0,-28.8,-39.0
2017-03-05,24,11.406,10.527,4.567,6.087,20.125,72.8,3.167,4.333,18.0,-23.1,-30.0
2017-03-06,24,11.431,9.779,5.171,5.627,20.375,72.4,3.5,5.0,23.0,-27.1,-36.0
2017-03-07,24,11.09,10.005,5.321,4.266,19.385,71.7,2.917,3.333,14.0,-24.8,-32.0
2017-03-08,24,10.693,9.309,4.41,4.839,17.748,70.6,2.334,3.667,12.0,-19.5,-28.0
2017-03-09,24,11.556,10.532,4.834,5.221,18.95,71.2,2.75,3.667,13.0,-24.5,-36.0
2017-03-10,24,11.729,11.008,4.421,6.714,20.428,71.0,2.125,3.333,10.0,-22.4,-30.0
2017-03-11,24,11.423,10.927,4.154,6.374,18.945,70.0,1.083,3.667,5.0,-17.0,-24.0
2017-03-12,24,11.452,9.885,4.609,6.014,19.11,70.1,1.667,3.667,8.0,-20.9,-25.0
2017-03-13,24,10.895,10.049,5.171,4.854,20.746,70.3,0.5,1.333,2.0,-6.0,-15.0
2017-03-14,24,11.065,9.789,5.048,5.506,19.914,69.6,1.0,1.667,4.0,-7.8,-11.0
2017-03-15,24,12.258,11.228,5.609,6.081,21.045,69.8,1.417,3.0,6.0,0.4,-8.0
2017-03-16,24,10.913,9.961,4.476,5.873,17.776,70.5,1.083,2.667,4.0,-9.8,-19.0
2017-03-17,24,11.58,10.454,5.633,5.494,21.472,70.5,0.583,1.333,2.0,-1.1,-6.0
2017-03-18,24,11.49,10.142,5.545,5.494,21.227,70.2,0.375,1.0,2.0,0.5,-5.0
2017-03-19,24,11.756,10.387,5.442,5.596,20.651,71.2,0.333,0.667,2.0,2.3,-2.0
2017-03-20,24,12.537,11.332,5.881,6.187,22.177,72.7,0.25,0.667,1.0,0.8,-5.0
2017-03-21,24,15.523,14.935,6.801,7.124,27.556,71.0,3.458,5.333,24.0,-1.3,-24.0
2017-03-22,24,12.644,12.402,4.627,6.691,22.247,72.5,3.75,4.333,24.0,-18.4,-32.0
2017-03-23,24,10.167,10.442,3.761,5.256,15.276,72.0,1.917,4.0,9.0,-14.0,-38.0
2017-03-24,24,10.675,9.867,4.567,5.542,17.461,72.3,1.333,2.333,5.0,-3.1,-10.0
2017-03-25,24,10.762,10.831,4.529,5.083,17.514,74.0,0.667,1.333,3.0,-5.4,-12.0
2017-03-26,24,11.199,10.814,4.687,5.103,17.696,77.2,0.75,1.667,3.0,-0.2,-12.0
2017-03-27,24,17.188,15.338,8.915,6.723,33.229,82.8,4.708,6.333,46.0,-34.9,-71.0
2017-03-28,24,13.011,12.293,4.542,6.531,21.143,83.7,3.792,5.333,27.0,-36.8,-60.0
2017-03-29,24,14.04,13.926,7.437,5.343,23.955,83.3,3.375,4.333,20.0,-33.2,-41.0
2017-03-30,24,13.35,9.604,8.834,4.027,29.937,85.9,3.292,4.333,19.0,-27.9,-42.0
2017-03-31,24,11.906,9.034,6.46,4.93,24.815,90.6,3.958,4.667,27.0,-32.5,-51.0
2017-04-01,24,11.824,9.171,6.896,4.05,21.779,101.0,2.958,4.333,15.0,-28.7,-37.0
2017-04-02,24,11.675,10.007,6.092,4.925,22.327,112.0,1.792,3.0,7.0,-22.1,-33.0
2017-04-03,24,12.883,10.004,7.612,5.064,25.684,107.9,0.958,2.0,4.0,-15.1,-24.0
2017-04-04,24,13.258,13.139,6.109,5.498,23.499,93.8,2.958,4.667,19.0,-32.3,-66.0
2017-04-05,24,13.135,11.121,6.627,6.004,23.396,84.6,1.916,3.333,8.0,-9.2,-19.0
2017-04-06,24,12.827,11.489,7.32,4.953,27.798,75.7,1.542,3.0,6.0,-15.6,-25.0
2017-04-07,24,11.857,11.151,5.601,5.036,20.71,73.9,2.0,3.333,9.0,-13.0,-26.0
2017-04-08,24,12.659,9.855,6.685,5.091,23.369,73.1,2.917,4.333,15.0,-16.2,-31.0
2017-04-09,24,12.996,12.202,7.043,4.555,24.637,74.4,2.583,4.667,15.0,-24.4,-38.0
2017-04-10,24,11.962,10.019,6.068,5.269,20.659,73.6,1.125,2.333,4.0,-0.9,-12.0
2017-04-11,24,14.732,13.31,9.401,4.26,32.705,74.6,2.292,3.667,10.0,-10.2,-25.0
2017-04-12,24,13.277,11.528,7.836,4.989,26.827,71.4,1.042,3.0,5.0,-12.0,-16.0
2017-04-13,24,13.02,10.801,7.024,5.112,23.994,73.5,0.917,2.333,4.0,-6.0,-13.0
2017-04-14,24,16.117,12.689,10.216,5.642,35.558,72.9,2.542,3.333,11.0,-23.2,-31.0
2017-04-15,24,12.453,11.032,5.44,5.542,20.911,73.0,1.292,3.333,6.0,-15.5,-26.0
2017-04-16,24,13.187,11.004,6.919,5.634,25.962,74.5,0.792,1.333,3.0,-9.1,-17.0
2017-04-17,24,14.169,11.213,7.962,5.1,27.031,75.2,0.792,1.333,3.0,-5.1,-9.0
2017-04-18,24,14.004,12.087,7.137,5.788,26.228,85.6,1.333,3.0,6.0,5.8,-2.0
2017-04-19,24,15.666,16.48,6.28,7.052,24.088,80.9,2.583,4.333,14.0,-11.5,-43.0
2017-04-20,24,14.996,14.028,5.749,8.049,27.813,80.7,3.792,5.667,28.0,-32.8,-54.0
2017-04-21,24,15.583,15.652,6.476,7.239,26.435,82.2,2.333,5.0,17.0,-18.1,-44.0
2017-04-22,24,15.308,15.172,6.51,6.318,24.78,83.6,4.917,5.667,47.0,-47.5,-64.0
2017-04-23,24,14.731,14.171,7.572,4.825,28.286,82.5,4.458,5.333,36.0,-43.9,-61.0
2017-04-24,24,14.276,12.37,7.104,4.772,24.059,80.2,3.333,4.0,19.0,-40.6,-54.0
2017-04-25,24,12.718,10.565,4.892,6.675,19.843,81.3,2.375,3.0,10.0,-33.9,-46.0
2017-04-26,24,14.013,11.869,6.702,5.637,23.524,79.6,2.042,2.667,8.0,-27.4,-38.0
2017-04-27,24,14.754,13.411,6.972,5.829,25.921,78.2,1.542,2.333,6.0,-25.9,-36.0
2017-04-28,24,14.127,12.935,7.05,5.579,25.422,78.0,1.292,2.333,5.0,-22.4,-31.0
2017-04-29,24,13.934,12.158,7.93,5.006,29.66,77.0,1.458,2.0,5.0,-18.0,-25.0
2017-04-30,24,13.119,11.924,6.393,5.049,22.934,77.4,1.292,2.0,5.0,-11.0,-20.0
2017-05-01,24,12.491,11.039,5.74,5.643,21.348,75.3,1.125,2.333,4.0,-2.0,-12.0
2017-05-02,24,12.741,11.814,6.252,5.987,24.335,77.2,0.917,2.0,4.0,-1.0,-8.0
2017-05-03,24,12.484,10.286,6.599,5.083,23.272,74.9,0.667,1.333,3.0,0.2,-5.0
2017-05-04,24,13.004,10.527,7.08,5.394,27.747,74.2,1.167,3.333,5.0,3.8,-2.0
2017-05-05,24,12.983,11.156,6.559,4.743,22.862,73.5,0.875,3.0,4.0,1.3,-4.0
2017-05-06,24,14.113,11.031,8.476,5.223,29.494,72.8,1.042,1.667,4.0,8.1,2.0
2017-05-07,24,13.209,11.93,5.98,5.581,21.978,71.7,1.917,3.0,8.0,-4.7,-14.0
2017-05-08,24,13.422,14.574,5.279,5.888,21.053,70.5,1.333,2.333,5.0,-2.7,-12.0
2017-05-09,24,13.868,12.389,6.441,5.887,24.082,68.9,1.333,2.0,5.0,4.1,-6.0
2017-05-10,24,13.055,10.591,5.973,6.127,24.238,68.6,1.25,2.667,5.0,4.2,0.0
2017-05-11,24,13.651,11.659,6.61,5.546,25.491,69.1,1.375,2.667,6.0,8.6,-4.0
2017-05-12,24,13.671,11.97,6.038,6.088,24.953,68.9,1.708,2.667,7.0,3.3,-6.0
2017-05-13,24,12.684,13.157,5.464,5.53,21.737,70.4,0.875,1.333,4.0,5.8,-3.0
2017-05-14,24,13.47,13.643,6.167,5.036,23.551,71.2,2.083,3.0,8.0,12.7,0.0
2017-05-15,24,15.14,14.205,6.627,5.821,26.468,70.6,2.375,3.667,12.0,9.5,-5.0
2017-05-16,24,13.655,12.358,5.025,6.624,23.86,71.9,1.875,3.0,8.0,-2.8,-12.0
2017-05-17,24,15.662,15.977,6.474,6.875,26.285,71.4,1.792,2.333,6.0,-5.8,-17.0
2017-05-18,24,14.191,15.123,4.966,6.762,21.928,72.2,1.917,3.667,9.0,-9.5,-35.0
2017-05-19,24,15.709,14.462,7.096,6.48,27.185,72.3,2.583,3.667,12.0,-3.4,-26.0
2017-05-20,24,14.363,13.336,4.472,7.37,21.611,72.4,3.625,4.333,22.0,-28.6,-44.0
2017-05-21,24,13.631,13.071,5.889,5.399,22.827,73.5,1.958,2.667,8.0,-22.5,-32.0
2017-05-22,24,16.068,12.813,7.941,6.509,30.231,74.4,2.208,3.0,9.0,-18.7,-23.0
2017-05-23,24,13.037,12.647,5.627,5.627,23.997,76.0,1.792,3.0,8.0,-17.1,-25.0
2017-05-24,24,13.541,12.292,6.904,5.017,24.279,77.9,0.708,1.333,3.0,-12.2,-17.0
2017-05-25,24,12.926,14.108,5.265,5.413,20.998,76.1,0.542,1.0,2.0,-6.5,-12.0
2017-05-26,24,13.938,14.163,6.055,5.455,21.536,80.2,0.458,1.0,2.0,-1.3,-12.0
2017-05-27,24,14.536,13.887,5.711,6.669,23.696,81.9,1.708,5.667,13.0,7.1,-28.0
2017-05-28,24,11.879,12.715,3.383,6.388,16.82,78.8,3.875,7.0,47.0,-81.8,-146.0
2017-05-29,24,16.939,14.176,8.947,6.28,33.595,75.8,1.667,4.0,9.0,-25.8,-42.0
2017-05-30,24,15.226,14.737,5.5,7.063,24.237,73.7,1.125,3.333,5.0,-22.8,-30.0
2017-05-31,24,14.529,13.522,5.792,6.629,24.608,74.1,0.833,1.667,3.0,-11.4,-21.0
2017-06-01,24,15.448,15.508,7.088,5.26,25.927,75.7,1.375,2.667,6.0,7.8,-2.0
2017-06-02,24,14.724,13.301,5.196,7.614,24.624,78.2,1.042,1.667,4.0,-3.3,-11.0
2017-06-03,24,14.952,13.476,7.897,6.259,30.152,77.9,1.75,3.667,8.0,-2.5,-18.0
2017-06-04,24,14.027,13.637,6.162,5.562,22.555,77.7,0.375,0.667,2.0,-7.8,-15.0
2017-06-05,24,14.866,16.244,5.022,6.795,21.342,79.4,1.167,2.667,5.0,3.2,-1.0
2017-06-06,24,15.307,16.581,5.297,7.42,24.452,75.4,1.042,2.0,4.0,0.6,-12.0
2017-06-07,24,14.308,13.877,5.749,6.236,22.409,75.5,1.042,1.667,4.0,4.0,-5.0
2017-06-08,24,14.268,14.224,5.37,6.824,22.017,74.0,0.708,1.333,3.0,3.9,0.0
2017-06-09,24,13.94,14.356,5.651,5.642,22.722,73.7,0.75,2.333,3.0,5.0,-4.0
2017-06-10,24,14.087,14.777,6.163,5.615,24.392,74.7,0.667,1.333,3.0,8.7,1.0
2017-06-11,24,15.503,15.273,7.936,5.777,28.695,74.3,2.542,5.0,15.0,5.6,-10.0
2017-06-12,24,13.909,13.185,6.219,6.018,24.434,75.2,1.666,2.333,6.0,-2.8,-8.0
2017-06-13,24,14.778,14.216,5.621,7.235,23.511,74.9,1.542,2.667,6.0,-0.8,-7.0
2017-06-14,24,13.841,14.149,4.71,6.802,20.995,74.1,1.25,2.333,5.0,-3.0,-7.0
2017-06-15,24,13.931,14.742,4.36,6.509,20.135,77.4,0.792,1.667,3.0,6.6,-3.0
2017-06-16,24,16.871,16.381,7.094,7.356,29.743,73.5,3.417,5.0,23.0,2.3,-27.0
2017-06-17,24,13.201,12.947,2.892,8.074,18.577,74.8,2.75,4.0,14.0,-12.5,-27.0
2017-06-18,24,13.686,13.664,4.759,6.458,20.377,74.9,2.333,3.333,10.0,-15.0,-27.0
2017-06-19,24,14.293,13.408,5.133,7.318,22.811,73.6,1.167,2.0,4.0,-13.3,-19.0
2017-06-20,24,13.661,12.648,5.242,6.861,21.961,74.4,0.417,1.0,2.0,-7.4,-12.0
2017-06-21,24,14.676,14.664,6.509,5.995,26.58,73.7,0.792,1.667,3.0,-7.5,-20.0
2017-06-22,24,13.826,14.495,4.978,6.462,21.793,73.7,1.042,2.333,4.0,-6.9,-21.0
2017-06-23,24,13.338,13.737,5.496,5.383,20.889,73.7,1.083,2.333,4.0,11.8,4.0
2017-06-24,24,15.457,14.609,6.069,6.867,26.249,74.1,2.083,2.667,8.0,-4.7,-13.0
2017-06-25,24,14.991,14.291,5.884,6.834,24.087,73.7,2.208,3.333,9.0,-7.1,-31.0
2017-06-26,24,13.139,13.689,5.865,4.987,22.891,73.7,1.667,2.333,6.0,-4.3,-11.0
2017-06-27,24,12.443,12.705,5.359,5.379,20.692,74.1,1.042,1.667,4.0,-3.4,-12.0
2017-06-28,24,13.244,12.145,6.664,5.09,23.406,72.1,0.833,1.667,3.0,1.6,-5.0
2017-06-29,24,12.412,11.917,5.943,4.843,20.732,71.8,1.042,2.0,4.0,0.7,-5.0
2017-06-30,24,11.996,12.462,5.152,4.959,20.43,71.5,0.708,1.667,3.0,6.5,-1.0
2017-07-01,24,14.139,15.684,6.45,5.355,24.839,70.7,2.542,3.333,12.0,2.8,-13.0
2017-07-02,24,15.619,15.109,7.431,6.263,27.36,71.2,3.083,4.333,17.0,-6.8,-23.0
2017-07-03,24,13.212,12.344,5.919,5.895,24.925,71.7,1.292,2.0,5.0,-0.1,-7.0
2017-07-04,24,13.206,11.283,7.008,5.222,26.322,71.8,0.875,1.667,4.0,-1.3,-8.0
2017-07-05,24,11.994,11.617,4.931,5.145,19.29,73.0,0.292,0.667,2.0,-1.8,-6.0
2017-07-06,24,13.739,13.688,6.176,5.309,23.301,75.9,1.417,3.0,6.0,4.2,-13.0
2017-07-07,24,12.302,12.016,4.661,5.575,19.59,79.5,1.0,2.0,4.0,-0.0,-11.0
2017-07-08,24,11.768,10.799,5.018,4.422,19.261,86.6,0.5,1.0,2.0,2.8,-3.0
2017-07-09,24,15.313,15.907,6.973,5.301,29.538,90.9,3.458,5.333,24.0,-7.2,-26.0
2017-07-10,24,12.518,12.132,3.398,7.063,17.914,95.1,1.708,3.667,8.0,-13.6,-33.0
2017-07-11,24,12.997,13.09,6.309,4.967,23.986,91.1,1.708,2.333,6.0,-6.8,-19.0
2017-07-12,24,12.653,12.042,5.887,4.874,21.802,90.2,0.834,1.333,4.0,-6.2,-16.0
2017-07-13,24,13.154,11.719,6.201,4.993,23.83,92.3,0.708,1.333,3.0,-2.5,-6.0
2017-07-14,24,12.705,14.055,4.955,5.503,19.029,93.9,0.416,0.667,2.0,5.4,-5.0
2017-07-15,24,12.321,13.892,4.907,4.715,18.427,91.6,0.667,1.0,3.0,6.6,0.0
2017-07-16,24,19.494,20.746,10.241,6.197,36.805,86.5,4.333,6.0,44.0,-22.9,-71.0
2017-07-17,24,12.8,11.955,4.573,6.972,20.838,85.6,3.583,5.667,26.0,-43.9,-69.0
2017-07-18,24,11.082,9.526,4.716,4.915,18.829,78.2,1.417,3.0,6.0,-31.4,-39.0
2017-07-19,24,11.896,10.249,6.162,4.268,23.738,73.1,0.667,1.333,3.0,-19.1,-29.0
2017-07-20,24,12.402,11.368,6.549,3.927,23.534,70.2,1.458,3.0,6.0,0.7,-10.0
2017-07-21,24,12.695,12.125,4.822,5.563,19.937,69.4,2.583,3.667,13.0,-16.5,-36.0
2017-07-22,24,13.698,13.846,5.887,5.239,23.015,69.5,2.833,4.333,15.0,-14.1,-30.0
2017-07-23,24,13.83,13.779,6.032,5.541,23.656,70.6,2.667,4.0,12.0,-20.4,-36.0
2017-07-24,24,13.694,14.834,4.955,5.649,21.394,70.1,2.375,3.333,10.0,-10.6,-23.0
2017-07-25,24,12.163,12.229,4.584,4.944,19.222,69.8,2.25,3.0,9.0,-10.7,-23.0
2017-07-26,24,11.13,10.357,4.05,5.01,16.502,68.6,2.0,4.0,10.0,-13.0,-23.0
2017-07-27,24,12.093,10.786,6.368,4.488,22.015,68.3,1.25,2.667,5.0,-12.6,-28.0
2017-07-28,24,10.327,10.193,4.927,3.899,19.019,69.5,1.667,2.667,7.0,-8.6,-15.0
2017-07-29,24,10.808,10.157,5.03,3.936,18.79,69.9,0.792,1.333,3.0,-10.9,-17.0
2017-07-30,24,12.489,12.228,5.728,4.675,21.519,69.5,0.667,1.0,3.0,-3.1,-12.0
2017-07-31,24,11.479,11.785,3.885,5.147,17.01,72.2,0.542,1.0,2.0,0.8,-5.0
2017-08-01,24,11.94,12.085,3.873,5.681,17.56,73.5,1.083,2.333,4.0,3.1,-3.0
2017-08-02,24,11.21,10.55,4.566,5.103,19.369,74.4,1.0,1.667,4.0,0.8,-7.0
2017-08-03,24,12.092,11.825,5.91,4.115,21.761,75.1,1.875,3.667,10.0,3.6,-3.0
2017-08-04,24,14.473,12.413,6.781,5.669,24.571,74.1,3.542,4.333,22.0,-7.5,-33.0
2017-08-05,24,14.542,14.134,7.164,5.782,27.882,74.1,2.958,3.667,15.0,-17.9,-30.0
2017-08-06,24,12.434,11.981,4.938,5.893,20.193,73.5,2.542,4.333,12.0,-14.6,-23.0
2017-08-07,24,12.357,12.41,5.765,4.562,21.906,72.7,1.167,2.0,4.0,-10.2,-17.0
2017-08-08,24,12.153,11.741,5.005,4.97,19.184,71.1,1.0,2.0,4.0,-4.2,-16.0
2017-08-09,24,13.617,12.748,6.149,5.454,22.896,71.5,0.875,1.333,4.0,-2.2,-6.0
2017-08-10,24,12.153,11.501,4.957,5.189,19.62,71.0,1.083,2.0,4.0,0.2,-8.0
2017-08-11,24,12.017,11.758,6.37,4.354,24.108,69.8,1.667,3.0,7.0,2.9,-6.0
2017-08-12,24,12.816,12.261,6.123,4.95,23.21,70.3,2.042,3.333,9.0,0.0,-8.0
2017-08-13,24,11.576,11.206,5.634,4.616,21.291,68.2,1.792,2.333,6.0,-4.1,-11.0
2017-08-14,24,11.018,10.188,5.887,3.969,22.333,73.0,1.083,2.0,4.0,-4.9,-10.0
2017-08-15,24,10.76,11.992,4.808,4.071,16.886,74.2,0.5,1.0,2.0,2.1,-4.0
2017-08-16,24,12.092,13.018,5.778,3.936,19.969,77.3,1.375,2.0,5.0,3.1,-8.0
2017-08-17,24,13.59,11.781,6.692,5.232,25.594,76.7,3.625,4.667,24.0,-16.2,-36.0
2017-08-18,24,14.115,14.121,6.331,5.341,24.518,80.0,3.25,4.667,20.0,-16.2,-25.0
2017-08-19,24,12.175,10.752,5.754,5.435,23.027,86.8,4.083,4.667,29.0,-19.8,-51.0
2017-08-20,24,11.597,12.086,5.531,4.391,21.614,86.0,3.292,5.0,20.0,-24.1,-41.0
2017-08-21,24,11.793,11.82,4.723,5.235,19.309,87.1,2.25,3.0,9.0,-12.3,-23.0
2017-08-22,24,13.613,13.96,6.838,4.87,24.473,90.2,3.0,4.667,17.0,-18.5,-33.0
2017-08-23,24,14.104,14.54,7.078,4.841,24.984,85.1,3.542,4.667,23.0,-37.8,-52.0
2017-08-24,24,11.318,9.88,5.921,4.095,21.058,78.8,2.0,3.667,10.0,-27.1,-38.0
2017-08-25,24,11.59,10.827,5.877,4.423,22.222,80.8,1.042,1.667,4.0,-11.7,-21.0
2017-08-26,24,12.356,11.231,6.28,4.107,21.539,77.5,0.708,1.333,3.0,-8.2,-12.0
2017-08-27,24,14.238,12.849,6.983,5.184,24.797,78.2,1.917,3.0,8.0,-15.1,-39.0
2017-08-28,24,12.175,10.71,5.374,5.14,23.816,81.6,0.542,0.667,2.0,-20.4,-32.0
2017-08-29,24,13.311,13.658,5.613,5.375,21.431,84.3,1.792,4.0,8.0,-1.8,-9.0
2017-08-30,24,13.318,12.659,5.108,6.202,20.991,86.9,0.792,2.0,3.0,-4.8,-16.0
2017-08-31,24,17.589,14.405,10.327,6.651,38.436,91.9,3.833,5.333,30.0,-25.0,-68.0
2017-09-01,24,13.763,12.747,5.531,6.967,25.175,93.4,3.0,4.0,16.0,-27.2,-45.0
2017-09-02,24,13.86,13.964,5.167,6.894,23.627,100.0,3.25,4.667,20.0,-28.6,-48.0
2017-09-03,24,13.67,12.458,5.857,5.935,22.459,120.2,1.792,2.667,7.0,-19.2,-26.0
2017-09-04,24,14.967,15.117,6.015,6.802,23.037,182.5,2.917,4.667,16.0,-15.5,-32.0
2017-09-05,24,13.44,12.121,5.807,6.435,24.73,120.5,2.417,4.0,11.0,-16.8,-27.0
2017-09-06,24,14.868,12.66,8.088,5.454,27.294,132.9,1.875,3.333,8.0,-10.5,-21.0
2017-09-07,24,18.718,16.659,11.185,5.309,34.453,128.5,3.584,7.667,36.0,-14.4,-86.0
2017-09-08,24,16.161,12.165,8.936,7.089,36.081,116.8,6.083,8.333,106.0,-107.3,-148.0
2017-09-09,24,10.21,9.016,5.051,3.956,18.69,107.2,0.708,2.333,3.0,-71.4,-96.0
2017-09-10,24,11.848,11.241,6.289,4.15,21.568,100.2,1.0,3.0,4.0,-49.6,-63.0
2017-09-11,24,11.92,11.376,5.578,4.922,20.82,79.9,2.542,3.333,11.0,-36.2,-48.0
2017-09-12,24,13.477,10.562,8.085,4.139,26.287,75.5,2.792,5.333,17.0,-26.7,-45.0
2017-09-13,24,10.982,10.441,4.098,4.995,18.088,75.1,2.333,5.333,14.0,-35.8,-56.0
2017-09-14,24,13.734,11.843,8.45,4.802,31.463,74.2,3.167,5.333,22.0,-28.8,-52.0
2017-09-15,24,10.629,8.935,4.986,4.802,20.462,72.8,4.25,5.667,34.0,-39.0,-55.0
2017-09-16,24,10.615,9.388,5.501,4.337,21.648,72.1,3.875,5.333,28.0,-42.5,-71.0
2017-09-17,24,11.897,10.973,6.316,4.514,23.455,72.2,2.75,4.0,14.0,-33.2,-47.0
2017-09-18,24,12.138,11.143,6.121,4.354,20.288,72.2,3.417,4.333,20.0,-35.9,-53.0
2017-09-19,24,11.399,11.835,4.817,4.579,18.363,70.6,1.875,2.667,7.0,-26.2,-43.0
2017-09-20,24,12.188,10.978,5.739,5.3,20.243,73.9,2.0,3.333,8.0,-27.5,-42.0
2017-09-21,24,11.899,10.969,5.605,5.158,20.161,73.0,1.333,2.333,5.0,-23.2,-35.0
2017-09-22,24,12.455,11.761,6.291,5.021,23.306,77.5,1.292,2.333,5.0,-22.4,-31.0
2017-09-23,24,13.402,11.809,7.023,5.189,25.882,81.2,1.083,2.333,4.0,-17.5,-24.0
2017-09-24,24,13.556,10.735,8.033,5.24,29.613,86.9,1.458,2.667,6.0,-7.8,-18.0
2017-09-25,24,14.129,11.408,8.055,5.865,29.395,89.9,0.958,2.333,4.0,-13.6,-18.0
2017-09-26,24,13.367,10.932,8.233,5.308,29.948,90.7,0.75,2.0,3.0,-1.5,-7.0
2017-09-27,24,17.428,16.676,10.002,5.036,31.124,91.0,4.208,6.333,37.0,-24.2,-59.0
2017-09-28,24,13.768,13.708,4.887,6.972,23.383,90.9,4.875,6.667,51.0,-63.3,-98.0
2017-09-29,24,13.559,11.218,7.736,4.52,29.68,89.7,2.5,3.333,11.0,-38.6,-50.0
2017-09-30,24,14.786,12.141,8.841,5.679,33.088,89.4,2.833,4.0,14.0,-36.9,-44.0
2017-10-01,24,13.173,11.551,6.863,4.787,25.643,85.7,2.417,3.333,11.0,-29.8,-39.0
2017-10-02,24,14.781,11.969,7.813,6.636,29.723,86.0,1.208,3.333,5.0,-23.8,-30.0
2017-10-03,24,13.962,11.342,7.103,5.781,24.592,86.4,1.333,3.0,6.0,-20.2,-30.0
2017-10-04,24,12.548,11.511,6.156,4.435,22.054,86.8,1.166,2.333,5.0,-16.2,-35.0
2017-10-05,24,14.052,12.528,6.861,4.79,24.406,84.7,1.167,3.333,6.0,-11.2,-24.0
2017-10-06,24,13.609,11.184,6.772,6.213,26.113,84.1,1.917,2.667,8.0,-17.8,-26.0
2017-10-07,24,13.62,11.755,7.541,5.605,27.467,79.6,0.792,1.667,3.0,-11.6,-20.0
2017-10-08,24,13.52,10.685,7.946,5.291,27.749,76.7,0.625,1.667,3.0,-7.8,-11.0
2017-10-09,24,12.012,10.692,5.473,5.808,21.271,72.3,0.333,2.0,1.0,-4.4,-12.0
2017-10-10,24,11.936,9.973,6.237,5.554,22.03,70.9,0.417,2.0,2.0,0.6,-8.0
2017-10-11,24,15.792,15.362,9.139,5.098,30.169,69.6,4.0,4.667,28.0,-25.5,-40.0
2017-10-12,24,12.16,10.762,5.351,6.389,21.94,70.2,3.875,5.0,26.0,-38.6,-52.0
2017-10-13,24,12.728,11.004,7.121,5.156,27.291,69.7,4.208,5.667,37.0,-37.2,-53.0
2017-10-14,24,10.837,7.74,5.7,3.369,20.023,69.0,4.042,5.0,30.0,-38.8,-70.0
2017-10-15,24,10.199,7.887,6.164,4.278,23.042,70.3,3.5,5.333,25.0,-41.7,-60.0
2017-10-16,24,10.475,8.419,5.731,3.744,19.708,70.9,1.958,3.0,8.0,-25.5,-35.0
2017-10-17,24,11.383,9.451,5.737,5.007,21.299,70.3,1.25,1.667,5.0,-23.7,-32.0
2017-10-18,24,10.869,9.733,4.742,5.603,19.319,73.2,1.042,2.333,4.0,-17.4,-26.0
2017-10-19,24,12.253,10.374,6.032,4.61,22.731,73.4,2.625,3.667,12.0,-20.8,-36.0
2017-10-20,24,12.824,9.268,6.169,6.272,23.763,75.7,1.708,3.667,7.0,-18.7,-27.0
2017-10-21,24,13.161,10.056,6.179,5.999,22.318,76.5,2.042,3.0,8.0,-5.8,-15.0
2017-10-22,24,13.188,10.008,5.512,7.155,23.226,77.3,1.292,3.0,6.0,-12.9,-18.0
2017-10-23,24,12.752,10.258,6.156,6.717,25.341,78.0,1.042,2.333,4.0,-3.8,-13.0
2017-10-24,24,14.798,12.681,7.605,6.791,30.48,77.5,2.875,4.667,18.0,-8.5,-31.0
2017-10-25,24,13.608,10.716,6.736,5.829,25.566,78.8,3.292,4.667,19.0,-21.5,-33.0
2017-10-26,24,13.406,10.432,6.921,5.956,24.226,77.3,3.042,4.333,17.0,-28.9,-51.0
2017-10-27,24,11.799,8.66,5.749,5.506,21.818,76.0,1.042,2.0,4.0,-19.0,-27.0
2017-10-28,24,11.382,8.259,5.793,5.444,21.798,75.4,1.25,2.0,5.0,-15.8,-21.0
2017-10-29,24,11.588,9.542,4.899,5.846,20.306,75.3,0.583,1.667,3.0,-9.9,-12.0
2017-10-30,24,12.574,10.98,4.529,7.549,20.194,75.6,0.375,1.0,2.0,-9.0,-15.0
2017-10-31,24,11.719,9.82,4.498,6.926,21.468,75.4,0.417,1.667,2.0,-5.0,-10.0
2017-11-01,24,11.416,9.548,4.767,6.441,21.488,72.6,0.583,1.333,2.0,3.6,-3.0
2017-11-02,24,12.592,11.676,5.435,6.806,23.6,73.6,1.833,3.0,8.0,-0.7,-11.0
2017-11-03,24,13.002,9.85,5.677,6.843,23.139,73.2,1.958,3.333,8.0,-16.0,-24.0
2017-11-04,24,11.586,9.699,5.014,5.948,19.964,72.1,0.792,1.333,3.0,-8.7,-14.0
2017-11-05,24,11.085,8.997,4.446,6.058,19.045,71.1,0.208,0.667,1.0,-5.7,-11.0
2017-11-06,24,10.508,8.885,4.19,6.492,18.215,69.4,0.125,0.667,1.0,-1.4,-9.0
2017-11-07,24,15.14,12.241,8.918,6.617,35.012,68.3,3.834,6.333,35.0,-25.5,-63.0
2017-11-08,24,12.342,9.432,6.313,6.467,28.337,67.6,4.625,6.333,44.0,-60.2,-82.0
2017-11-09,24,9.467,7.416,4.519,4.723,16.837,65.8,3.333,3.667,18.0,-44.6,-60.0
2017-11-10,24,9.22,8.307,4.009,4.433,15.261,68.6,3.417,4.0,20.0,-33.2,-55.0
2017-11-11,24,8.743,7.291,3.972,4.706,16.442,67.3,1.708,3.0,7.0,-25.3,-35.0
2017-11-12,24,8.819,7.459,3.773,4.716,15.918,69.4,1.292,2.333,5.0,-19.2,-24.0
2017-11-13,24,9.457,9.026,3.321,5.71,15.397,72.1,1.416,2.333,6.0,-15.6,-22.0
2017-11-14,24,10.337,9.951,3.478,6.289,16.19,74.4,2.5,3.0,11.0,-20.2,-31.0
2017-11-15,24,10.877,10.583,4.12,5.818,18.754,74.2,2.542,3.333,11.0,-20.4,-40.0
2017-11-16,24,11.561,8.809,5.785,5.957,24.662,73.2,2.667,4.333,14.0,-19.9,-38.0
2017-11-17,24,9.92,8.883,3.851,5.589,17.458,76.4,1.125,2.333,4.0,-15.3,-28.0
2017-11-18,24,10.725,9.592,3.721,6.35,17.939,76.1,1.625,2.0,6.0,-14.2,-22.0
2017-11-19,24,10.931,8.746,3.888,6.832,17.691,74.4,1.042,2.333,4.0,-5.2,-15.0
2017-11-20,24,10.334,8.937,4.185,5.893,17.444,73.6,1.25,3.667,6.0,1.8,-7.0
2017-11-21,24,12.425,9.926,6.784,5.062,23.335,73.2,3.917,5.0,27.0,-28.5,-55.0
2017-11-22,24,10.471,7.972,4.602,5.481,19.117,73.4,2.333,3.0,10.0,-22.5,-32.0
2017-11-23,24,9.95,8.603,3.566,6.075,16.994,72.4,2.083,2.667,8.0,-17.3,-21.0
2017-11-24,24,9.644,8.04,3.868,5.379,16.984,74.1,1.875,3.333,9.0,-15.8,-26.0
2017-11-25,24,9.456,7.448,4.15,4.991,16.504,74.3,1.292,3.333,6.0,-20.4,-33.0
2017-11-26,24,8.768,8.085,3.536,4.163,14.101,75.5,0.5,1.0,2.0,-8.0,-14.0
2017-11-27,24,9.256,7.827,2.771,5.826,13.46,73.6,1.167,2.0,4.0,4.9,-2.0
2017-11-28,24,9.707,7.602,3.905,5.887,17.329,71.9,1.542,3.333,7.0,-10.3,-23.0
2017-11-29,24,9.368,8.147,3.285,5.851,16.364,72.6,1.083,2.0,4.0,-0.3,-12.0
2017-11-30,24,10.093,8.836,3.389,6.595,17.038,71.7,2.208,4.0,10.0,-5.9,-17.0
2017-12-01,24,8.717,7.249,3.164,4.606,14.341,70.2,1.667,2.667,7.0,-6.4,-12.0
2017-12-02,24,8.229,7.503,2.813,4.606,12.759,71.5,0.583,2.333,3.0,-2.3,-8.0
2017-12-03,24,8.297,7.007,2.588,5.457,12.724,69.0,0.167,0.667,1.0,-6.1,-16.0
2017-12-04,24,9.115,8.643,2.835,5.502,14.065,68.4,1.917,4.0,10.0,-7.2,-41.0
2017-12-05,24,9.241,7.892,3.825,5.106,17.774,67.9,3.958,5.0,28.0,-29.5,-51.0
2017-12-06,24,8.869,7.216,3.356,5.038,14.551,68.3,2.917,4.0,15.0,-25.6,-34.0
2017-12-07,24,8.165,7.504,3.074,4.2,12.86,67.9,2.292,3.333,10.0,-16.8,-23.0
2017-12-08,24,7.876,7.598,2.837,4.006,12.406,69.9,1.25,2.0,5.0,-12.0,-21.0
2017-12-09,24,8.09,7.999,2.635,4.715,12.014,71.1,0.75,1.667,3.0,-7.3,-14.0
2017-12-10,24,8.382,7.733,2.692,5.373,13.79,72.0,0.5,1.333,2.0,-2.9,-12.0
2017-12-11,24,9.307,9.174,3.326,5.115,15.162,72.3,2.25,3.333,10.0,-3.6,-16.0
2017-12-12,24,9.359,8.031,2.384,6.629,13.462,71.4,2.583,4.0,12.0,-12.5,-23.0
2017-12-13,24,8.492,7.44,2.344,5.704,12.741,72.1,1.458,2.667,6.0,-10.0,-14.0
2017-12-14,24,8.445,7.065,2.688,5.256,13.273,72.1,0.792,2.667,4.0,-4.2,-10.0
2017-12-15,24,8.172,7.271,2.624,4.708,12.094,71.7,0.708,1.333,3.0,2.2,-2.0
2017-12-16,24,8.469,7.748,2.274,5.856,12.923,71.3,0.625,2.0,3.0,3.7,-6.0
2017-12-17,24,9.917,8.975,3.792,5.502,17.571,71.0,3.584,4.667,23.0,-7.2,-23.0
2017-12-18,24,8.739,7.851,3.076,4.875,14.153,71.6,2.875,4.333,16.0,-17.5,-28.0
2017-12-19,24,8.381,6.849,3.292,4.93,15.139,68.8,1.125,2.333,4.0,-8.9,-23.0
2017-12-20,24,8.492,6.874,3.369,4.599,14.636,74.2,1.292,2.0,5.0,-8.0,-17.0
2017-12-21,24,8.865,8.446,2.866,5.478,13.688,76.0,0.458,1.0,2.0,-5.0,-9.0
2017-12-22,24,8.805,7.755,2.949,5.468,13.888,75.3,0.25,1.0,1.0,1.4,-5.0
2017-12-23,24,9.736,8.703,3.501,5.746,15.949,76.2,1.125,2.667,5.0,2.4,-12.0
2017-12-24,24,10.714,8.233,4.824,6.16,20.222,76.1,2.458,3.333,11.0,1.3,-25.0
2017-12-25,24,9.014,8.308,2.782,5.133,14.379,75.7,2.083,3.0,9.0,-10.5,-26.0
2017-12-26,24,7.898,6.572,2.923,4.718,13.18,71.8,2.25,3.667,10.0,-10.5,-24.0
2017-12-27,24,7.35,6.844,2.3,4.475,11.319,71.0,1.833,2.667,7.0,-5.1,-10.0
2017-12-28,24,7.496,6.644,2.252,4.789,11.705,71.1,1.167,1.667,4.0,-5.6,-11.0
2017-12-29,24,7.504,6.952,2.53,4.3,11.918,71.5,0.875,2.333,4.0,-0.2,-6.0
2017-12-30,24,7.888,6.789,2.578,4.775,11.971,70.4,0.708,1.667,3.0,1.6,-6.0
2017-12-31,24,8.283,7.674,2.279,5.555,12.115,70.7,0.625,2.0,3.0,6.6,1.0
2018-01-01,24,8.616,7.069,3.764,4.292,16.423,69.1,2.208,3.667,10.0,-7.6,-19.0
2018-01-02,24,8.862,8.393,2.856,5.554,13.593,69.5,1.125,2.0,4.0,-1.8,-11.0
2018-01-03,24,9.816,8.589,3.159,6.137,16.679,70.7,0.5,1.0,2.0,3.2,-8.0
2018-01-04,24,8.779,6.84,3.752,5.42,16.404,69.5,0.625,1.333,3.0,-1.4,-7.0
2018-01-05,24,8.5,7.733,2.858,5.513,13.662,69.3,1.167,2.0,4.0,-0.4,-7.0
2018-01-06,24,8.459,6.971,3.328,5.309,15.029,69.4,0.375,1.333,2.0,-0.9,-6.0
2018-01-07,24,8.604,7.45,2.751,5.783,14.246,69.9,0.375,1.0,2.0,5.9,2.0
2018-01-08,24,9.126,8.076,3.523,5.319,15.529,70.3,1.917,3.667,9.0,11.8,-11.0
2018-01-09,24,9.805,8.699,3.27,5.829,15.958,70.8,2.083,3.667,9.0,-8.4,-17.0
2018-01-10,24,9.555,8.337,2.65,6.763,14.708,70.4,0.833,1.667,3.0,-4.4,-12.0
2018-01-11,24,9.012,7.584,3.025,6.068,14.853,70.8,0.417,1.0,2.0,0.6,-5.0
2018-01-12,24,9.024,8.239,2.566,6.32,13.701,70.9,0.792,1.333,3.0,-1.0,-5.0
2018-01-13,24,9.462,7.958,2.767,6.796,14.471,70.8,1.458,3.0,6.0,6.2,-1.0
2018-01-14,24,9.573,8.827,3.179,6.054,14.396,70.5,2.333,4.667,13.0,-6.2,-20.0
2018-01-15,24,8.736,7.691,3.054,5.101,14.227,70.2,2.0,3.667,9.0,-6.2,-20.0
2018-01-16,24,8.35,7.549,2.594,5.544,12.553,71.1,0.958,2.0,4.0,-3.1,-9.0
2018-01-17,24,8.558,8.146,2.67,5.613,13.476,70.9,0.167,0.667,1.0,-0.6,-3.0
2018-01-18,24,8.703,8.32,2.551,5.532,13.855,71.1,0.208,0.333,1.0,6.0,2.0
2018-01-19,24,10.095,10.368,2.561,6.403,14.767,70.8,1.792,2.667,7.0,-4.8,-28.0
2018-01-20,24,10.302,9.57,2.487,7.423,14.354,69.6,1.667,3.0,7.0,-4.5,-12.0
2018-01-21,24,8.925,7.795,2.893,5.815,14.306,68.3,2.042,3.0,9.0,-2.0,-19.0
2018-01-22,24,8.082,7.129,2.907,4.541,14.762,70.1,2.417,3.333,11.0,-7.9,-24.0
2018-01-23,24,8.189,6.729,3.599,4.288,15.821,70.5,1.0,2.0,4.0,-8.9,-16.0
2018-01-24,24,7.767,7.08,2.671,4.547,12.769,69.9,1.542,4.0,9.0,2.7,-7.0
2018-01-25,24,8.733,8.448,3.196,4.433,13.214,70.3,2.208,3.0,9.0,-14.5,-23.0
2018-01-26,24,8.367,7.169,3.084,4.909,14.006,69.8,1.667,3.0,7.0,-4.4,-17.0
2018-01-27,24,8.331,7.489,3.004,4.715,13.444,68.8,1.417,2.667,6.0,-6.6,-15.0
2018-01-28,24,7.833,7.225,2.358,5.113,11.561,68.5,0.833,1.667,3.0,0.2,-6.0
2018-01-29,24,8.628,7.895,2.701,5.604,13.897,68.2,0.667,1.0,3.0,1.9,-8.0
2018-01-30,24,8.725,8.487,2.483,5.683,12.987,68.9,0.792,2.333,3.0,3.0,-8.0
2018-01-31,24,9.331,8.993,2.606,5.998,13.408,69.2,1.417,2.667,6.0,-0.5,-13.0
2018-02-01,24,9.505,8.133,3.174,5.929,15.461,69.0,0.833,2.667,4.0,-4.2,-14.0
2018-02-02,24,8.64,7.338,2.595,5.462,12.688,68.8,0.708,2.0,3.0,-3.1,-15.0
2018-02-03,24,8.677,7.082,3.391,5.314,15.887,69.2,0.792,1.667,3.0,5.5,-6.0
2018-02-04,24,8.433,6.932,3.377,4.611,14.383,73.0,0.708,2.333,3.0,9.8,1.0
2018-02-05,24,10.065,8.311,5.37,5.081,23.786,74.0,1.875,3.0,8.0,-2.3,-16.0
2018-02-06,24,10.382,8.826,3.876,6.633,18.567,76.9,1.125,2.333,4.0,-0.2,-8.0
2018-02-07,24,9.362,8.534,2.958,5.781,14.789,76.6,0.5,1.667,2.0,-0.2,-6.0
2018-02-08,24,10.092,9.413,2.891,6.771,14.967,77.5,0.542,1.333,2.0,5.3,0.0
2018-02-09,24,10.828,9.724,3.088,7.12,17.463,78.1,0.917,2.667,4.0,2.2,-7.0
2018-02-10,24,9.661,8.996,2.982,5.827,15.289,78.2,1.542,2.333,6.0,1.8,-10.0
2018-02-11,24,9.625,9.056,2.755,6.17,14.151,78.2,0.333,0.667,2.0,0.1,-7.0
2018-02-12,24,10.178,9.643,2.487,6.669,14.17,78.6,0.75,1.667,3.0,10.3,6.0
2018-02-13,24,10.012,9.158,2.268,7.339,13.914,75.9,0.417,0.667,2.0,7.1,-4.0
2018-02-14,24,9.186,8.463,2.717,5.868,13.769,75.3,0.417,1.333,2.0,-0.4,-7.0
2018-02-15,24,9.598,9.084,3.758,5.433,16.479,72.5,2.083,4.667,11.0,-1.5,-17.0
2018-02-16,24,10.626,8.622,4.989,5.28,20.614,71.5,1.792,2.333,7.0,-3.8,-18.0
2018-02-17,24,11.665,7.846,7.433,5.011,30.367,69.0,2.375,3.667,11.0,-12.8,-26.0
2018-02-18,24,10.312,8.697,4.834,5.453,20.182,70.3,2.708,4.0,13.0,-9.8,-26.0
2018-02-19,24,9.302,8.118,3.956,4.706,14.997,69.1,2.917,4.0,16.0,-15.4,-26.0
2018-02-20,24,9.555,7.914,3.12,6.283,15.585,67.8,0.75,2.667,3.0,-14.0,-28.0
2018-02-21,24,10.242,9.44,4.075,5.562,18.989,67.6,0.542,2.0,2.0,-6.6,-16.0
2018-02-22,24,9.668,8.142,4.038,4.808,17.164,68.4,2.167,3.667,10.0,-6.1,-14.0
2018-02-23,24,9.934,8.838,3.038,5.77,15.666,67.6,2.75,4.333,15.0,-15.2,-38.0
2018-02-24,24,8.672,8.011,3.2,4.873,15.238,68.2,1.75,3.333,8.0,-15.6,-29.0
2018-02-25,24,8.59,8.456,2.777,4.58,12.75,67.2,0.833,2.0,3.0,-7.1,-13.0
2018-02-26,24,9.407,9.067,3.787,4.695,15.601,69.8,1.583,3.0,6.0,-9.0,-21.0
2018-02-27,24,11.295,8.222,6.031,5.467,23.76,67.9,2.75,5.333,18.0,-18.3,-31.0
2018-02-28,24,11.124,9.733,4.928,5.78,20.859,68.8,1.542,2.333,6.0,-12.6,-18.0
2018-03-01,24,11.024,8.578,5.643,5.27,21.378,67.2,1.375,2.667,6.0,-10.7,-20.0
2018-03-02,24,10.838,9.34,4.768,5.82,20.219,67.8,0.708,2.667,4.0,-7.1,-14.0
2018-03-03,24,12.074,9.069,6.852,5.876,27.893,67.8,1.375,2.667,5.0,-3.8,-9.0
2018-03-04,24,10.903,8.998,5.024,5.309,20.854,67.5,1.375,2.667,6.0,-6.8,-15.0
2018-03-05,24,11.31,9.852,4.605,6.793,19.264,67.6,1.083,1.333,4.0,2.6,-5.0
2018-03-06,24,10.836,8.746,5.129,5.854,20.064,67.6,1.042,2.0,4.0,4.5,-9.0
2018-03-07,24,10.838,10.444,4.43,5.837,18.493,67.8,0.625,2.667,3.0,2.9,-1.0
2018-03-08,24,10.971,10.226,4.28,6.183,18.909,66.6,0.792,1.667,3.0,4.2,-4.0
2018-03-09,24,12.025,10.481,5.902,5.954,22.336,67.5,2.0,4.333,10.0,5.1,-7.0
2018-03-10,24,12.719,12.093,4.962,6.799,20.889,67.7,2.375,4.0,12.0,-16.5,-39.0
2018-03-11,24,10.942,10.19,4.176,6.053,16.726,67.8,1.042,2.333,4.0,-4.8,-11.0
2018-03-12,24,10.962,10.501,3.639,6.743,17.299,68.1,0.417,1.0,2.0,-0.4,-4.0
2018-03-13,24,11.526,9.98,4.99,6.241,19.252,68.6,0.583,1.0,2.0,-0.1,-6.0
2018-03-14,24,12.028,10.752,5.595,5.609,21.295,67.7,1.75,4.0,10.0,-4.6,-28.0
2018-03-15,24,11.093,10.903,3.937,5.675,17.62,69.0,2.833,4.0,15.0,-18.0,-30.0
2018-03-16,24,11.762,10.166,5.472,4.746,20.479,68.6,3.25,4.333,18.0,-24.8,-39.0
2018-03-17,24,10.055,8.637,4.004,5.293,16.203,69.7,2.667,4.333,14.0,-17.7,-28.0
2018-03-18,24,11.649,10.198,6.009,4.818,23.352,69.1,3.0,6.0,22.0,-20.9,-41.0
2018-03-19,24,10.748,9.318,5.056,3.903,19.032,70.3,2.625,4.333,14.0,-24.9,-45.0
2018-03-20,24,11.039,7.987,7.019,3.921,23.097,68.8,1.458,3.0,7.0,-18.8,-28.0
2018-03-21,24,10.291,8.329,5.05,4.862,18.356,69.3,0.917,2.0,4.0,-10.9,-22.0
2018-03-22,24,11.117,9.189,5.829,5.1,19.867,68.5,1.458,3.0,6.0,-9.0,-25.0
2018-03-23,24,10.087,8.896,4.451,5.299,18.642,68.1,2.792,4.0,15.0,-14.7,-29.0
2018-03-24,24,11.08,9.329,5.629,4.975,21.627,67.6,2.0,2.667,8.0,-14.9,-24.0
2018-03-25,24,10.515,9.618,4.659,5.027,18.127,68.3,3.042,4.0,16.0,-17.9,-27.0
2018-03-26,24,11.314,9.757,5.876,4.748,21.907,67.8,2.375,3.0,10.0,-19.7,-25.0
2018-03-27,24,10.186,9.622,4.503,4.889,18.23,68.3,1.792,3.0,8.0,-14.7,-23.0
2018-03-28,24,9.875,9.238,4.113,4.918,18.37,68.6,0.333,0.667,2.0,-10.6,-19.0
2018-03-29,24,10.616,10.226,4.384,5.41,18.814,69.0,0.833,1.667,3.0,1.3,-11.0
2018-03-30,24,11.063,11.483,4.402,5.502,18.509,68.8,1.083,2.333,4.0,2.5,-11.0
2018-03-31,24,10.77,10.86,4.663,5.633,20.838,69.0,1.417,2.667,6.0,0.8,-6.0
2018-04-01,24,11.109,9.494,5.803,4.565,19.853,69.0,1.125,1.333,4.0,1.0,-8.0
2018-04-02,24,12.34,8.827,8.302,3.717,26.553,68.4,1.167,1.667,4.0,-0.8,-6.0
2018-04-03,24,11.377,9.538,5.316,5.602,19.009,67.8,0.583,2.0,2.0,-2.6,-14.0
2018-04-04,24,12.767,10.044,7.371,5.47,25.922,68.5,1.042,1.667,4.0,6.4,-3.0
2018-04-05,24,12.054,10.862,5.593,5.802,23.264,66.4,1.833,3.0,8.0,4.6,-3.0
2018-04-06,24,11.698,11.586,4.733,6.191,19.824,67.3,0.792,1.667,3.0,-1.3,-11.0
2018-04-07,24,11.976,9.42,7.192,5.32,26.122,66.8,0.917,2.0,4.0,8.0,1.0
2018-04-08,24,10.905,9.965,5.108,4.669,19.163,67.9,1.167,2.333,5.0,5.1,-2.0
2018-04-09,24,13.456,10.548,7.223,5.769,26.049,68.7,2.208,4.333,11.0,-3.7,-17.0
2018-04-10,24,12.4,11.411,6.629,5.227,25.869,68.5,3.125,4.0,17.0,-22.0,-33.0
2018-04-11,24,9.489,9.219,3.775,4.726,15.492,68.3,2.167,4.333,12.0,-18.4,-29.0
2018-04-12,24,11.05,9.547,5.712,5.143,20.618,70.0,2.0,3.0,8.0,-10.1,-17.0
2018-04-13,24,10.415,9.466,4.662,4.627,17.852,69.7,1.917,3.667,8.0,-11.6,-28.0
2018-04-14,24,11.796,9.011,6.878,4.981,23.789,69.5,1.333,2.0,5.0,-9.7,-19.0
2018-04-15,24,10.272,9.405,5.456,4.208,19.391,70.6,1.292,2.333,5.0,-8.4,-14.0
2018-04-16,24,10.427,9.311,5.352,4.454,19.372,69.2,0.458,1.0,2.0,-6.0,-15.0
2018-04-17,24,10.424,8.77,5.691,4.382,21.755,69.3,0.584,1.0,3.0,0.0,-7.0
2018-04-18,24,10.922,10.431,5.198,4.443,19.232,70.8,1.292,2.0,5.0,-1.7,-13.0
2018-04-19,24,11.782,9.578,6.825,5.336,24.339,70.8,0.333,1.0,2.0,2.2,-9.0
2018-04-20,24,16.438,15.679,10.032,4.669,30.458,73.0,4.625,6.0,43.0,-34.7,-78.0
2018-04-21,24,13.401,10.661,7.78,5.636,27.425,76.8,2.542,3.333,12.0,-30.5,-40.0
2018-04-22,24,12.194,10.004,6.469,5.447,23.345,75.7,1.208,1.667,5.0,-21.0,-27.0
2018-04-23,24,11.914,10.562,5.817,5.423,23.039,73.9,1.417,3.0,6.0,-20.5,-26.0
2018-04-24,24,11.483,10.312,6.069,4.616,23.161,72.9,0.958,2.0,4.0,-13.8,-25.0
2018-04-25,24,10.999,10.347,5.001,5.185,19.744,70.8,0.917,2.0,4.0,-14.9,-23.0
2018-04-26,24,11.357,10.961,5.337,4.821,19.822,69.4,0.917,1.667,4.0,-4.5,-21.0
2018-04-27,24,11.448,9.838,5.688,4.7,20.607,68.7,1.208,2.667,5.0,0.6,-8.0
2018-04-28,24,11.822,11.067,5.949,4.614,21.156,70.2,0.708,1.667,3.0,-0.5,-5.0
2018-04-29,24,11.659,11.835,5.531,4.743,20.434,71.1,0.708,1.333,3.0,-0.0,-6.0
2018-04-30,24,12.481,11.3,6.735,4.6,24.452,70.2,1.25,2.333,5.0,-0.6,-10.0
2018-05-01,24,12.118,10.468,5.805,5.35,22.403,68.4,0.416,1.0,2.0,-1.1,-10.0
2018-05-02,24,12.412,11.827,5.44,4.787,21.054,67.1,0.958,2.0,4.0,-3.2,-11.0
2018-05-03,24,11.872,10.323,5.745,5.134,21.075,66.5,0.625,1.333,3.0,-1.1,-6.0
2018-05-04,24,12.004,11.308,6.037,4.107,21.487,67.8,0.875,1.333,4.0,1.5,-5.0
2018-05-05,24,15.097,12.7,9.09,5.182,30.837,67.6,2.875,5.667,23.0,-5.3,-41.0
2018-05-06,24,12.132,9.553,5.377,6.575,22.231,67.2,3.708,5.667,26.0,-33.9,-55.0
2018-05-07,24,12.907,11.113,6.934,5.054,25.13,69.6,3.042,4.0,16.0,-26.8,-42.0
2018-05-08,24,12.746,12.21,6.621,4.725,23.916,69.6,2.834,3.667,14.0,-21.5,-37.0
2018-05-09,24,12.188,10.975,6.344,4.517,22.876,69.6,2.792,4.0,14.0,-21.2,-32.0
2018-05-10,24,12.712,11.201,6.231,4.558,23.184,69.6,2.417,3.333,11.0,-28.4,-33.0
2018-05-11,24,13.484,13.966,5.276,5.786,22.555,70.3,2.833,3.667,14.0,-27.4,-40.0
2018-05-12,24,10.998,10.047,4.309,4.625,19.385,69.8,1.75,3.667,8.0,-19.3,-29.0
2018-05-13,24,13.938,11.452,8.263,4.668,28.734,70.9,1.917,2.333,7.0,-12.0,-21.0
2018-05-14,24,12.181,10.651,5.712,4.698,21.021,70.3,0.958,2.0,4.0,-12.2,-17.0
2018-05-15,24,12.753,11.251,5.536,5.633,23.074,70.3,0.625,1.333,3.0,-9.8,-18.0
2018-05-16,24,12.337,11.407,4.92,5.818,19.918,69.9,0.667,1.333,3.0,-1.1,-9.0
2018-05-17,24,14.355,12.248,6.646,6.646,28.225,69.0,2.292,3.0,10.0,-12.5,-33.0
2018-05-18,24,11.153,9.887,3.998,5.292,17.915,69.4,1.042,1.667,4.0,-14.3,-20.0
2018-05-19,24,11.914,11.33,5.484,4.387,20.826,70.3,0.417,1.0,2.0,-7.5,-11.0
2018-05-20,24,12.621,9.926,6.418,4.961,23.855,68.8,0.5,1.0,2.0,-6.2,-9.0
2018-05-21,24,11.816,10.635,5.831,4.294,20.112,69.6,0.375,1.0,2.0,-4.5,-8.0
2018-05-22,24,12.223,12.015,5.421,4.668,20.969,70.8,1.167,2.0,4.0,4.8,-5.0
2018-05-23,24,13.556,14.892,5.797,5.507,22.873,73.1,1.875,3.333,8.0,-4.9,-15.0
2018-05-24,24,12.382,10.739,5.666,5.354,21.755,73.7,0.667,1.333,3.0,-3.8,-9.0
2018-05-25,24,12.632,11.342,6.358,4.615,22.488,75.7,0.583,1.333,3.0,-2.6,-4.0
2018-05-26,24,12.621,12.178,5.743,4.795,22.533,72.9,0.583,1.333,3.0,5.2,-2.0
2018-05-27,24,13.412,12.644,5.551,6.005,22.21,74.6,0.792,1.333,3.0,5.1,-4.0
2018-05-28,24,13.425,12.637,6.327,5.323,24.849,76.9,0.917,1.667,4.0,7.1,3.0
2018-05-29,24,12.862,12.252,5.318,5.677,20.981,74.9,0.792,1.667,3.0,4.7,-7.0
2018-05-30,24,12.658,13.987,4.992,4.754,19.053,75.3,0.833,1.667,4.0,4.6,-2.0
2018-05-31,24,12.669,12.314,5.467,4.852,20.492,76.8,2.167,4.333,12.0,8.3,-12.0
2018-06-01,24,14.727,14.375,6.838,6.445,27.023,74.8,3.583,4.667,23.0,-24.5,-45.0
2018-06-02,24,13.491,12.948,5.446,5.534,21.937,74.4,3.0,4.0,16.0,-21.0,-34.0
2018-06-03,24,12.84,12.128,4.834,5.858,20.73,73.6,2.0,2.667,8.0,-17.5,-25.0
2018-06-04,24,12.656,11.707,5.261,5.539,20.985,70.5,1.083,1.333,4.0,-13.8,-22.0
2018-06-05,24,12.752,12.669,4.423,5.993,20.038,71.3,1.334,1.667,5.0,-5.5,-15.0
2018-06-06,24,13.509,14.069,4.483,6.537,20.254,71.1,1.375,3.667,6.0,-7.9,-23.0
2018-06-07,24,13.187,13.033,4.394,7.175,20.855,69.3,1.208,2.667,5.0,-11.6,-22.0
2018-06-08,24,12.458,12.554,4.545,5.659,18.66,68.2,0.917,2.0,4.0,-4.5,-16.0
2018-06-09,24,11.982,12.313,3.94,6.487,19.002,66.8,0.75,1.333,3.0,-0.6,-9.0
2018-06-10,24,11.864,12.044,4.618,5.391,18.488,70.2,0.458,1.0,2.0,-1.0,-4.0
2018-06-11,24,12.301,12.243,4.846,5.494,21.524,69.9,0.708,1.333,3.0,-1.3,-6.0
2018-06-12,24,12.044,12.092,4.96,5.026,19.748,70.3,0.75,1.667,3.0,0.8,-5.0
2018-06-13,24,12.812,15.172,4.502,5.493,19.091,70.8,0.875,2.0,4.0,4.7,-4.0
2018-06-14,24,12.521,13.667,4.956,5.18,21.7,72.4,1.125,1.333,4.0,0.0,-6.0
2018-06-15,24,11.424,11.572,4.543,5.14,18.508,70.6,0.583,1.0,3.0,4.1,0.0
2018-06-16,24,11.144,11.742,4.983,4.3,18.36,70.5,0.333,0.667,2.0,3.5,0.0
2018-06-17,24,12.489,13.024,5.696,4.261,20.478,72.3,0.917,1.667,4.0,9.7,4.0
2018-06-18,24,13.246,12.682,5.06,5.439,22.166,73.7,3.0,4.0,16.0,-12.5,-35.0
2018-06-19,24,15.059,15.204,5.494,6.932,23.857,76.6,1.333,2.333,5.0,-12.0,-17.0
2018-06-20,24,14.26,14.043,5.539,6.812,23.577,82.1,1.208,2.333,5.0,-7.7,-12.0
2018-06-21,24,12.853,14.067,5.113,4.878,19.791,81.5,0.583,1.0,3.0,-3.8,-9.0
2018-06-22,24,12.873,13.902,4.404,6.242,20.003,80.3,0.75,1.333,3.0,0.5,-4.0
2018-06-23,24,14.287,14.456,5.694,5.994,24.594,77.1,3.167,4.0,18.0,-12.9,-27.0
2018-06-24,24,15.742,14.832,5.377,7.399,24.559,74.5,1.667,2.667,6.0,-21.2,-26.0
2018-06-25,24,15.337,15.371,5.736,6.779,23.901,72.8,2.084,5.0,12.0,-17.8,-42.0
2018-06-26,24,12.259,12.551,3.704,5.394,17.713,71.1,3.334,4.667,20.0,-31.2,-47.0
2018-06-27,24,12.273,12.244,4.338,5.38,19.373,70.0,1.666,2.667,6.0,-18.3,-23.0
2018-06-28,24,12.692,13.246,4.978,4.636,20.348,69.5,1.208,1.667,5.0,-13.0,-21.0
2018-06-29,24,12.811,13.201,5.376,4.727,20.177,68.6,0.708,1.333,3.0,-12.1,-16.0
2018-06-30,24,11.53,11.773,4.619,4.593,17.525,68.8,0.792,1.0,3.0,-7.9,-11.0
2018-07-01,24,10.673,9.932,3.9,4.666,15.763,68.1,0.333,0.667,2.0,-3.6,-8.0
2018-07-02,24,10.597,9.665,5.334,3.5,19.628,66.6,0.375,1.0,2.0,-1.3,-5.0
2018-07-03,24,10.422,10.266,3.815,4.488,16.026,68.2,0.625,1.667,2.0,6.8,-1.0
2018-07-04,24,11.234,11.773,4.47,3.994,17.219,67.9,0.875,1.333,4.0,5.3,-2.0
2018-07-05,24,12.879,12.128,6.003,4.811,22.893,68.1,2.75,4.667,17.0,-2.0,-26.0
2018-07-06,24,10.48,10.521,2.782,5.083,14.698,70.5,1.667,3.667,7.0,-3.5,-14.0
2018-07-07,24,10.977,11.118,4.709,4.154,18.202,72.0,1.292,2.0,5.0,-5.9,-14.0
2018-07-08,24,11.687,11.835,6.002,3.606,21.422,71.6,0.833,1.333,4.0,-4.3,-8.0
2018-07-09,24,11.014,11.223,4.134,5.283,17.137,72.9,0.333,0.667,2.0,-3.5,-6.0
2018-07-10,24,12.676,13.108,5.589,4.494,21.186,72.1,1.625,2.333,6.0,2.7,-4.0
2018-07-11,24,14.06,13.817,5.924,5.634,22.173,73.3,1.875,2.667,7.0,5.3,-5.0
2018-07-12,24,12.061,13.148,4.164,5.42,18.055,72.1,1.708,2.667,7.0,1.0,-7.0
2018-07-13,24,12.053,12.579,4.107,5.387,17.626,72.5,1.292,2.667,5.0,-4.1,-9.0
2018-07-14,24,12.525,12.494,4.904,5.207,20.595,72.3,0.875,1.667,4.0,-2.8,-11.0
2018-07-15,24,12.406,13.419,5.167,4.448,18.98,71.7,0.583,1.333,3.0,-6.9,-10.0
2018-07-16,24,12.584,12.284,5.009,5.314,20.141,71.9,1.834,2.667,7.0,-5.0,-18.0
2018-07-17,24,12.148,12.797,4.003,5.103,18.278,71.2,1.458,3.0,7.0,-8.8,-24.0
2018-07-18,24,11.399,11.567,4.295,5.203,17.737,71.2,0.625,1.0,3.0,-4.0,-14.0
2018-07-19,24,11.615,10.732,5.686,4.061,20.547,70.5,0.792,1.0,3.0,-1.5,-7.0
2018-07-20,24,12.532,12.175,5.642,4.626,21.701,70.5,1.542,2.0,6.0,-1.0,-6.0
2018-07-21,24,12.256,12.158,5.047,5.391,20.726,70.0,2.334,3.333,10.0,-5.7,-15.0
2018-07-22,24,10.737,12.582,3.955,5.009,15.647,68.2,1.125,1.333,4.0,-9.5,-14.0
2018-07-23,24,10.414,11.202,4.13,4.362,16.483,67.0,0.667,1.0,3.0,-5.5,-14.0
2018-07-24,24,12.244,12.158,5.996,3.687,20.733,66.9,3.125,4.0,17.0,-3.5,-21.0
2018-07-25,24,10.943,10.234,3.579,5.376,17.538,65.8,1.792,3.333,8.0,-11.2,-19.0
2018-07-26,24,11.314,10.331,5.384,3.959,20.037,66.2,0.75,1.333,3.0,-6.4,-14.0
2018-07-27,24,10.113,11.496,3.712,4.3,15.321,66.6,0.625,1.667,3.0,1.3,-8.0
2018-07-28,24,12.283,12.892,6.027,3.907,19.976,67.9,1.167,2.0,4.0,-3.4,-8.0
2018-07-29,24,10.72,11.53,4.435,3.941,17.375,68.0,0.958,1.333,4.0,-9.1,-16.0
2018-07-30,24,10.483,10.262,4.797,3.907,18.877,68.3,1.0,2.0,4.0,-0.2,-10.0
2018-07-31,24,9.62,9.819,4.162,3.708,15.767,68.9,1.042,2.333,4.0,3.6,-9.0
2018-08-01,24,10.364,11.582,4.811,3.473,18.719,70.2,1.375,2.333,5.0,6.7,1.0
2018-08-02,24,10.789,11.357,4.65,4.189,18.973,69.9,1.167,2.667,5.0,6.8,2.0
2018-08-03,24,11.747,11.496,5.897,4.239,20.381,70.2,1.292,2.667,5.0,4.6,-1.0
2018-08-04,24,10.479,11.062,4.178,4.085,16.738,70.4,1.083,2.0,4.0,-1.8,-11.0
2018-08-05,24,11.023,11.85,5.113,3.973,17.983,69.2,0.958,2.0,4.0,0.0,-9.0
2018-08-06,24,10.396,11.396,3.735,4.668,14.919,69.1,0.584,1.0,3.0,3.0,-5.0
2018-08-07,24,10.89,11.141,5.1,4.112,19.612,69.5,2.208,3.0,9.0,8.0,0.0
2018-08-08,24,10.723,10.875,4.876,4.324,18.768,69.6,1.125,1.667,4.0,-1.5,-7.0
2018-08-09,24,10.269,10.78,5.105,3.347,18.484,70.3,0.875,1.333,4.0,-4.5,-12.0
2018-08-10,24,10.406,11.061,4.001,3.976,17.309,69.5,0.792,1.333,3.0,3.8,-1.0
2018-08-11,24,11.609,13.259,4.642,5.076,19.499,67.4,2.167,3.667,10.0,0.1,-17.0
2018-08-12,24,9.981,11.658,3.907,3.208,15.27,68.1,1.292,2.0,5.0,-1.7,-10.0
2018-08-13,24,10.637,12.1,4.321,4.489,15.843,67.8,0.833,1.333,4.0,-6.5,-14.0
2018-08-14,24,9.678,9.913,4.237,4.241,17.443,68.7,0.75,1.333,3.0,5.8,-3.0
2018-08-15,24,12.825,12.429,6.773,4.358,25.555,68.8,2.583,4.0,13.0,-11.0,-32.0
2018-08-16,24,10.64,10.205,4.558,3.987,19.06,68.3,2.292,3.667,10.0,-20.7,-35.0
2018-08-17,24,10.386,11.243,3.939,4.283,16.547,67.3,2.416,4.0,12.0,-23.7,-38.0
2018-08-18,24,10.094,10.91,4.362,3.729,15.573,67.2,2.167,3.333,9.0,-17.6,-26.0
2018-08-19,24,9.371,10.293,4.128,3.706,14.782,66.8,1.875,2.667,7.0,-7.5,-21.0
2018-08-20,24,9.901,9.666,4.503,3.547,17.044,68.0,2.833,4.0,14.0,-12.5,-20.0
2018-08-21,24,10.197,11.215,3.531,5.303,16.215,67.8,1.792,2.667,7.0,-10.9,-17.0
2018-08-22,24,10.273,10.422,4.45,4.247,16.264,66.9,1.25,2.333,5.0,-8.0,-14.0
2018-08-23,24,10.525,11.326,5.123,3.587,18.173,69.5,0.834,1.667,4.0,-10.2,-15.0
2018-08-24,24,10.758,10.661,5.289,3.729,18.435,72.4,1.042,2.667,4.0,-4.4,-13.0
2018-08-25,24,11.474,12.582,4.672,4.502,17.987,71.6,2.292,4.333,12.0,-1.9,-50.0
2018-08-26,24,10.245,10.888,2.63,4.952,13.565,71.1,5.292,7.333,67.0,-105.1,-176.0
2018-08-27,24,10.739,9.304,6.256,3.366,23.406,69.6,3.375,5.667,25.0,-60.0,-72.0
2018-08-28,24,9.076,8.291,4.406,3.461,16.963,69.8,1.792,3.667,8.0,-40.7,-49.0
2018-08-29,24,10.479,9.416,6.303,3.202,22.523,70.5,1.417,2.333,5.0,-36.2,-43.0
2018-08-30,24,9.931,9.62,4.71,3.905,17.323,68.3,0.792,1.667,3.0,-28.3,-33.0
2018-08-31,24,11.408,10.117,5.858,4.735,20.933,67.5,1.042,2.333,4.0,-18.3,-27.0
2018-09-01,24,10.023,10.659,3.95,4.22,14.976,68.3,0.917,2.0,4.0,-16.7,-22.0
2018-09-02,24,10.771,9.153,5.431,4.847,19.649,67.7,1.166,2.0,4.0,-15.7,-21.0
2018-09-03,24,11.064,9.93,6.082,4.195,20.524,68.1,0.916,1.333,4.0,-9.2,-13.0
2018-09-04,24,11.661,11.743,6.062,4.287,21.824,67.5,1.917,3.0,8.0,-10.8,-27.0
2018-09-05,24,9.961,9.698,4.308,3.981,15.973,67.5,2.167,3.333,10.0,-24.2,-35.0
2018-09-06,24,9.938,9.634,4.581,4.206,17.048,67.4,1.167,2.0,4.0,-17.5,-24.0
2018-09-07,24,9.581,9.39,3.875,4.3,15.775,67.5,1.125,2.333,4.0,-7.5,-19.0
2018-09-08,24,9.961,9.256,4.411,4.139,16.417,68.7,0.875,2.333,4.0,-9.6,-16.0
2018-09-09,24,10.242,10.871,3.633,4.741,14.956,68.4,1.542,2.667,6.0,-7.5,-16.0
2018-09-10,24,11.734,11.029,5.677,4.527,21.636,69.0,2.583,5.0,20.0,-23.5,-60.0
2018-09-11,24,10.295,11.274,3.045,4.242,13.922,69.4,4.042,6.0,35.0,-48.2,-73.0
2018-09-12,24,10.883,10.093,5.121,5.347,21.0,69.7,2.083,4.0,9.0,-27.9,-32.0
2018-09-13,24,11.511,10.775,6.081,3.938,21.645,69.6,3.125,4.0,17.0,-29.0,-37.0
2018-09-14,24,11.176,10.827,4.529,5.373,17.129,69.0,2.75,4.333,14.0,-26.5,-33.0
2018-09-15,24,10.765,10.698,4.084,5.46,16.285,68.5,1.792,2.667,7.0,-23.7,-29.0
2018-09-16,24,10.282,9.922,3.961,5.221,16.176,69.1,1.292,2.333,5.0,-13.5,-22.0
2018-09-17,24,11.262,12.068,4.283,5.492,18.199,67.8,2.458,3.333,11.0,-10.0,-21.0
2018-09-18,24,10.712,8.926,5.095,4.873,18.456,68.1,1.417,2.333,5.0,-14.0,-28.0
2018-09-19,24,9.786,9.238,4.038,4.979,17.043,67.9,0.75,2.333,3.0,-14.1,-20.0
2018-09-20,24,9.698,9.135,4.4,4.594,16.382,66.6,0.208,0.667,1.0,-9.8,-19.0
2018-09-21,24,9.826,9.714,4.278,4.948,17.13,66.9,1.167,4.333,7.0,-4.5,-16.0
2018-09-22,24,11.629,10.527,6.323,4.338,22.566,67.9,3.917,4.667,27.0,-37.1,-53.0
2018-09-23,24,11.393,12.079,4.743,5.436,20.205,68.4,2.333,3.333,10.0,-28.2,-41.0
2018-09-24,24,9.949,8.946,4.415,4.257,16.551,68.6,1.583,2.333,6.0,-12.6,-22.0
2018-09-25,24,11.318,10.372,6.585,3.845,22.895,67.6,2.292,3.0,10.0,-5.8,-25.0
2018-09-26,24,11.302,10.569,5.664,5.047,21.479,69.0,1.708,2.667,7.0,-15.0,-26.0
2018-09-27,24,10.427,10.5,4.29,4.681,17.284,67.1,1.458,2.333,6.0,-8.8,-16.0
2018-09-28,24,10.615,10.061,4.102,5.862,16.125,69.1,1.542,3.0,7.0,-8.9,-23.0
2018-09-29,24,11.002,11.168,4.359,5.052,17.607,68.7,2.167,3.333,9.0,-17.2,-28.0
2018-09-30,24,11.674,9.607,5.585,6.064,20.81,68.3,1.167,2.333,5.0,-12.0,-17.0
2018-10-01,24,11.695,10.121,6.414,4.885,24.483,70.1,1.833,3.667,8.0,-9.5,-14.0
2018-10-02,24,10.419,9.623,4.617,5.157,18.743,67.0,1.583,3.667,7.0,-11.3,-18.0
2018-10-03,24,10.859,9.22,5.853,4.711,20.563,68.4,1.125,2.333,4.0,-2.7,-16.0
2018-10-04,24,10.279,9.344,4.274,5.238,17.824,67.2,0.916,1.667,4.0,-5.5,-13.0
2018-10-05,24,11.246,11.333,3.781,6.095,16.276,68.7,2.0,3.0,8.0,-5.7,-13.0
2018-10-06,24,11.072,11.102,3.783,6.647,17.156,68.6,0.875,3.0,4.0,-3.2,-10.0
2018-10-07,24,13.564,12.094,6.499,6.495,26.475,69.5,2.917,5.333,24.0,-16.0,-54.0
2018-10-08,24,10.669,8.851,4.671,4.79,20.467,68.8,3.208,4.333,19.0,-36.2,-46.0
2018-10-09,24,10.726,9.562,4.858,5.257,17.989,69.5,3.084,3.667,16.0,-29.2,-43.0
2018-10-10,24,11.026,9.794,5.623,4.876,22.638,69.8,2.708,4.667,15.0,-30.1,-38.0
2018-10-11,24,10.091,8.96,4.806,4.245,17.248,70.9,2.167,3.0,9.0,-29.1,-45.0
2018-10-12,24,10.228,8.989,4.761,4.863,18.104,71.6,1.292,1.667,5.0,-21.7,-29.0
2018-10-13,24,11.033,10.026,5.458,4.979,21.205,72.4,2.292,4.333,13.0,-18.0,-41.0
2018-10-14,24,11.773,8.972,6.345,5.506,24.743,71.5,1.375,2.0,5.0,-19.4,-36.0
2018-10-15,24,11.189,8.523,6.678,4.643,25.285,70.0,2.292,3.0,10.0,-17.5,-21.0
2018-10-16,24,10.766,8.861,5.343,5.21,21.81,69.7,1.208,2.0,5.0,-12.2,-17.0
2018-10-17,24,10.623,9.553,4.726,5.646,19.73,70.0,0.5,1.667,2.0,-11.7,-16.0
2018-10-18,24,10.491,8.979,5.1,5.422,21.53,69.5,0.083,0.333,0.0,-6.2,-9.0
2018-10-19,24,10.201,9.461,4.039,5.701,18.828,69.6,0.292,0.667,2.0,-5.7,-10.0
2018-10-20,24,10.654,10.154,3.852,6.387,17.104,70.4,0.125,0.333,1.0,-2.9,-7.0
2018-10-21,24,10.85,8.748,5.193,5.618,22.471,71.0,1.042,2.0,4.0,-0.8,-13.0
2018-10-22,24,10.515,9.069,3.988,6.152,17.405,70.9,1.292,2.667,5.0,-10.6,-20.0
2018-10-23,24,10.09,7.862,5.015,5.215,20.089,71.6,0.583,1.0,3.0,-7.2,-16.0
2018-10-24,24,9.951,8.532,4.469,5.184,18.235,69.7,0.708,1.333,3.0,-3.7,-10.0
2018-10-25,24,10.271,8.751,4.582,5.534,19.483,69.4,1.417,2.0,5.0,-5.3,-13.0
2018-10-26,24,9.979,8.451,4.006,5.911,16.876,69.2,1.542,2.333,6.0,-3.2,-16.0
2018-10-27,24,9.616,7.972,3.907,5.406,16.396,69.3,0.708,1.667,3.0,-8.5,-15.0
2018-10-28,24,9.22,7.753,3.921,5.155,15.945,68.3,0.667,1.333,3.0,-4.5,-11.0
2018-10-29,24,8.559,7.288,3.42,4.908,15.296,68.8,0.166,0.333,1.0,2.9,-3.0
2018-10-30,24,9.434,7.74,3.812,5.42,16.252,67.1,0.833,2.0,3.0,2.3,-2.0
2018-10-31,24,9.621,7.949,4.284,5.365,16.968,68.1,0.875,1.667,3.0,2.7,-1.0
2018-11-01,24,9.545,8.276,3.626,5.746,15.085,66.8,1.167,2.0,4.0,0.8,-5.0
2018-11-02,24,9.568,8.318,3.291,5.929,15.528,67.6,0.917,2.667,4.0,4.3,0.0
2018-11-03,24,9.288,7.705,4.004,5.411,17.087,67.4,0.833,2.0,3.0,1.4,-2.0
2018-11-04,24,9.663,9.787,3.831,4.865,16.51,66.6,2.084,5.333,16.0,-6.1,-41.0
2018-11-05,24,10.203,8.501,4.313,4.563,16.865,68.3,4.042,5.667,32.0,-40.8,-57.0
2018-11-06,24,9.269,7.339,4.399,4.791,17.82,68.8,1.625,3.667,7.0,-26.8,-38.0
2018-11-07,24,9.875,7.879,4.338,5.285,17.939,68.7,2.083,3.333,9.0,-21.9,-28.0
2018-11-08,24,9.585,7.718,4.982,5.146,21.342,69.5,2.167,4.0,11.0,-20.3,-27.0
2018-11-09,24,8.774,7.56,3.519,4.984,14.674,68.9,2.042,4.0,11.0,-24.1,-47.0
2018-11-10,24,8.873,7.428,4.1,4.392,18.891,69.0,2.542,4.333,13.0,-21.0,-31.0
2018-11-11,24,8.936,6.783,4.656,4.346,19.544,69.3,1.708,3.0,7.0,-15.8,-22.0
2018-11-12,24,8.952,7.442,4.046,4.452,15.925,68.2,2.167,3.333,9.0,-19.6,-31.0
2018-11-13,24,8.933,7.067,3.921,4.723,17.103,67.0,0.667,2.0,3.0,-15.8,-19.0
2018-11-14,24,8.214,6.679,3.164,4.757,14.233,67.9,0.667,1.333,3.0,-6.2,-13.0
2018-11-15,24,8.733,7.725,3.695,4.873,16.474,68.4,0.25,0.667,1.0,-6.6,-11.0
2018-11-16,24,9.15,7.86,2.967,5.878,14.958,71.1,0.167,1.0,1.0,-3.0,-6.0
2018-11-17,24,9.281,8.268,2.919,5.967,14.787,73.3,0.167,0.667,1.0,-5.6,-10.0
2018-11-18,24,10.151,9.495,3.123,6.532,16.076,72.3,0.5,1.0,2.0,-2.2,-10.0
2018-11-19,24,10.709,9.215,3.223,7.346,17.483,71.1,1.083,1.667,4.0,-2.2,-13.0
2018-11-20,24,10.409,8.594,3.37,6.898,16.431,70.5,1.208,3.0,6.0,-3.1,-11.0
2018-11-21,24,9.676,8.201,3.192,6.2,14.856,68.8,1.0,2.667,4.0,-3.5,-12.0
2018-11-22,24,9.109,8.26,2.394,5.98,12.935,69.2,0.375,1.0,2.0,-5.9,-10.0
2018-11-23,24,9.394,7.956,2.457,6.399,13.284,69.2,0.458,1.0,2.0,2.0,-1.0
2018-11-24,24,9.041,8.204,2.398,6.434,13.555,70.0,0.667,1.667,3.0,3.5,-3.0
2018-11-25,24,8.892,8.259,2.562,5.592,13.635,69.6,0.584,1.0,3.0,-1.7,-9.0
2018-11-26,24,8.687,7.871,2.212,5.4,12.217,68.6,0.333,0.667,2.0,-2.2,-6.0
2018-11-27,24,8.53,8.04,2.626,4.921,13.355,68.4,1.292,2.333,5.0,4.1,-4.0
2018-11-28,24,8.232,7.326,2.506,4.886,12.752,67.5,0.458,1.0,2.0,-2.5,-6.0
2018-11-29,24,8.21,7.43,2.847,4.654,13.171,67.8,0.5,2.0,2.0,-3.3,-8.0
2018-11-30,24,7.904,7.152,2.399,4.952,11.858,67.9,0.375,1.333,2.0,-0.9,-5.0
2018-12-01,24,9.088,8.967,2.708,5.681,13.224,69.4,1.417,3.0,6.0,3.6,-9.0
2018-12-02,24,9.317,9.105,2.205,6.337,12.719,69.0,2.375,3.667,11.0,-9.2,-18.0
2018-12-03,24,8.657,8.411,2.211,5.268,12.219,68.4,2.042,3.0,8.0,-8.6,-20.0
2018-12-04,24,8.146,7.471,2.273,5.568,12.073,68.7,1.875,3.0,8.0,-10.1,-20.0
2018-12-05,24,7.907,7.196,2.024,5.389,11.055,70.9,1.125,2.0,4.0,-7.7,-15.0
2018-12-06,24,8.051,7.408,2.355,5.268,12.179,69.7,1.208,2.0,5.0,-12.0,-17.0
2018-12-07,24,9.159,8.053,3.478,5.352,17.939,70.1,2.25,3.333,9.0,-6.7,-25.0
2018-12-08,24,9.639,9.04,2.741,6.381,15.068,70.5,2.375,3.333,10.0,-13.8,-21.0
2018-12-09,24,9.309,8.295,2.557,5.994,13.962,71.6,1.917,3.667,9.0,-5.7,-16.0
2018-12-10,24,8.046,7.725,2.69,4.554,12.471,71.0,2.208,3.0,10.0,-13.4,-19.0
2018-12-11,24,8.099,7.935,2.426,5.027,12.413,71.0,1.833,2.667,8.0,-15.2,-20.0
2018-12-12,24,8.175,7.291,2.321,5.833,12.193,70.8,0.959,2.0,4.0,-12.3,-17.0
2018-12-13,24,8.015,7.339,2.342,5.521,12.012,70.2,0.292,1.0,1.0,-8.4,-16.0
2018-12-14,24,8.687,7.323,3.198,5.521,14.1,70.8,0.292,0.667,2.0,-4.8,-10.0
2018-12-15,24,8.789,8.005,2.717,6.105,13.954,71.2,0.208,0.333,1.0,-4.3,-7.0
2018-12-16,24,8.417,7.886,2.352,5.859,13.255,69.8,0.375,0.667,2.0,-1.4,-6.0
2018-12-17,24,9.47,8.609,2.015,7.015,12.878,70.1,1.25,2.333,5.0,5.3,-11.0
2018-12-18,24,8.596,8.013,1.895,6.079,12.012,70.4,1.584,2.667,6.0,-11.1,-20.0
2018-12-19,24,8.2,7.481,2.229,5.427,12.323,70.2,1.375,2.0,5.0,-8.4,-16.0
2018-12-20,24,7.997,6.742,2.391,5.05,12.45,69.8,2.334,3.0,11.0,-9.2,-16.0
2018-12-21,24,7.058,5.912,2.49,3.981,11.893,71.1,1.083,2.0,4.0,-11.7,-18.0
2018-12-22,24,7.083,6.004,2.748,4.127,12.782,71.0,0.375,1.0,2.0,-8.0,-16.0
2018-12-23,24,8.133,7.876,2.528,4.941,12.891,70.2,0.292,0.667,2.0,-3.4,-9.0
2018-12-24,24,9.387,9.247,1.734,6.949,12.874,69.5,0.5,1.333,2.0,-0.5,-7.0
2018-12-25,24,8.578,7.919,2.511,5.706,13.377,69.6,0.792,1.667,3.0,-4.5,-10.0
2018-12-26,24,8.948,8.159,2.709,5.795,14.056,68.7,0.333,1.0,2.0,-4.8,-10.0
2018-12-27,24,8.215,7.41,2.072,5.816,11.695,68.5,0.792,2.333,3.0,3.7,-5.0
2018-12-28,24,10.905,9.626,5.843,5.347,25.993,69.3,3.583,4.333,22.0,-14.9,-26.0
2018-12-29,24,9.602,8.604,3.332,5.646,16.107,69.0,2.25,3.0,9.0,-17.4,-26.0
2018-12-30,24,8.729,7.955,3.236,4.903,13.827,69.4,2.25,3.0,9.0,-12.0,-24.0
2018-12-31,24,8.872,7.58,3.136,5.338,14.983,69.3,1.625,3.0,7.0,-11.4,-21.0
2019-01-01,24,9.113,8.094,2.984,5.755,14.547,71.9,1.208,2.667,5.0,-12.3,-22.0
2019-01-02,24,8.02,7.271,2.429,4.481,12.926,75.2,0.083,0.333,0.0,-8.7,-15.0
2019-01-03,24,8.783,8.709,2.543,5.459,13.132,72.6,0.25,1.0,1.0,-4.4,-13.0
2019-01-04,24,9.406,8.522,2.786,6.331,14.828,71.5,1.917,3.333,9.0,-1.2,-11.0
2019-01-05,24,8.086,7.062,2.664,4.652,13.471,71.1,2.833,5.0,16.0,-16.3,-24.0
2019-01-06,24,8.042,7.077,3.119,4.614,13.943,72.0,2.25,3.0,9.0,-13.1,-19.0
2019-01-07,24,8.094,7.631,2.282,4.873,11.555,71.5,1.5,2.333,6.0,-9.1,-19.0
2019-01-08,24,8.481,7.292,2.116,6.168,12.132,71.3,1.416,2.333,6.0,-4.2,-9.0
2019-01-09,24,8.479,7.714,2.667,5.768,13.662,71.5,0.958,1.667,4.0,-3.0,-6.0
2019-01-10,24,7.983,7.021,3.249,3.995,14.51,70.1,0.75,1.333,3.0,-1.2,-9.0
2019-01-11,24,8.503,7.471,3.421,4.28,15.081,68.1,1.375,3.333,6.0,-3.4,-8.0
2019-01-12,24,7.903,7.161,2.644,4.743,11.695,69.6,0.417,1.0,2.0,-6.7,-13.0
2019-01-13,24,8.495,8.102,2.454,5.361,12.238,68.9,0.542,1.0,2.0,1.5,-8.0
2019-01-14,24,8.885,7.859,3.309,5.018,14.331,70.0,1.708,2.667,6.0,5.6,-7.0
2019-01-15,24,8.838,8.088,2.339,5.879,12.053,69.5,1.167,2.667,5.0,0.6,-5.0
2019-01-16,24,9.136,8.591,2.227,6.263,12.441,69.7,1.25,2.667,5.0,-7.0,-25.0
2019-01-17,24,7.404,7.966,1.828,5.009,9.825,68.6,1.667,2.667,6.0,-11.0,-20.0
2019-01-18,24,8.045,7.932,2.096,5.239,11.779,68.8,1.292,2.0,5.0,-8.2,-16.0
2019-01-19,24,7.85,7.351,1.724,5.709,10.645,69.7,0.917,2.667,4.0,-7.5,-18.0
2019-01-20,24,7.279,6.896,2.126,4.406,10.897,69.2,0.792,1.667,3.0,-3.4,-8.0
2019-01-21,24,7.246,6.597,2.087,4.679,10.808,69.9,0.708,1.667,3.0,1.3,-6.0
2019-01-22,24,7.549,7.137,2.627,4.269,12.938,70.7,0.667,2.0,3.0,1.7,-11.0
2019-01-23,24,8.528,8.122,2.551,5.083,12.703,71.5,2.667,4.0,12.0,-0.2,-12.0
2019-01-24,24,9.266,7.508,3.816,5.054,16.299,72.4,3.0,4.333,17.0,-7.7,-21.0
2019-01-25,24,9.237,8.819,2.567,5.868,13.431,75.0,2.625,3.333,12.0,-11.4,-18.0
2019-01-26,24,8.65,8.016,2.334,5.599,12.147,76.6,1.584,3.0,7.0,-8.3,-13.0
2019-01-27,24,8.963,8.608,2.664,5.295,13.227,75.1,1.0,2.0,4.0,-8.0,-13.0
2019-01-28,24,8.402,7.51,2.544,5.424,12.622,75.8,0.208,0.667,1.0,-4.9,-7.0
2019-01-29,24,8.0,8.078,2.487,4.827,11.743,73.1,0.375,1.667,2.0,-0.8,-6.0
2019-01-30,24,7.904,7.371,2.286,4.987,11.243,73.5,0.25,1.0,1.0,2.5,-2.0
2019-01-31,24,10.667,11.422,3.465,6.068,16.106,72.1,2.208,5.333,14.0,2.1,-25.0
2019-02-01,24,10.827,10.938,2.854,7.137,15.218,72.1,3.0,3.667,15.0,-21.7,-35.0
2019-02-02,24,8.904,8.249,2.861,5.641,13.305,70.9,3.042,4.0,16.0,-20.9,-32.0
2019-02-03,24,7.825,7.217,2.761,4.579,12.016,71.1,2.25,3.333,10.0,-20.7,-29.0
2019-02-04,24,8.63,8.44,2.928,4.962,12.701,70.7,1.25,3.0,5.0,-19.5,-28.0
2019-02-05,24,8.192,7.231,2.481,4.997,12.067,70.6,1.0,3.0,5.0,-12.5,-17.0
2019-02-06,24,8.877,7.915,3.053,5.523,15.143,69.8,2.042,2.667,8.0,-11.9,-25.0
2019-02-07,24,8.265,8.711,2.226,5.255,11.746,70.2,1.0,2.0,4.0,-12.7,-24.0
2019-02-08,24,8.475,8.694,3.016,4.646,13.771,70.0,1.833,3.667,8.0,-14.1,-25.0
2019-02-09,24,8.798,9.266,2.676,4.955,12.33,70.3,2.125,3.0,9.0,-11.0,-20.0
2019-02-10,24,9.256,8.765,3.369,5.368,16.112,70.0,1.208,2.667,5.0,-7.8,-14.0
2019-02-11,24,9.447,9.651,3.033,5.575,14.897,69.9,1.875,3.0,8.0,-8.0,-16.0
2019-02-12,24,9.663,9.111,3.144,5.623,15.195,70.2,1.125,2.333,4.0,-7.4,-13.0
2019-02-13,24,10.375,10.515,3.477,6.192,17.417,70.4,2.584,3.667,13.0,-12.5,-26.0
2019-02-14,24,9.673,9.809,2.533,6.423,13.02,71.4,2.042,3.333,9.0,-10.5,-19.0
2019-02-15,24,9.861,9.228,3.851,5.262,17.956,70.9,0.75,2.333,3.0,-8.4,-12.0
2019-02-16,24,9.838,9.826,3.271,5.788,15.794,70.7,0.75,2.0,3.0,-6.0,-11.0
2019-02-17,24,9.759,9.482,2.976,5.614,14.817,70.1,0.708,2.333,3.0,-4.0,-12.0
2019-02-18,24,10.403,11.101,3.407,5.963,16.765,69.9,1.333,3.0,6.0,-7.6,-12.0
2019-02-19,24,10.293,10.891,2.935,5.862,13.975,70.2,0.5,1.0,2.0,-7.8,-11.0
2019-02-20,24,10.157,9.995,2.994,5.733,16.096,71.0,0.625,1.667,3.0,3.3,-7.0
2019-02-21,24,10.13,10.089,3.168,5.379,14.662,70.8,2.292,3.667,10.0,-3.8,-17.0
2019-02-22,24,10.782,9.604,3.903,5.78,17.533,71.2,0.792,2.0,3.0,-7.5,-16.0
2019-02-23,24,10.11,8.984,3.509,6.194,17.244,70.7,0.333,1.0,2.0,0.5,-4.0
2019-02-24,24,10.716,8.814,5.178,5.166,20.433,70.5,0.292,1.0,1.0,0.2,-3.0
2019-02-25,24,10.294,8.976,3.743,6.243,16.959,70.4,0.25,0.667,1.0,2.7,-3.0
2019-02-26,24,9.169,8.974,2.453,5.532,12.774,70.6,0.417,1.0,2.0,0.5,-2.0
2019-02-27,24,9.856,9.967,3.611,5.146,16.92,70.7,2.0,4.0,11.0,-1.0,-28.0
2019-02-28,24,11.207,10.24,3.696,5.982,17.651,70.1,3.583,4.667,23.0,-22.3,-41.0
2019-03-01,24,10.149,9.47,3.858,5.146,18.069,69.9,3.667,4.333,23.0,-26.2,-34.0
2019-03-02,24,9.134,8.295,3.364,4.973,14.666,69.4,2.625,4.0,13.0,-22.9,-29.0
2019-03-03,24,8.859,7.733,4.01,4.273,17.206,69.5,1.375,2.667,6.0,-18.1,-22.0
2019-03-04,24,9.791,8.538,4.561,4.639,18.908,70.9,1.542,2.333,6.0,-22.5,-28.0
2019-03-05,24,9.19,8.315,3.356,4.681,14.44,72.0,1.083,2.333,4.0,-15.2,-26.0
2019-03-06,24,10.106,9.391,4.073,4.935,16.201,72.5,1.667,3.0,7.0,-11.0,-25.0
2019-03-07,24,11.009,9.802,4.422,6.255,20.052,70.9,1.417,2.667,6.0,-10.2,-24.0
2019-03-08,24,9.843,10.529,3.277,5.322,14.924,71.8,1.042,2.667,4.0,-12.7,-18.0
2019-03-09,24,10.128,9.713,3.95,5.436,16.398,70.7,1.083,2.333,4.0,-7.1,-13.0
2019-03-10,24,10.411,9.162,3.909,6.236,17.912,71.1,0.792,2.333,3.0,-11.9,-18.0
2019-03-11,24,10.224,9.544,3.999,5.908,16.358,70.4,0.458,1.333,2.0,-4.5,-8.0
2019-03-12,24,10.274,9.775,4.299,5.342,18.398,70.7,1.542,2.667,6.0,-12.6,-27.0
2019-03-13,24,10.471,9.809,3.894,5.695,16.736,70.8,0.833,1.667,4.0,-10.4,-20.0
2019-03-14,24,11.124,10.87,3.693,6.776,16.96,70.1,1.583,3.0,7.0,-8.1,-14.0
2019-03-15,24,10.337,9.51,3.783,5.782,17.146,69.6,1.625,2.667,7.0,-10.7,-21.0
2019-03-16,24,11.217,10.793,4.382,5.731,18.144,69.5,2.333,4.667,12.0,-14.2,-34.0
2019-03-17,24,10.475,9.917,3.883,5.495,16.659,69.3,2.5,4.667,15.0,-31.0,-43.0
2019-03-18,24,9.55,9.242,3.714,5.063,15.209,70.0,0.458,0.667,2.0,-11.4,-15.0
2019-03-19,24,9.705,9.218,4.403,4.714,17.628,69.7,1.584,2.667,6.0,-2.1,-17.0
2019-03-20,24,10.036,10.302,3.924,4.893,15.723,76.8,1.25,1.667,5.0,-4.9,-11.0
2019-03-21,24,10.567,9.501,4.693,5.383,18.941,80.1,0.292,1.0,2.0,-3.2,-8.0
2019-03-22,24,10.884,10.338,4.918,5.063,19.267,82.4,0.167,0.667,1.0,-0.8,-4.0
2019-03-23,24,10.4,10.42,3.715,5.483,15.943,79.4,0.167,1.0,1.0,1.5,-3.0
2019-03-24,24,10.264,9.599,4.43,5.38,17.407,75.4,0.292,2.0,1.0,5.9,0.0
2019-03-25,24,10.757,10.667,4.411,5.407,17.951,71.2,1.125,2.333,4.0,8.2,1.0
2019-03-26,24,11.03,9.64,4.835,5.422,18.549,69.0,1.042,2.333,4.0,0.5,-8.0
2019-03-27,24,11.599,10.837,4.45,6.241,19.338,68.9,1.667,2.667,6.0,-3.2,-10.0
2019-03-28,24,12.207,12.535,5.193,6.737,22.673,68.4,2.167,3.0,9.0,-7.4,-14.0
2019-03-29,24,11.83,10.542,6.202,4.803,22.048,68.8,1.75,2.0,6.0,-6.6,-16.0
2019-03-30,24,10.237,8.612,4.859,4.805,16.976,69.4,0.708,2.0,3.0,-6.1,-12.0
2019-03-31,24,11.695,10.125,5.475,5.541,21.263,69.5,2.042,3.667,9.0,-10.4,-19.0
2019-04-01,24,10.763,10.374,4.075,5.764,18.979,69.3,1.667,2.667,6.0,-15.3,-29.0
2019-04-02,24,10.67,9.266,4.379,5.564,18.113,70.8,1.208,3.333,6.0,-11.4,-19.0
2019-04-03,24,11.56,10.258,5.545,5.316,23.432,70.6,2.333,3.333,10.0,-19.5,-30.0
2019-04-04,24,11.239,9.933,5.338,4.837,22.984,70.3,2.208,3.667,10.0,-22.5,-35.0
2019-04-05,24,11.411,8.89,6.194,4.743,20.507,71.7,2.625,3.333,12.0,-17.5,-21.0
2019-04-06,24,10.231,9.315,5.297,4.162,20.062,73.6,1.667,3.0,7.0,-12.6,-19.0
2019-04-07,24,9.932,9.241,4.369,4.832,18.245,76.5,1.125,2.0,4.0,-11.9,-18.0
2019-04-08,24,11.318,10.535,5.243,4.882,19.036,78.6,2.542,3.333,11.0,-15.0,-28.0
2019-04-09,24,11.721,10.488,5.37,5.218,21.649,79.0,2.208,3.333,9.0,-12.5,-22.0
2019-04-10,24,12.764,11.605,6.298,5.383,24.314,78.1,2.625,4.0,14.0,-19.6,-34.0
2019-04-11,24,12.992,10.243,7.148,5.369,26.497,78.5,1.625,2.667,6.0,-10.6,-16.0
2019-04-12,24,12.833,11.534,6.053,5.519,20.715,77.3,1.792,3.0,7.0,-14.7,-22.0
2019-04-13,24,12.349,10.996,5.578,5.734,21.207,77.9,1.625,3.0,7.0,-8.0,-17.0
2019-04-14,24,12.299,9.754,6.651,4.768,23.091,75.4,0.917,1.667,4.0,-4.7,-11.0
2019-04-15,24,12.793,11.779,6.166,4.762,20.905,75.4,1.708,2.333,6.0,-5.0,-20.0
2019-04-16,24,12.442,11.139,5.135,6.081,20.061,74.2,1.417,2.333,5.0,-9.4,-15.0
2019-04-17,24,11.307,10.968,4.588,5.076,17.55,76.1,0.667,1.667,3.0,-4.1,-11.0
2019-04-18,24,11.164,9.784,4.736,5.448,18.272,74.6,0.375,1.0,2.0,-0.4,-5.0
2019-04-19,24,12.188,10.594,5.811,5.241,21.496,72.7,1.0,1.667,4.0,1.2,-9.0
2019-04-20,24,12.708,10.577,6.433,5.559,22.746,69.9,0.834,1.333,4.0,2.8,-5.0
2019-04-21,24,11.731,9.954,5.735,4.753,21.959,69.3,0.708,1.667,3.0,-3.0,-9.0
2019-04-22,24,11.371,10.177,5.432,4.754,21.137,69.4,0.625,1.333,3.0,1.5,-3.0
2019-04-23,24,12.307,9.51,6.786,4.873,23.05,68.8,1.5,3.333,7.0,0.1,-11.0
2019-04-24,24,11.724,10.132,5.892,4.298,21.635,69.3,1.542,3.0,6.0,-8.0,-18.0
2019-04-25,24,10.865,9.723,4.639,4.829,19.151,67.5,1.167,1.667,4.0,-2.8,-7.0
2019-04-26,24,11.168,9.223,5.777,4.132,20.337,67.2,0.833,1.667,3.0,-4.1,-8.0
2019-04-27,24,11.073,9.625,5.655,4.152,20.112,66.9,1.417,2.0,5.0,-10.4,-14.0
2019-04-28,24,11.906,10.628,5.554,5.019,20.602,67.9,1.042,2.0,4.0,-3.4,-8.0
2019-04-29,24,11.522,10.675,5.352,5.173,20.397,66.9,1.083,2.0,4.0,-3.8,-12.0
2019-04-30,24,10.997,10.513,5.177,4.773,20.873,68.5,1.042,1.667,4.0,-4.5,-12.0
2019-05-01,24,11.622,9.753,5.926,4.652,21.547,67.6,2.125,4.0,11.0,-2.8,-21.0
2019-05-02,24,11.148,10.156,4.827,4.639,19.789,69.2,2.416,3.333,11.0,-14.3,-34.0
2019-05-03,24,12.712,9.836,7.218,4.584,24.975,69.8,1.792,2.667,7.0,-11.7,-21.0
2019-05-04,24,12.688,12.41,6.215,4.752,22.37,72.3,2.042,2.667,8.0,-13.3,-24.0
2019-05-05,24,11.659,10.894,5.083,4.927,18.4,73.5,0.667,1.333,3.0,-9.8,-19.0
2019-05-06,24,12.371,11.949,5.274,5.218,19.655,76.0,1.083,1.667,4.0,-6.9,-15.0
2019-05-07,24,12.566,12.665,5.079,4.986,20.083,78.7,1.125,2.0,4.0,-5.2,-10.0
2019-05-08,24,12.212,12.372,4.714,5.748,18.79,75.3,0.333,1.0,2.0,5.4,-3.0
2019-05-09,24,13.579,12.085,7.326,5.048,25.836,76.2,1.542,2.333,6.0,3.8,-8.0
2019-05-10,24,13.041,11.843,6.04,5.466,23.284,76.3,1.625,3.0,7.0,-5.2,-17.0
2019-05-11,24,13.127,12.185,5.258,5.698,21.701,78.0,3.667,5.0,24.0,-39.8,-54.0
2019-05-12,24,11.481,11.632,3.269,6.176,16.402,76.0,0.917,1.667,4.0,-20.2,-33.0
2019-05-13,24,13.825,11.643,7.402,5.182,27.397,74.7,1.375,2.667,6.0,-13.2,-25.0
2019-05-14,24,12.287,11.773,5.107,6.02,22.073,74.4,3.667,6.333,32.0,-39.8,-68.0
2019-05-15,24,12.067,11.823,4.929,5.471,19.347,74.0,1.292,2.333,5.0,-11.3,-36.0
2019-05-16,24,15.251,14.959,7.03,6.25,26.807,73.6,1.625,3.0,7.0,-9.1,-14.0
2019-05-17,24,12.996,12.934,4.273,6.598,20.86,72.1,0.958,2.333,4.0,-6.7,-14.0
2019-05-18,24,12.908,14.502,5.175,5.627,19.132,70.6,0.875,2.0,4.0,-11.7,-15.0
2019-05-19,24,13.209,10.63,6.688,5.337,22.753,68.0,0.542,1.667,2.0,-5.3,-9.0
2019-05-20,24,11.623,13.044,4.229,5.011,17.612,68.7,1.167,3.333,5.0,-6.3,-10.0
2019-05-21,24,11.013,10.629,4.411,4.886,17.816,68.0,0.667,1.667,3.0,-8.3,-12.0
2019-05-22,24,10.67,11.298,3.995,4.651,16.539,67.3,0.917,1.667,4.0,3.7,-7.0
2019-05-23,24,10.767,9.063,4.619,4.991,18.343,66.5,1.083,1.667,4.0,-2.6,-26.0
2019-05-24,24,10.013,9.32,4.599,4.227,17.434,66.4,1.042,1.667,4.0,-5.3,-18.0
2019-05-25,24,9.789,10.074,3.855,4.681,14.832,67.0,0.708,1.667,3.0,1.6,-7.0
2019-05-26,24,10.755,11.251,4.442,4.68,17.281,68.0,0.792,3.0,4.0,1.5,-5.0
2019-05-27,24,12.952,12.591,5.831,4.966,20.539,67.5,1.916,3.333,8.0,-5.2,-21.0
2019-05-28,24,10.271,10.112,3.659,4.964,16.367,68.1,1.625,3.0,7.0,-5.7,-16.0
2019-05-29,24,11.867,11.813,4.835,5.039,18.856,68.2,2.708,3.667,13.0,-18.8,-31.0
2019-05-30,24,10.881,11.675,3.852,5.05,17.69,68.7,1.875,3.0,7.0,-11.0,-21.0
2019-05-31,24,11.754,11.291,5.284,4.787,20.614,68.7,0.833,1.667,4.0,-12.5,-16.0
2019-06-01,24,11.718,11.652,4.4,5.42,18.324,69.7,0.583,1.0,3.0,-8.5,-12.0
2019-06-02,24,10.767,12.034,4.49,4.373,16.77,69.9,0.625,2.0,3.0,-3.1,-10.0
2019-06-03,24,11.855,13.072,5.135,4.534,17.966,69.8,0.75,1.333,3.0,1.6,-9.0
2019-06-04,24,12.706,12.428,6.154,4.599,23.427,70.0,1.666,2.333,6.0,-9.0,-29.0
2019-06-05,24,12.105,12.315,4.99,5.254,18.484,69.8,0.833,2.333,4.0,-11.0,-19.0
2019-06-06,24,11.705,12.045,5.094,4.482,18.288,68.9,0.375,0.667,2.0,-2.6,-6.0
2019-06-07,24,12.578,13.827,4.825,4.805,18.063,68.9,0.833,1.333,4.0,-0.6,-4.0
2019-06-08,24,12.597,13.185,3.924,5.761,17.608,68.4,2.625,5.333,20.0,3.8,-17.0
2019-06-09,24,10.601,9.247,3.712,5.572,16.523,68.4,1.417,3.0,6.0,-15.2,-21.0
2019-06-10,24,11.035,11.021,4.863,4.073,18.783,68.9,0.458,0.667,2.0,-6.4,-11.0
2019-06-11,24,11.564,12.957,4.347,4.602,16.703,69.7,0.416,0.667,2.0,-2.4,-10.0
2019-06-12,24,11.354,12.448,4.223,4.948,17.446,69.5,0.667,1.333,3.0,2.9,-4.0
2019-06-13,24,12.677,13.408,6.675,3.979,23.364,67.5,2.0,4.0,9.0,3.2,-9.0
2019-06-14,24,11.791,12.967,5.58,4.186,20.321,68.0,1.5,2.333,6.0,-5.4,-11.0
2019-06-15,24,11.646,12.159,5.125,4.252,18.691,66.7,0.75,1.333,3.0,-5.2,-12.0
2019-06-16,24,11.162,11.503,5.13,4.795,21.212,65.9,0.833,1.333,4.0,-8.8,-13.0
2019-06-17,24,10.248,9.758,4.78,3.602,17.368,66.3,0.417,1.0,2.0,-3.8,-13.0
2019-06-18,24,10.266,10.86,4.016,4.0,15.852,67.0,0.625,1.333,3.0,3.3,-2.0
2019-06-19,24,10.263,10.564,3.976,4.327,16.006,68.0,0.667,1.0,3.0,7.6,3.0
2019-06-20,24,11.772,12.939,5.219,3.894,18.179,67.7,1.542,2.333,6.0,-4.0,-18.0
2019-06-21,24,11.171,10.259,4.289,4.894,17.867,66.5,1.375,2.333,5.0,2.9,-4.0
2019-06-22,24,9.481,9.577,3.481,4.464,14.823,66.4,0.792,1.667,3.0,1.3,-6.0
2019-06-23,24,10.646,10.103,5.815,3.347,20.81,67.2,0.458,1.333,2.0,-2.2,-8.0
2019-06-24,24,11.443,10.117,6.26,4.177,24.15,67.9,1.084,1.667,4.0,1.9,-4.0
2019-06-25,24,11.656,12.442,4.89,4.661,17.715,67.9,0.667,1.333,3.0,0.5,-4.0
2019-06-26,24,11.385,12.731,3.948,5.015,16.172,68.0,1.25,1.667,5.0,-3.1,-12.0
2019-06-27,24,10.955,12.057,3.59,4.832,16.09,67.0,0.75,1.333,3.0,1.3,-9.0
2019-06-28,24,11.075,11.648,3.662,4.9,15.991,68.1,0.833,2.0,4.0,-2.8,-10.0
2019-06-29,24,10.797,10.843,4.02,4.547,17.294,67.6,0.583,1.0,3.0,0.0,-6.0
2019-06-30,24,10.749,10.938,3.53,4.763,15.527,67.4,0.833,2.333,4.0,2.5,-4.0
2019-07-01,24,12.251,13.583,4.906,5.223,20.913,68.2,1.916,3.0,8.0,-10.5,-19.0
2019-07-02,24,11.681,12.289,4.775,4.605,17.492,67.3,1.167,2.0,4.0,-9.1,-16.0
2019-07-03,24,10.681,11.693,3.301,4.988,15.019,66.9,0.833,1.333,3.0,-0.2,-13.0
2019-07-04,24,11.176,11.908,5.017,3.97,18.84,67.6,1.083,2.333,4.0,-2.3,-12.0
2019-07-05,24,10.891,10.382,3.551,5.512,16.333,66.8,0.917,1.667,4.0,2.2,-4.0
2019-07-06,24,10.864,11.113,4.583,4.402,17.324,66.5,0.625,1.0,3.0,3.8,-2.0
2019-07-07,24,11.539,10.772,5.693,3.9,20.017,67.3,1.0,1.667,4.0,2.4,-5.0
2019-07-08,24,11.033,10.375,4.826,4.33,18.63,66.5,1.542,3.667,8.0,-0.8,-12.0
2019-07-09,24,11.625,11.689,4.585,4.666,18.166,67.5,2.708,5.0,15.0,-4.2,-16.0
2019-07-10,24,12.397,12.212,5.611,4.835,20.48,67.8,2.625,4.667,15.0,-18.4,-32.0
2019-07-11,24,10.168,9.702,4.824,3.723,17.93,67.1,1.417,3.0,6.0,-19.3,-25.0
2019-07-12,24,11.528,12.28,4.822,4.647,17.45,66.8,1.167,2.0,4.0,-15.8,-25.0
2019-07-13,24,11.039,10.608,5.451,4.187,21.83,66.0,1.375,2.333,5.0,-7.8,-18.0
2019-07-14,24,9.023,9.418,3.538,3.987,14.731,67.2,1.167,2.333,5.0,-4.0,-11.0
2019-07-15,24,10.109,10.382,4.825,3.585,18.131,67.1,1.625,2.667,6.0,-4.9,-14.0
2019-07-16,24,11.041,10.948,5.181,3.932,19.686,67.2,1.167,1.667,4.0,-5.4,-12.0
2019-07-17,24,11.354,11.214,4.836,4.514,20.879,67.8,1.333,2.333,5.0,-5.2,-14.0
2019-07-18,24,9.823,9.851,3.371,4.815,15.354,67.0,0.667,1.333,3.0,-2.5,-7.0
2019-07-19,24,9.341,9.47,3.951,4.328,15.833,66.7,0.667,1.0,3.0,-3.4,-7.0
2019-07-20,24,8.916,8.83,3.996,3.362,14.164,67.0,0.375,0.667,2.0,-0.1,-5.0
2019-07-21,24,9.307,9.714,3.643,4.194,15.798,67.7,1.625,3.667,8.0,2.5,-4.0
2019-07-22,24,9.995,11.613,3.847,3.873,14.672,67.3,1.833,2.333,7.0,-3.9,-19.0
2019-07-23,24,10.485,10.105,4.672,4.273,18.966,67.4,1.417,2.0,5.0,-3.1,-14.0
2019-07-24,24,9.752,9.103,4.265,3.841,16.996,67.8,0.958,1.333,4.0,-0.9,-8.0
2019-07-25,24,9.293,9.514,4.272,3.673,16.145,68.2,0.417,1.0,2.0,-3.3,-6.0
2019-07-26,24,9.161,8.972,4.18,3.754,16.181,67.6,0.25,0.333,2.0,2.1,-4.0
2019-07-27,24,10.081,8.902,5.509,3.179,19.925,66.7,0.958,2.333,4.0,2.9,-10.0
2019-07-28,24,9.644,10.536,3.59,4.26,15.165,67.1,1.0,1.667,4.0,1.1,-7.0
2019-07-29,24,10.203,10.04,5.632,3.496,20.617,66.1,1.0,1.667,4.0,-4.1,-12.0
2019-07-30,24,10.07,10.119,4.269,4.144,16.472,66.2,1.667,3.333,8.0,1.0,-8.0
2019-07-31,24,10.196,9.976,4.534,3.466,17.299,66.9,1.708,2.667,7.0,2.1,-6.0
2019-08-01,24,10.507,9.79,4.58,4.327,18.916,66.8,1.584,3.333,7.0,-0.2,-3.0
2019-08-02,24,10.504,10.116,4.963,4.006,19.815,66.9,0.708,1.0,3.0,-3.9,-11.0
2019-08-03,24,9.395,10.362,3.944,3.839,16.027,65.7,0.333,0.667,2.0,3.0,-1.0
2019-08-04,24,9.727,10.254,4.517,3.86,16.571,66.9,0.708,1.667,3.0,5.3,-1.0
2019-08-05,24,13.776,12.477,8.043,4.221,27.661,68.1,3.958,5.333,34.0,-27.8,-53.0
2019-08-06,24,11.095,10.292,4.676,4.981,18.055,68.1,2.292,3.0,10.0,-31.0,-42.0
2019-08-07,24,10.744,9.677,5.446,4.254,20.913,68.0,1.417,2.333,5.0,-22.2,-32.0
2019-08-08,24,10.458,9.617,4.796,4.32,19.804,68.6,1.458,2.667,6.0,-20.5,-24.0
2019-08-09,24,9.723,9.507,4.361,3.795,17.088,67.2,1.417,2.667,6.0,-11.0,-15.0
2019-08-10,24,9.86,10.603,3.918,3.851,15.359,67.2,1.625,2.667,6.0,-17.4,-23.0
2019-08-11,24,9.973,9.805,4.555,4.215,17.68,67.6,1.292,2.333,5.0,-13.0,-21.0
2019-08-12,24,9.575,10.258,4.242,3.989,16.128,67.2,1.167,1.667,4.0,-4.0,-10.0
2019-08-13,24,10.486,11.067,5.135,3.373,17.582,66.8,1.583,2.0,6.0,-8.2,-21.0
2019-08-14,24,9.414,9.242,4.119,4.041,17.735,67.4,0.833,1.333,4.0,-8.8,-19.0
2019-08-15,24,9.008,9.779,3.447,4.102,13.956,67.6,0.75,1.333,3.0,-6.3,-11.0
2019-08-16,24,9.9,11.387,4.175,3.863,15.296,67.5,1.0,2.0,4.0,-10.1,-19.0
2019-08-17,24,9.937,10.536,4.309,4.143,16.422,68.0,0.917,2.0,4.0,-5.5,-14.0
2019-08-18,24,10.099,10.025,5.071,3.482,19.162,67.5,1.292,2.667,5.0,-5.0,-10.0
2019-08-19,24,9.613,9.673,4.244,3.72,15.747,67.7,0.667,1.0,3.0,0.3,-7.0
2019-08-20,24,9.889,9.54,4.673,3.694,16.639,67.3,1.0,1.667,4.0,-0.4,-5.0
2019-08-21,24,10.397,11.233,4.608,4.116,16.942,66.8,0.875,1.333,4.0,0.3,-11.0
2019-08-22,24,9.609,10.112,3.958,4.241,14.566,65.7,1.25,2.333,5.0,4.3,-6.0
2019-08-23,24,9.76,9.254,4.639,4.077,17.716,66.5,0.833,1.667,4.0,-3.0,-9.0
2019-08-24,24,8.894,8.92,3.535,3.802,13.429,66.3,0.875,2.0,4.0,-0.1,-6.0
2019-08-25,24,10.199,10.665,4.723,4.073,17.267,66.0,0.708,1.667,3.0,-3.0,-11.0
2019-08-26,24,9.813,9.449,4.665,3.67,17.207,65.8,1.292,2.333,5.0,-1.1,-9.0
2019-08-27,24,11.415,9.853,6.212,3.977,22.667,66.1,2.333,3.0,10.0,-8.0,-19.0
2019-08-28,24,10.587,10.111,4.694,4.525,17.78,65.9,1.042,2.0,4.0,-9.7,-15.0
2019-08-29,24,9.331,10.408,3.346,4.273,13.992,65.9,0.667,1.667,3.0,-3.6,-13.0
2019-08-30,24,10.465,11.556,4.178,4.241,17.56,66.5,1.958,3.333,9.0,-2.8,-16.0
2019-08-31,24,10.746,11.195,3.774,4.689,16.296,66.4,4.5,5.667,38.0,-31.0,-45.0
2019-09-01,24,10.257,10.204,3.992,4.169,16.924,67.1,4.833,5.333,44.0,-45.2,-59.0
2019-09-02,24,10.016,10.514,4.27,3.602,16.345,68.8,3.417,5.0,22.0,-37.6,-55.0
2019-09-03,24,9.727,9.11,4.157,3.723,16.182,68.6,2.042,3.0,8.0,-27.6,-30.0
2019-09-04,24,10.285,10.884,4.304,3.723,16.728,68.6,2.458,3.0,10.0,-25.2,-33.0
2019-09-05,24,10.093,9.538,4.274,4.766,17.848,68.3,2.542,4.0,12.0,-31.4,-51.0
2019-09-06,24,10.305,9.957,5.682,3.727,22.078,68.9,1.625,3.333,7.0,-24.4,-31.0
2019-09-07,24,9.715,9.741,4.233,4.034,16.499,73.9,1.542,2.333,6.0,-18.9,-25.0
2019-09-08,24,10.425,11.447,4.45,4.566,17.486,67.5,2.083,2.667,8.0,-24.1,-35.0
2019-09-09,24,9.306,9.285,4.061,3.886,15.574,68.8,2.75,3.333,13.0,-28.4,-38.0
2019-09-10,24,9.627,10.243,4.185,4.186,15.888,70.0,0.958,2.0,4.0,-21.5,-30.0
2019-09-11,24,9.81,9.598,4.542,3.966,16.352,68.1,1.042,2.0,4.0,-22.3,-30.0
2019-09-12,24,9.877,10.874,3.602,4.421,14.451,69.4,1.375,2.0,5.0,-16.1,-24.0
2019-09-13,24,10.98,9.64,5.477,5.0,20.595,68.3,1.75,2.667,7.0,-9.5,-21.0
2019-09-14,24,9.657,8.406,4.758,4.368,18.897,68.6,1.334,2.0,5.0,-14.2,-22.0
2019-09-15,24,11.325,9.232,7.286,3.291,25.075,67.7,1.875,3.0,8.0,-11.2,-25.0
2019-09-16,24,10.67,8.215,6.028,4.204,20.006,68.7,2.083,4.0,10.0,-11.5,-18.0
2019-09-17,24,10.251,9.091,5.255,3.995,18.222,67.5,1.625,3.667,8.0,-8.0,-19.0
2019-09-18,24,9.829,9.232,4.546,4.541,15.872,66.3,1.875,3.0,8.0,-14.9,-19.0
2019-09-19,24,9.555,8.282,4.52,4.652,18.743,67.1,0.667,1.333,3.0,-9.8,-16.0
2019-09-20,24,9.527,7.633,5.22,3.994,18.365,67.2,0.542,1.0,3.0,-6.5,-10.0
2019-09-21,24,11.922,8.428,8.171,4.091,27.814,67.7,1.666,2.333,6.0,-11.1,-24.0
2019-09-22,24,10.079,9.132,4.34,5.143,16.155,68.3,0.75,2.333,3.0,-6.7,-24.0
2019-09-23,24,9.535,8.808,4.216,5.073,16.778,66.1,0.542,1.333,2.0,-4.7,-14.0
2019-09-24,24,11.063,10.343,5.232,4.979,19.267,67.1,2.375,3.667,12.0,-11.8,-33.0
2019-09-25,24,10.959,9.149,5.13,6.043,20.203,67.5,0.875,2.0,4.0,-8.3,-14.0
2019-09-26,24,10.555,8.955,5.002,4.686,17.786,67.1,0.625,2.333,3.0,-7.2,-10.0
2019-09-27,24,12.247,11.36,5.224,6.133,22.566,66.4,2.875,5.333,22.0,-10.2,-56.0
2019-09-28,24,9.087,9.03,3.353,4.359,15.254,67.3,3.667,4.667,24.0,-32.9,-47.0
2019-09-29,24,9.06,8.987,3.651,4.438,15.222,67.4,2.5,3.667,12.0,-24.8,-37.0
2019-09-30,24,9.56,8.007,4.182,4.998,16.734,67.9,2.583,3.667,12.0,-29.6,-43.0
2019-10-01,24,11.678,7.638,8.632,4.431,31.12,68.7,2.042,4.0,10.0,-30.1,-43.0
2019-10-02,24,10.603,7.393,6.636,4.56,23.875,68.3,1.5,3.0,6.0,-16.4,-23.0
2019-10-03,24,9.698,7.707,4.591,4.353,17.334,68.2,1.042,1.667,4.0,-10.4,-19.0
2019-10-04,24,10.461,9.5,4.468,5.406,17.888,68.1,1.667,2.667,6.0,-3.6,-18.0
2019-10-05,24,10.781,8.585,5.257,5.818,20.595,67.8,1.708,3.0,7.0,-8.1,-18.0
2019-10-06,24,10.402,8.495,4.977,5.343,19.884,67.4,1.042,2.0,4.0,-13.1,-19.0
2019-10-07,24,10.697,8.717,4.818,5.689,18.781,67.7,1.375,2.667,6.0,-12.1,-17.0
2019-10-08,24,10.923,8.844,5.592,4.902,21.738,67.1,1.125,1.667,4.0,-8.5,-15.0
2019-10-09,24,11.308,8.941,5.679,5.427,21.901,68.1,1.833,3.667,8.0,-11.0,-22.0
2019-10-10,24,12.616,10.714,5.272,7.094,22.676,67.5,2.416,4.333,13.0,-16.7,-33.0
2019-10-11,24,10.242,8.026,5.076,4.795,18.647,68.5,1.708,3.0,7.0,-16.5,-21.0
2019-10-12,24,10.394,8.176,5.354,4.475,18.544,68.3,1.167,2.0,4.0,-12.9,-20.0
2019-10-13,24,9.868,8.714,3.85,5.594,16.673,67.2,0.083,0.667,0.0,-5.9,-11.0
2019-10-14,24,10.164,8.76,4.691,5.254,18.595,66.2,1.25,2.0,5.0,-5.8,-14.0
2019-10-15,24,10.474,8.649,4.786,5.837,20.302,67.2,0.833,2.333,3.0,3.4,-7.0
2019-10-16,24,9.966,8.564,4.105,5.313,17.388,66.3,1.375,2.0,5.0,-2.3,-13.0
2019-10-17,24,11.083,9.145,5.012,5.868,19.275,66.1,1.25,1.667,5.0,-5.7,-13.0
2019-10-18,24,11.047,8.871,5.474,5.766,22.327,66.1,1.333,2.0,5.0,-7.1,-16.0
2019-10-19,24,11.132,9.458,5.112,6.287,22.742,66.0,1.084,1.667,4.0,-10.2,-18.0
2019-10-20,24,10.587,8.994,4.219,6.555,18.891,65.0,1.083,2.333,4.0,-7.3,-14.0
2019-10-21,24,9.507,8.309,3.729,5.276,16.97,64.0,1.042,2.667,4.0,-2.7,-12.0
2019-10-22,24,10.249,8.572,4.48,5.853,19.347,65.6,0.583,1.333,2.0,0.2,-4.0
2019-10-23,24,8.819,7.94,3.006,5.023,13.524,64.5,0.25,0.667,1.0,-3.0,-10.0
2019-10-24,24,10.305,9.748,4.722,4.634,20.355,65.0,2.792,4.333,18.0,-5.6,-23.0
2019-10-25,24,10.244,9.289,3.789,5.273,16.144,68.6,3.666,5.333,25.0,-32.8,-52.0
2019-10-26,24,10.33,8.285,5.049,4.864,19.903,68.6,3.708,4.667,24.0,-32.5,-47.0
2019-10-27,24,9.2,6.819,4.57,4.271,17.742,68.8,2.833,4.0,15.0,-31.9,-40.0
2019-10-28,24,9.33,7.124,5.192,3.946,18.068,69.4,2.375,3.333,10.0,-30.2,-40.0
2019-10-29,24,9.308,7.07,5.367,3.591,21.57,69.2,1.667,3.0,7.0,-22.4,-28.0
2019-10-30,24,10.18,8.025,5.769,4.439,22.715,69.7,1.708,2.333,7.0,-11.2,-25.0
2019-10-31,24,9.9,8.224,3.838,5.298,16.94,71.2,1.292,3.667,6.0,-9.2,-16.0
2019-11-01,24,10.002,7.33,4.661,5.418,19.688,70.7,0.667,2.333,3.0,-11.2,-19.0
2019-11-02,24,9.851,7.908,5.816,4.041,23.253,70.7,0.167,1.0,1.0,-7.5,-14.0
2019-11-03,24,8.647,6.951,3.704,4.745,16.145,69.4,0.25,1.0,1.0,-3.5,-7.0
2019-11-04,24,9.268,7.534,4.462,4.877,19.424,70.8,0.917,2.0,4.0,-1.5,-14.0
2019-11-05,24,9.539,8.653,3.608,5.6,16.624,70.4,1.333,2.0,5.0,-8.2,-17.0
2019-11-06,24,8.822,7.425,3.3,4.79,14.674,69.3,1.417,2.667,6.0,-9.4,-15.0
2019-11-07,24,9.225,7.481,4.276,4.288,18.078,69.8,0.875,2.0,4.0,-11.1,-18.0
2019-11-08,24,9.097,7.241,3.844,4.911,16.409,70.2,0.625,1.0,3.0,-5.2,-12.0
2019-11-09,24,8.88,7.473,3.36,5.232,15.042,69.6,0.958,2.333,4.0,-6.0,-9.0
2019-11-10,24,8.81,8.35,2.924,5.266,13.919,70.8,0.542,1.333,2.0,-6.5,-13.0
2019-11-11,24,10.839,9.768,4.428,5.666,21.16,69.5,1.875,2.667,8.0,-10.3,-29.0
2019-11-12,24,9.813,8.182,3.199,5.879,15.612,70.8,0.792,2.333,3.0,-6.2,-12.0
2019-11-13,24,9.272,7.896,3.901,5.168,16.902,71.1,0.25,1.333,1.0,-6.4,-14.0
2019-11-14,24,9.438,8.818,2.749,6.229,14.399,69.9,0.583,2.0,2.0,-1.9,-10.0
2019-11-15,24,9.494,7.796,3.147,5.943,16.459,70.0,0.458,1.333,2.0,1.7,-3.0
2019-11-16,24,10.245,9.203,2.727,7.027,15.804,69.7,1.5,2.333,6.0,-7.1,-17.0
2019-11-17,24,9.1,7.788,2.927,5.568,14.739,70.1,0.958,2.667,4.0,-8.7,-13.0
2019-11-18,24,8.292,7.574,2.74,4.747,12.635,70.4,0.042,0.333,0.0,-3.5,-6.0
2019-11-19,24,8.849,8.668,2.378,5.875,12.531,69.2,0.458,1.333,2.0,-2.4,-8.0
2019-11-20,24,9.748,9.066,2.526,6.489,13.603,70.2,0.25,1.0,1.0,2.1,-4.0
2019-11-21,24,8.864,8.678,2.577,5.35,12.682,70.8,2.208,3.667,10.0,-3.8,-17.0
2019-11-22,24,9.433,8.113,3.162,5.695,15.028,69.6,2.667,4.0,13.0,-20.2,-25.0
2019-11-23,24,9.164,8.025,3.323,4.413,15.381,70.2,2.292,3.0,10.0,-22.0,-34.0
2019-11-24,24,9.183,7.611,3.331,5.302,15.67,70.6,2.417,3.333,11.0,-20.4,-26.0
2019-11-25,24,8.613,7.141,3.587,4.641,16.088,69.5,1.084,2.0,4.0,-16.0,-23.0
2019-11-26,24,7.951,6.749,2.703,5.004,13.08,70.4,0.583,2.0,2.0,-10.2,-17.0
2019-11-27,24,7.99,6.923,2.601,5.132,12.319,71.5,1.083,2.0,4.0,-6.6,-17.0
2019-11-28,24,7.636,6.91,2.386,4.754,11.176,70.2,0.708,1.667,3.0,-3.5,-9.0
2019-11-29,24,7.965,7.191,2.417,4.922,12.024,69.8,1.0,2.667,4.0,-7.2,-20.0
2019-11-30,24,8.458,7.16,2.759,5.476,13.319,70.4,0.792,1.333,3.0,-5.3,-14.0
2019-12-01,24,8.439,7.492,2.979,4.943,13.721,71.2,0.833,1.667,3.0,-4.6,-12.0
2019-12-02,24,8.34,7.24,2.079,5.959,12.167,70.4,0.25,1.0,1.0,-2.8,-8.0
2019-12-03,24,8.399,8.09,2.064,6.08,12.732,69.9,0.208,0.333,1.0,-2.8,-7.0
2019-12-04,24,8.187,7.621,2.108,5.438,11.978,69.6,0.708,1.667,3.0,1.0,-4.0
2019-12-05,24,7.914,7.528,1.765,5.532,10.802,70.7,0.292,0.667,1.0,1.3,-4.0
2019-12-06,24,8.229,7.755,1.879,5.91,11.388,70.3,0.542,1.0,2.0,-4.0,-10.0
2019-12-07,24,8.263,8.02,1.86,5.523,10.931,70.2,0.375,0.667,2.0,-3.9,-8.0
2019-12-08,24,8.294,7.847,1.767,5.766,10.768,71.6,0.542,1.333,2.0,-3.2,-13.0
2019-12-09,24,8.045,7.454,2.386,4.787,11.752,70.7,0.833,2.667,4.0,-4.6,-10.0
2019-12-10,24,8.632,8.174,2.379,5.34,12.282,70.6,0.875,2.0,4.0,-0.7,-11.0
2019-12-11,24,10.003,9.12,2.419,6.937,13.887,70.7,1.334,2.667,5.0,-2.8,-13.0
2019-12-12,24,8.386,7.388,2.594,4.994,13.099,70.5,0.75,1.667,3.0,-3.8,-10.0
2019-12-13,24,8.344,8.057,2.404,5.425,12.563,68.9,0.75,2.0,3.0,-6.0,-11.0
2019-12-14,24,8.502,7.52,2.666,5.627,14.402,70.3,0.375,1.333,2.0,0.0,-4.0
2019-12-15,24,9.029,7.9,3.397,5.275,15.289,71.0,1.125,2.333,4.0,-3.5,-10.0
2019-12-16,24,8.579,7.244,3.189,4.767,14.487,70.0,0.375,1.0,2.0,-7.8,-11.0
2019-12-17,24,8.815,7.803,2.895,5.741,14.345,70.5,0.292,1.0,1.0,-3.4,-8.0
2019-12-18,24,9.258,7.911,3.251,5.915,15.368,70.2,2.333,4.0,12.0,-4.2,-29.0
2019-12-19,24,8.919,7.772,2.863,5.698,14.338,69.9,2.333,3.667,11.0,-20.1,-26.0
2019-12-20,24,8.485,7.842,2.861,4.948,13.205,70.0,1.375,2.333,5.0,-14.9,-21.0
2019-12-21,24,8.762,8.134,2.278,6.036,12.405,70.6,1.042,2.333,4.0,-13.4,-18.0
2019-12-22,24,8.184,7.255,2.146,5.853,12.16,71.0,0.75,1.667,3.0,-13.0,-17.0
2019-12-23,24,8.381,7.179,2.742,5.402,13.617,72.6,0.625,1.333,3.0,-13.0,-16.0
2019-12-24,24,7.907,7.449,2.222,4.989,12.347,72.7,0.292,1.333,1.0,-6.7,-12.0
2019-12-25,24,8.245,7.663,2.659,5.104,12.939,72.1,0.792,1.667,3.0,-1.2,-7.0
2019-12-26,24,9.344,7.699,3.336,6.575,17.138,72.1,0.875,2.333,4.0,-2.0,-10.0
2019-12-27,24,8.573,7.818,2.145,6.223,12.727,72.4,0.417,1.0,2.0,-3.1,-10.0
2019-12-28,24,7.506,6.591,2.235,5.022,11.803,72.2,0.208,0.667,1.0,-2.9,-5.0
2019-12-29,24,7.652,7.005,2.783,4.703,12.711,72.0,0.125,0.667,1.0,-2.5,-5.0
2019-12-30,24,8.668,8.463,2.305,5.658,12.577,70.9,0.292,0.667,2.0,2.9,-2.0
2019-12-31,24,8.589,7.831,1.89,6.036,12.296,70.5,0.667,1.333,3.0,-0.5,-9.0
2020-01-01,24,7.529,7.054,2.172,4.731,11.317,71.8,0.583,1.333,2.0,2.0,-4.0
2020-01-02,24,7.883,7.038,2.515,4.945,12.188,71.9,0.458,1.0,2.0,0.9,-6.0
2020-01-03,24,8.121,7.229,2.773,4.813,13.653,71.2,1.208,2.667,5.0,-2.0,-15.0
2020-01-04,24,7.853,7.712,2.231,4.431,11.947,72.2,1.375,2.333,5.0,-12.1,-26.0
2020-01-05,24,8.097,7.167,2.226,5.509,11.753,71.8,1.958,3.333,8.0,-8.2,-20.0
2020-01-06,24,6.998,6.169,2.387,4.102,11.099,70.5,1.75,3.333,8.0,-11.1,-23.0
2020-01-07,24,6.777,6.242,2.358,4.089,10.787,71.6,1.125,2.0,4.0,-7.5,-11.0
2020-01-08,24,6.632,6.313,2.293,3.475,10.634,73.7,1.375,2.667,6.0,-10.8,-23.0
2020-01-09,24,7.993,7.471,2.979,4.143,12.942,74.4,2.458,3.667,11.0,-21.0,-34.0
2020-01-10,24,8.653,7.847,2.342,5.856,13.499,72.8,1.458,2.333,6.0,-12.2,-19.0
2020-01-11,24,8.045,7.006,2.831,5.086,13.161,73.5,1.292,2.333,5.0,-10.3,-21.0
2020-01-12,24,7.821,6.83,2.865,4.443,14.432,71.9,0.542,1.667,2.0,-9.3,-19.0
2020-01-13,24,8.564,7.253,3.783,4.482,17.47,71.5,0.417,0.667,2.0,-4.0,-8.0
2020-01-14,24,8.231,7.196,2.742,4.942,13.93,71.9,0.292,0.667,2.0,-4.3,-10.0
2020-01-15,24,8.23,7.233,2.939,5.057,13.928,71.2,0.792,2.0,3.0,-0.5,-12.0
2020-01-16,24,8.731,7.981,2.643,5.789,13.729,71.8,1.0,2.333,4.0,-4.5,-15.0
2020-01-17,24,8.483,7.043,3.125,5.526,14.947,70.1,0.542,1.333,2.0,-0.2,-7.0
2020-01-18,24,8.054,7.289,2.823,4.699,13.853,71.3,0.583,1.667,2.0,1.0,-5.0
2020-01-19,24,8.382,7.888,2.122,5.527,11.817,71.8,0.125,0.667,1.0,0.6,-4.0
2020-01-20,24,8.355,7.782,1.941,5.869,11.429,71.2,0.083,0.333,0.0,-0.8,-7.0
2020-01-21,24,9.032,9.273,2.119,6.289,11.922,70.5,1.292,2.667,5.0,-0.3,-17.0
2020-01-22,24,9.19,9.047,2.262,6.511,13.114,71.9,1.458,3.0,6.0,-9.7,-16.0
2020-01-23,24,8.525,7.293,2.432,5.546,13.241,70.8,0.875,2.333,4.0,-11.3,-17.0
2020-01-24,24,7.703,7.353,2.287,4.691,11.278,71.0,0.292,1.0,2.0,-5.2,-12.0
2020-01-25,24,8.364,7.662,2.29,5.562,11.791,72.7,0.5,2.333,2.0,1.4,-2.0
2020-01-26,24,8.014,7.66,2.547,4.915,12.574,74.7,0.667,1.667,3.0,3.3,-3.0
2020-01-27,24,7.775,6.965,2.364,4.552,11.387,72.9,0.333,1.0,2.0,0.6,-4.0
2020-01-28,24,8.167,8.206,2.381,5.048,11.366,74.2,0.958,3.0,4.0,-0.1,-10.0
2020-01-29,24,8.895,8.834,3.092,4.867,15.474,74.3,1.875,3.333,8.0,-13.6,-22.0
2020-01-30,24,8.947,8.334,2.521,5.042,13.216,74.1,2.542,3.333,12.0,-14.2,-29.0
2020-01-31,24,8.424,7.172,3.097,4.508,15.366,73.9,1.583,3.667,7.0,-17.7,-25.0
2020-02-01,24,8.492,8.097,2.878,4.75,12.816,72.5,1.375,2.333,5.0,-13.8,-23.0
2020-02-02,24,8.814,8.339,2.369,5.275,12.731,72.2,1.375,2.333,5.0,-10.2,-18.0
2020-02-03,24,9.338,9.181,2.517,5.516,13.203,72.1,0.875,2.0,4.0,-11.9,-16.0
2020-02-04,24,9.718,8.823,2.74,6.422,14.37,70.3,1.417,2.667,6.0,-5.1,-16.0
2020-02-05,24,8.785,8.96,2.215,5.567,12.079,70.6,1.125,2.0,4.0,-10.0,-15.0
2020-02-06,24,10.087,9.316,3.792,5.6,16.619,71.3,2.792,4.0,15.0,-9.5,-25.0
2020-02-07,24,9.039,7.869,3.325,5.316,15.752,70.8,2.75,3.333,13.0,-14.4,-21.0
2020-02-08,24,8.072,7.876,2.515,4.223,12.152,72.0,1.458,2.667,6.0,-19.6,-26.0
2020-02-09,24,8.8,8.146,3.113,4.9,14.753,70.6,1.542,2.667,6.0,-13.8,-23.0
2020-02-10,24,8.312,8.13,2.815,4.202,12.68,70.2,1.167,2.0,4.0,-8.5,-17.0
2020-02-11,24,8.635,7.848,3.244,4.834,15.759,71.1,1.208,3.0,5.0,-7.8,-16.0
2020-02-12,24,9.36,7.986,4.269,5.065,19.205,71.6,1.125,2.0,4.0,-5.8,-15.0
2020-02-13,24,8.811,8.449,2.213,5.829,12.452,71.2,0.416,1.333,2.0,-3.9,-9.0
2020-02-14,24,8.689,8.237,2.52,5.303,12.653,71.3,0.458,1.667,2.0,0.4,-4.0
2020-02-15,24,8.901,8.365,2.649,5.629,13.622,70.6,1.0,2.667,4.0,0.8,-5.0
2020-02-16,24,9.552,9.055,2.655,6.25,14.628,70.5,0.542,2.333,2.0,-5.6,-11.0
2020-02-17,24,9.227,7.899,3.644,5.01,16.593,70.7,1.5,3.0,7.0,-8.0,-18.0
2020-02-18,24,11.505,11.976,4.681,5.063,19.503,71.0,2.583,3.667,13.0,-33.3,-58.0
2020-02-19,24,9.959,9.002,2.979,5.603,15.303,71.0,2.375,4.0,12.0,-29.7,-39.0
2020-02-20,24,9.146,7.946,3.528,5.402,17.496,70.8,1.833,2.667,7.0,-18.9,-27.0
2020-02-21,24,9.588,9.027,3.679,4.786,15.907,71.2,2.667,3.667,13.0,-19.7,-31.0
2020-02-22,24,8.901,8.292,2.919,4.86,13.881,72.3,1.958,2.667,8.0,-17.6,-21.0
2020-02-23,24,8.599,8.469,2.554,5.161,12.61,70.2,1.042,2.333,4.0,-15.0,-25.0
2020-02-24,24,8.652,8.242,3.086,5.076,13.884,70.1,0.875,2.0,4.0,-16.8,-22.0
2020-02-25,24,9.053,7.586,4.15,4.626,16.912,70.6,0.416,1.333,2.0,-10.4,-16.0
2020-02-26,24,9.21,8.317,3.566,4.881,15.226,70.1,0.708,2.333,3.0,-3.2,-9.0
2020-02-27,24,9.608,8.136,4.268,4.879,18.095,70.9,0.625,2.0,3.0,-8.4,-16.0
2020-02-28,24,10.097,8.546,4.429,5.761,19.297,70.6,1.458,2.333,6.0,-6.2,-15.0
2020-02-29,24,11.222,10.492,4.237,6.289,17.811,70.1,2.208,3.667,10.0,-11.1,-26.0
2020-03-01,24,9.917,9.029,3.289,5.696,14.893,69.3,1.375,3.333,6.0,-15.0,-23.0
2020-03-02,24,9.557,8.605,3.832,5.235,16.069,69.3,1.0,2.0,4.0,-9.2,-19.0
2020-03-03,24,9.69,8.378,4.092,5.442,16.972,70.0,1.417,2.0,5.0,-10.5,-15.0
2020-03-04,24,10.036,9.117,4.096,5.443,17.019,69.8,1.417,3.0,6.0,-10.4,-24.0
2020-03-05,24,10.414,9.904,3.165,6.795,16.122,69.5,0.792,1.667,3.0,-0.7,-5.0
2020-03-06,24,11.308,9.915,4.666,6.443,22.815,70.0,0.917,2.0,4.0,-1.1,-12.0
2020-03-07,24,11.827,11.337,4.467,6.637,19.207,69.9,0.875,2.0,4.0,-6.3,-24.0
2020-03-08,24,11.336,10.0,4.601,6.289,19.379,70.2,1.292,1.667,5.0,-7.1,-13.0
2020-03-09,24,11.005,10.048,5.036,5.833,20.538,70.8,1.25,2.0,5.0,-2.6,-10.0
2020-03-10,24,11.089,9.65,5.895,5.114,23.131,70.8,0.833,2.0,3.0,-3.1,-8.0
2020-03-11,24,11.158,8.93,6.186,5.335,22.817,70.5,0.542,1.667,2.0,3.0,0.0
2020-03-12,24,11.601,9.709,5.766,5.429,22.042,69.9,1.417,2.667,6.0,-8.5,-17.0
2020-03-13,24,11.359,10.011,4.814,6.136,20.594,68.8,1.708,2.667,7.0,-13.9,-17.0
2020-03-14,24,11.168,10.595,4.526,6.266,19.137,68.1,0.458,1.0,2.0,-7.7,-15.0
2020-03-15,24,9.956,9.551,4.378,5.407,18.145,70.2,1.0,1.667,4.0,-2.8,-12.0
2020-03-16,24,10.356,9.212,5.401,4.775,21.302,69.8,1.083,2.0,4.0,-5.5,-15.0
2020-03-17,24,11.143,10.143,5.306,5.429,20.742,71.6,1.375,1.667,5.0,-8.3,-15.0
2020-03-18,24,10.79,9.707,4.713,5.435,19.573,72.0,1.333,3.0,6.0,-4.3,-14.0
2020-03-19,24,11.865,9.046,6.576,5.291,26.432,72.1,2.167,4.333,10.0,-19.2,-29.0
2020-03-20,24,11.438,10.204,5.414,4.304,19.853,71.7,1.583,2.667,6.0,-18.0,-35.0
2020-03-21,24,10.542,9.28,4.597,4.499,19.289,70.8,1.917,3.0,8.0,-18.3,-32.0
2020-03-22,24,10.581,8.927,5.133,5.018,20.195,70.2,1.667,2.333,6.0,-12.0,-21.0
2020-03-23,24,10.371,8.758,4.912,5.02,18.986,70.4,2.458,3.333,11.0,-15.1,-19.0
2020-03-24,24,9.519,8.4,4.438,4.588,17.369,71.2,0.75,2.667,4.0,-10.2,-23.0
2020-03-25,24,8.915,7.93,4.328,3.954,16.012,71.2,0.708,1.667,3.0,-8.3,-15.0
2020-03-26,24,9.502,9.073,4.078,4.813,15.322,70.2,1.083,3.0,5.0,-5.6,-17.0
2020-03-27,24,9.561,8.738,4.909,4.075,17.11,69.4,1.333,2.0,5.0,-9.1,-17.0
2020-03-28,24,10.081,7.184,6.383,4.421,22.802,69.2,1.167,2.333,4.0,-7.5,-13.0
2020-03-29,24,11.487,8.482,7.585,3.829,24.937,68.8,1.625,3.333,7.0,-11.0,-25.0
2020-03-30,24,11.393,9.736,6.015,4.688,22.822,69.3,2.25,4.0,11.0,-16.3,-33.0
2020-03-31,24,11.823,9.274,6.774,4.252,23.542,69.9,2.792,4.0,14.0,-24.0,-45.0
2020-04-01,24,10.603,8.695,5.976,4.159,21.742,69.2,1.333,2.333,5.0,-19.1,-29.0
2020-04-02,24,10.251,9.108,5.269,4.075,19.141,69.8,1.583,2.667,6.0,-17.8,-25.0
2020-04-03,24,10.418,8.739,5.949,3.667,21.189,69.9,1.75,3.667,8.0,-19.0,-29.0
2020-04-04,24,9.831,8.962,4.762,3.935,17.503,70.1,1.0,2.0,4.0,-13.1,-24.0
2020-04-05,24,11.039,9.523,6.186,3.659,21.377,71.2,1.0,1.667,4.0,-7.8,-14.0
2020-04-06,24,10.59,9.685,5.045,4.646,18.609,69.9,0.458,1.0,2.0,-6.5,-10.0
2020-04-07,24,10.558,8.885,5.537,4.75,20.653,69.9,0.583,2.0,2.0,-3.1,-8.0
2020-04-08,24,11.803,10.27,6.466,4.379,22.831,70.4,2.625,3.667,13.0,-14.8,-30.0
2020-04-09,24,10.574,9.679,4.209,5.161,17.7,70.3,1.0,1.667,4.0,-17.9,-27.0
2020-04-10,24,11.255,11.389,4.298,5.227,16.984,69.2,0.958,2.333,4.0,-9.1,-14.0
2020-04-11,24,11.6,10.061,5.569,5.153,21.362,70.6,1.625,3.333,7.0,-12.0,-29.0
2020-04-12,24,11.793,10.921,6.09,4.811,23.056,70.8,1.583,2.667,6.0,-9.5,-16.0
2020-04-13,24,10.809,9.844,4.683,4.734,18.051,70.3,1.167,1.667,4.0,-9.0,-13.0
2020-04-14,24,10.903,10.491,4.858,4.834,19.807,68.9,1.625,3.333,7.0,-6.7,-14.0
2020-04-15,24,10.728,9.301,5.334,4.558,19.223,68.4,1.542,3.0,7.0,-12.4,-27.0
2020-04-16,24,11.56,9.312,7.293,3.952,24.752,68.5,0.875,2.0,4.0,-12.8,-22.0
2020-04-17,24,11.356,9.547,5.967,4.047,19.26,67.9,0.792,1.333,3.0,-7.0,-12.0
2020-04-18,24,11.016,9.641,5.088,4.886,20.607,69.8,0.833,1.667,3.0,-10.6,-18.0
2020-04-19,24,10.957,11.087,5.044,4.773,19.097,68.6,0.208,0.667,1.0,-4.8,-10.0
2020-04-20,24,13.522,11.047,7.986,4.827,30.433,68.2,2.625,4.667,16.0,-26.4,-68.0
2020-04-21,24,13.616,11.531,6.272,6.2,26.171,69.1,2.0,3.333,8.0,-22.1,-36.0
2020-04-22,24,10.755,8.194,5.81,4.502,21.24,70.7,1.667,3.0,7.0,-22.6,-34.0
2020-04-23,24,10.603,9.865,5.602,4.127,19.555,68.7,0.708,1.667,3.0,-10.5,-21.0
2020-04-24,24,11.222,9.733,6.002,4.205,21.101,69.7,1.583,2.667,6.0,-7.1,-18.0
2020-04-25,24,11.508,9.05,6.37,4.586,22.781,68.9,1.0,2.333,4.0,-9.0,-13.0
2020-04-26,24,12.57,11.064,6.798,4.605,24.815,69.2,1.542,2.667,6.0,-12.9,-30.0
2020-04-27,24,11.561,8.995,5.486,5.178,21.589,69.0,1.542,2.667,6.0,-17.5,-25.0
2020-04-28,24,11.687,9.867,6.58,3.91,22.493,69.0,1.167,2.667,5.0,-14.2,-27.0
2020-04-29,24,11.503,9.122,6.565,4.806,25.344,69.9,0.458,1.0,2.0,-10.0,-15.0
2020-04-30,24,11.608,8.617,6.8,4.483,23.117,69.8,0.25,1.0,1.0,-5.0,-12.0
2020-05-01,24,12.198,11.502,6.046,4.415,21.629,70.2,1.083,2.0,4.0,-5.7,-18.0
2020-05-02,24,13.842,12.141,7.723,5.434,27.863,69.2,1.042,1.667,4.0,-8.1,-17.0
2020-05-03,24,11.855,10.568,5.59,4.906,21.304,68.7,0.958,2.667,4.0,0.5,-7.0
2020-05-04,24,12.296,9.856,6.052,5.849,23.445,69.3,1.208,2.0,5.0,-2.3,-8.0
2020-05-05,24,11.646,11.026,6.311,3.843,20.422,69.3,1.417,2.0,5.0,-8.5,-23.0
2020-05-06,24,11.483,10.289,4.871,5.158,19.783,69.8,1.0,3.333,5.0,-16.3,-24.0
2020-05-07,24,12.075,10.455,6.03,5.656,22.974,68.7,0.708,1.333,3.0,-7.5,-13.0
2020-05-08,24,11.875,9.558,6.37,4.561,21.473,67.9,0.667,1.333,3.0,0.2,-6.0
2020-05-09,24,11.497,9.765,5.495,4.745,20.205,71.0,0.25,0.667,1.0,0.2,-11.0
2020-05-10,24,11.13,9.433,5.203,4.455,18.734,67.9,0.75,2.333,3.0,7.2,0.0
2020-05-11,24,10.814,10.253,4.728,4.239,18.762,66.2,0.958,1.667,4.0,-5.4,-14.0
2020-05-12,24,10.919,10.559,4.013,4.891,17.607,68.9,0.708,2.333,3.0,3.5,-2.0
2020-05-13,24,11.434,11.253,4.393,4.764,18.713,68.8,0.708,1.333,3.0,2.5,-2.0
2020-05-14,24,12.199,11.902,4.664,4.945,18.964,67.6,0.333,0.333,2.0,8.1,6.0
2020-05-15,24,12.05,10.842,4.99,5.17,20.059,67.8,0.542,1.0,2.0,3.5,-2.0
2020-05-16,24,12.075,10.406,6.397,4.839,24.598,69.4,0.583,1.667,3.0,1.3,-4.0
2020-05-17,24,10.898,10.318,4.615,4.493,17.507,69.6,0.417,1.0,2.0,5.4,2.0
2020-05-18,24,11.743,11.304,5.388,4.359,20.521,70.2,0.708,2.0,3.0,7.5,4.0
2020-05-19,24,12.906,12.723,5.907,4.982,21.716,68.7,1.167,1.667,4.0,-0.8,-9.0
2020-05-20,24,11.421,11.296,4.215,5.432,17.477,69.6,0.5,1.0,2.0,-2.9,-8.0
2020-05-21,24,12.396,12.555,5.927,4.466,21.197,70.2,1.208,2.0,5.0,-1.8,-9.0
2020-05-22,24,12.387,12.3,4.939,5.358,19.859,70.8,1.417,2.333,5.0,1.2,-6.0
2020-05-23,24,12.602,12.652,5.039,5.478,19.473,69.1,0.75,1.667,3.0,-5.3,-13.0
2020-05-24,24,12.247,13.686,4.427,5.353,17.652,68.8,1.0,2.333,4.0,-0.2,-16.0
2020-05-25,24,11.152,10.787,3.982,5.059,16.867,70.3,1.25,2.0,5.0,-3.6,-15.0
2020-05-26,24,11.668,12.362,4.461,4.8,17.419,69.7,0.708,1.667,3.0,-1.9,-8.0
2020-05-27,24,11.47,11.602,4.298,4.951,17.05,68.0,0.708,1.333,3.0,3.5,-4.0
2020-05-28,24,11.938,11.108,4.986,4.785,19.234,67.5,0.5,1.0,2.0,1.6,-4.0
2020-05-29,24,11.599,11.999,4.801,4.672,19.054,69.5,0.583,1.667,3.0,5.0,0.0
2020-05-30,24,16.356,17.099,7.937,5.219,26.523,70.0,2.958,3.333,15.0,-10.4,-26.0
2020-05-31,24,12.788,11.873,4.183,6.728,22.519,70.8,0.75,1.0,3.0,-13.7,-22.0
2020-06-01,24,11.894,10.511,5.804,4.734,22.153,69.2,1.208,2.667,5.0,-6.7,-15.0
2020-06-02,24,12.43,12.849,5.552,4.367,20.651,70.4,1.625,3.0,6.0,-18.2,-25.0
2020-06-03,24,12.814,12.505,4.941,5.879,20.765,70.0,0.583,1.0,3.0,-10.0,-15.0
2020-06-04,24,11.983,13.699,4.098,5.302,16.256,70.1,0.875,1.667,4.0,-1.8,-13.0
2020-06-05,24,11.697,11.771,4.052,5.727,18.475,71.1,0.667,1.333,3.0,-0.6,-7.0
2020-06-06,24,11.725,11.317,5.293,4.565,19.478,71.6,0.458,1.333,2.0,2.8,-1.0
2020-06-07,24,12.633,12.796,5.519,4.414,20.374,71.6,1.583,3.667,7.0,8.1,-6.0
2020-06-08,24,12.357,12.139,4.227,5.955,19.153,71.0,1.0,2.0,4.0,-8.0,-15.0
2020-06-09,24,12.267,13.426,4.821,4.821,18.219,72.4,1.0,2.667,4.0,0.2,-7.0
2020-06-10,24,13.097,13.53,5.259,5.446,20.075,71.0,1.625,2.333,6.0,-8.0,-19.0
2020-06-11,24,12.449,13.536,4.785,5.289,19.153,71.5,0.625,1.667,3.0,-6.7,-12.0
2020-06-12,24,11.931,11.965,4.565,4.896,19.012,70.5,0.583,1.0,3.0,-2.7,-6.0
2020-06-13,24,12.177,12.663,5.182,4.287,20.035,69.4,0.5,1.333,2.0,-1.5,-6.0
2020-06-14,24,11.055,12.265,4.717,4.153,17.887,70.2,0.375,1.0,2.0,3.6,-4.0
2020-06-15,24,11.746,12.371,4.778,4.596,18.108,70.4,0.625,1.333,3.0,-1.8,-6.0
2020-06-16,24,11.487,12.031,3.344,5.456,15.87,69.3,1.25,2.333,5.0,1.5,-10.0
2020-06-17,24,11.503,11.56,4.945,4.754,20.84,68.8,0.833,1.667,3.0,4.5,-1.0
2020-06-18,24,11.512,11.869,5.838,3.397,20.716,67.9,0.917,1.667,4.0,0.2,-8.0
2020-06-19,24,10.271,10.872,4.56,4.188,18.397,68.8,0.917,1.667,4.0,4.9,-4.0
2020-06-20,24,11.81,13.702,5.787,3.554,19.029,67.8,1.292,2.333,5.0,1.4,-9.0
2020-06-21,24,11.077,11.571,4.293,4.54,17.19,67.6,0.792,1.333,3.0,-2.7,-7.0
2020-06-22,24,11.075,11.462,4.473,4.186,18.461,67.6,0.416,1.0,2.0,-0.9,-5.0
2020-06-23,24,10.601,11.889,4.058,4.126,16.832,67.1,0.708,1.333,3.0,6.0,-2.0
2020-06-24,24,10.48,11.421,4.719,3.361,17.38,66.9,0.75,1.0,3.0,0.6,-8.0
2020-06-25,24,11.564,13.167,5.588,3.595,18.899,68.9,0.542,1.0,3.0,5.0,0.0
2020-06-26,24,11.473,12.041,5.136,3.623,19.615,67.8,1.25,2.667,5.0,-0.4,-8.0
2020-06-27,24,11.172,10.536,5.078,4.192,18.372,68.9,1.542,2.667,6.0,-3.7,-12.0
2020-06-28,24,11.257,10.923,5.076,3.855,18.837,69.2,0.625,1.0,3.0,-8.2,-17.0
2020-06-29,24,10.555,10.778,3.999,4.687,16.562,68.7,0.417,0.667,2.0,-0.5,-8.0
2020-06-30,24,11.418,12.482,5.167,4.558,20.021,68.1,0.958,1.667,4.0,-2.0,-8.0
2020-07-01,24,11.583,12.637,4.731,4.01,17.737,68.9,1.042,2.333,4.0,-2.4,-9.0
2020-07-02,24,11.32,10.995,4.136,4.885,18.881,68.0,0.708,1.333,3.0,1.8,-3.0
2020-07-03,24,11.909,11.722,6.234,3.697,21.426,69.3,0.708,1.0,3.0,3.4,-2.0
2020-07-04,24,10.392,11.782,4.33,3.634,17.334,69.5,1.625,3.0,7.0,7.1,-9.0
2020-07-05,24,10.911,10.892,4.195,3.747,17.067,69.4,2.167,3.333,10.0,-8.5,-14.0
2020-07-06,24,11.713,13.091,4.702,4.032,17.818,68.5,1.042,1.333,4.0,-5.9,-11.0
2020-07-07,24,11.887,12.833,5.998,4.117,21.181,67.7,0.625,1.667,3.0,-3.9,-11.0
2020-07-08,24,10.325,11.289,4.725,3.639,17.471,67.2,0.333,0.667,2.0,-0.2,-7.0
2020-07-09,24,10.791,11.451,4.274,4.18,18.456,68.7,0.625,1.0,3.0,1.1,-6.0
2020-07-10,24,10.711,10.554,4.175,4.2,16.348,68.8,0.375,1.333,2.0,-1.1,-5.0
2020-07-11,24,10.127,10.483,3.779,4.836,16.549,68.7,0.458,1.0,2.0,-2.8,-6.0
2020-07-12,24,9.62,9.515,3.872,3.948,14.639,67.6,0.333,0.667,2.0,5.8,-2.0
2020-07-13,24,10.535,10.67,3.588,4.782,16.06,68.2,1.458,2.667,6.0,6.8,-21.0
2020-07-14,24,10.435,11.284,4.125,3.685,15.658,68.9,1.917,3.667,10.0,-26.0,-45.0
2020-07-15,24,10.515,9.905,4.871,4.087,18.792,68.4,1.042,2.0,4.0,-13.3,-21.0
2020-07-16,24,11.419,10.934,5.345,3.999,19.384,68.7,0.792,1.667,3.0,-7.0,-18.0
2020-07-17,24,10.695,10.294,4.938,4.241,18.88,69.0,0.875,1.333,4.0,-6.4,-12.0
2020-07-18,24,9.695,9.209,4.886,3.781,19.124,67.8,0.75,1.333,3.0,-4.2,-9.0
2020-07-19,24,9.982,9.813,5.262,3.39,18.991,68.9,0.834,1.667,3.0,1.3,-6.0
2020-07-20,24,9.091,9.868,3.642,3.527,14.872,69.3,0.667,1.0,3.0,-0.5,-8.0
2020-07-21,24,9.86,9.696,5.419,3.439,21.235,69.8,0.917,1.667,4.0,-0.5,-7.0
2020-07-22,24,9.82,9.714,5.265,2.671,18.134,70.0,0.583,1.333,3.0,1.4,-5.0
2020-07-23,24,9.752,10.404,4.211,3.614,15.237,70.3,0.5,1.0,2.0,6.0,1.0
2020-07-24,24,13.45,14.392,7.153,4.068,25.185,69.5,2.5,3.667,12.0,-15.3,-43.0
2020-07-25,24,9.679,9.413,3.406,4.279,14.654,70.4,2.5,4.0,12.0,-19.4,-50.0
2020-07-26,24,10.407,8.779,5.502,3.853,21.241,71.4,0.542,1.0,3.0,-10.3,-17.0
2020-07-27,24,10.849,10.859,5.371,3.587,19.555,71.4,0.708,1.0,3.0,-3.3,-16.0
2020-07-28,24,11.352,11.23,4.685,4.441,18.823,71.8,0.834,2.0,4.0,-4.2,-12.0
2020-07-29,24,10.373,10.572,4.131,4.254,16.312,72.6,0.958,2.0,4.0,-1.0,-10.0
2020-07-30,24,11.192,10.853,5.352,4.302,20.415,73.3,0.708,1.667,3.0,-3.2,-9.0
2020-07-31,24,11.249,11.192,5.239,3.979,19.919,72.3,0.875,1.333,4.0,0.2,-8.0
2020-08-01,24,11.054,11.643,4.599,4.193,19.219,72.0,0.583,1.0,3.0,1.6,-8.0
2020-08-02,24,12.579,11.551,7.205,4.227,26.484,72.7,2.0,3.333,10.0,2.0,-19.0
2020-08-03,24,13.381,12.698,6.66,4.134,21.983,72.7,3.042,3.333,15.0,-16.0,-30.0
2020-08-04,24,12.632,12.404,5.715,4.758,22.74,73.0,1.75,3.333,7.0,-12.2,-24.0
2020-08-05,24,11.197,11.378,5.053,3.859,18.341,73.4,1.25,2.333,5.0,-11.1,-17.0
2020-08-06,24,12.6,10.558,6.322,5.114,24.666,73.1,1.083,2.0,4.0,-9.4,-17.0
2020-08-07,24,11.681,12.311,5.663,3.687,21.034,74.0,0.708,1.667,3.0,-5.6,-16.0
2020-08-08,24,12.305,12.022,6.247,3.993,22.56,74.7,1.167,2.0,4.0,-9.1,-15.0
2020-08-09,24,11.468,11.156,5.102,4.554,20.224,73.9,0.375,0.667,2.0,-5.9,-12.0
2020-08-10,24,11.666,11.306,6.094,3.478,22.263,74.2,0.375,0.667,2.0,-3.1,-10.0
2020-08-11,24,11.546,10.584,5.691,4.012,21.196,73.5,0.375,1.0,2.0,-2.6,-8.0
2020-08-12,24,11.152,11.196,4.599,4.241,18.395,73.1,0.75,1.333,3.0,2.5,-3.0
2020-08-13,24,11.186,11.386,3.963,4.893,17.894,72.3,0.792,1.667,3.0,-1.7,-7.0
2020-08-14,24,12.219,11.92,5.427,4.547,21.82,70.8,0.708,1.667,3.0,-1.5,-14.0
2020-08-15,24,10.87,10.503,4.756,4.586,19.361,70.6,0.333,1.0,2.0,0.1,-12.0
2020-08-16,24,11.269,11.452,5.724,3.904,20.938,70.9,0.708,1.0,3.0,4.8,-6.0
2020-08-17,24,10.888,11.045,4.68,4.898,18.08,70.8,0.583,1.0,3.0,5.8,-2.0
2020-08-18,24,11.663,11.616,5.734,3.924,21.198,71.3,1.417,3.0,6.0,0.7,-11.0
2020-08-19,24,11.008,12.0,3.872,4.727,16.341,70.5,1.042,2.667,5.0,-11.3,-19.0
2020-08-20,24,11.058,11.008,4.883,4.547,18.735,69.9,0.542,1.0,2.0,4.0,-10.0
2020-08-21,24,10.997,10.976,4.95,4.44,19.036,70.9,0.708,1.667,3.0,4.5,-8.0
2020-08-22,24,11.413,12.733,4.967,3.947,17.271,70.0,1.542,2.333,6.0,-4.2,-11.0
2020-08-23,24,12.063,10.746,5.958,4.857,23.078,70.6,1.875,2.667,7.0,-6.0,-15.0
2020-08-24,24,11.239,11.498,4.866,4.718,19.458,70.3,0.417,0.667,2.0,-2.3,-8.0
2020-08-25,24,10.606,9.708,5.81,3.92,19.27,70.6,0.625,1.0,3.0,8.0,-1.0
2020-08-26,24,10.902,11.2,5.265,4.201,19.321,70.4,1.542,2.333,6.0,-5.7,-13.0
2020-08-27,24,11.586,11.348,5.483,4.675,19.1,70.0,1.667,3.333,7.0,-10.0,-16.0
2020-08-28,24,11.097,10.894,5.646,4.581,21.516,70.1,1.75,4.667,10.0,-5.3,-22.0
2020-08-29,24,10.12,9.505,4.955,4.041,18.169,70.2,2.625,3.333,12.0,-20.0,-29.0
2020-08-30,24,10.466,10.973,4.475,4.679,17.087,70.0,2.0,3.333,8.0,-17.1,-33.0
2020-08-31,24,10.505,10.271,5.085,4.602,20.84,69.2,3.75,4.667,24.0,-23.3,-39.0
2020-09-01,24,11.473,11.565,5.415,4.007,19.562,69.5,3.167,4.333,18.0,-25.0,-31.0
2020-09-02,24,10.177,9.56,3.894,4.966,15.455,68.3,2.25,2.667,9.0,-20.4,-35.0
2020-09-03,24,9.458,8.542,4.275,4.462,16.307,70.0,0.708,1.667,3.0,-10.3,-20.0
2020-09-04,24,10.682,8.369,6.917,3.21,22.147,69.7,1.708,2.667,7.0,-18.5,-21.0
2020-09-05,24,9.921,9.423,4.551,4.391,17.799,69.2,1.333,2.0,5.0,-13.5,-25.0
2020-09-06,24,10.104,9.957,4.094,4.936,16.076,69.5,1.0,2.0,4.0,-10.2,-21.0
2020-09-07,24,11.826,11.368,6.134,4.482,20.658,70.2,0.792,1.333,3.0,-12.6,-21.0
2020-09-08,24,10.981,11.573,4.135,5.579,16.622,69.9,0.75,1.333,3.0,-5.8,-14.0
2020-09-09,24,10.516,8.985,5.114,5.051,19.227,69.7,0.125,0.667,1.0,-2.0,-7.0
2020-09-10,24,10.047,10.463,4.303,4.273,16.588,69.3,0.292,1.0,2.0,0.1,-4.0
2020-09-11,24,11.313,10.801,4.96,5.321,18.866,68.7,0.417,1.0,2.0,-2.0,-13.0
2020-09-12,24,11.268,10.471,5.399,4.807,18.992,69.3,1.166,2.0,4.0,-5.8,-12.0
2020-09-13,24,10.376,9.865,4.533,5.021,17.491,69.8,1.416,3.0,6.0,-1.7,-13.0
2020-09-14,24,10.368,9.815,4.811,4.32,17.978,68.9,2.292,3.333,11.0,-16.1,-36.0
2020-09-15,24,9.894,9.544,3.711,5.273,15.971,68.8,1.333,2.333,5.0,-17.4,-26.0
2020-09-16,24,9.789,9.228,3.922,5.328,16.92,69.5,0.583,1.0,2.0,-7.6,-18.0
2020-09-17,24,10.32,9.325,4.803,4.542,18.293,69.7,0.542,1.333,2.0,-4.3,-12.0
2020-09-18,24,9.889,10.164,4.342,4.095,16.155,69.9,0.833,1.667,3.0,-0.7,-7.0
2020-09-19,24,10.532,10.11,4.493,4.974,16.769,70.6,0.458,1.0,2.0,-5.7,-9.0
2020-09-20,24,10.664,9.794,5.175,4.92,20.334,70.2,0.75,2.333,3.0,-3.9,-9.0
2020-09-21,24,10.952,9.35,5.236,5.002,19.52,71.3,0.375,1.0,2.0,7.2,0.0
2020-09-22,24,10.778,9.627,4.949,4.841,18.749,72.4,1.292,2.667,5.0,-7.8,-16.0
2020-09-23,24,11.277,10.126,5.175,5.106,19.963,73.3,2.208,3.667,10.0,-12.1,-23.0
2020-09-24,24,12.848,12.471,5.395,6.462,22.36,73.6,2.958,5.667,20.0,-21.6,-35.0
2020-09-25,24,12.284,10.412,6.421,5.279,24.391,73.4,3.0,4.333,17.0,-24.4,-54.0
2020-09-26,24,11.175,9.878,5.653,4.752,21.239,72.6,3.625,4.667,24.0,-34.6,-53.0
2020-09-27,24,10.679,9.801,4.999,4.655,19.385,74.1,3.0,5.333,20.0,-33.0,-60.0
2020-09-28,24,9.91,10.395,4.328,3.851,16.937,73.9,4.25,5.0,32.0,-44.3,-54.0
2020-09-29,24,9.393,8.779,4.267,4.378,15.577,72.8,3.125,4.0,16.0,-29.8,-37.0
2020-09-30,24,10.078,9.204,5.065,4.148,19.549,73.3,2.958,4.0,16.0,-28.0,-42.0
2020-10-01,24,10.088,9.101,4.387,5.1,17.955,72.8,2.333,3.333,10.0,-24.9,-34.0
2020-10-02,24,10.645,9.485,4.405,5.507,16.94,72.2,1.958,2.667,8.0,-26.3,-34.0
2020-10-03,24,10.584,9.27,4.781,5.506,18.342,71.8,1.167,1.667,4.0,-22.1,-27.0
2020-10-04,24,10.585,8.855,5.632,4.357,20.864,71.2,0.833,1.667,4.0,-17.4,-24.0
2020-10-05,24,10.698,9.268,5.01,5.106,19.325,72.3,1.916,4.333,10.0,-17.8,-41.0
2020-10-06,24,10.885,9.162,5.984,4.375,20.941,71.7,1.25,3.667,6.0,-14.6,-33.0
2020-10-07,24,10.637,10.013,4.915,5.075,19.558,70.7,0.958,2.333,4.0,-0.3,-15.0
2020-10-08,24,10.725,9.624,4.575,5.351,18.198,71.6,0.417,0.667,2.0,-9.9,-13.0
2020-10-09,24,10.229,8.838,4.755,5.133,19.979,73.1,0.083,0.333,0.0,-5.6,-13.0
2020-10-10,24,10.477,9.613,4.827,4.725,18.783,73.6,0.167,0.667,1.0,-1.8,-7.0
2020-10-11,24,10.128,9.785,3.964,5.32,16.495,72.9,0.416,1.333,2.0,3.3,-2.0
2020-10-12,24,10.298,9.669,4.059,5.638,17.306,73.8,0.542,1.333,2.0,-0.5,-7.0
2020-10-13,24,9.905,9.174,3.859,5.283,15.812,72.3,0.458,1.0,2.0,3.9,-1.0
2020-10-14,24,9.974,9.257,3.904,5.639,15.355,74.5,0.0,0.0,0.0,-1.2,-7.0
2020-10-15,24,9.554,9.106,3.753,5.56,16.448,73.8,0.25,1.0,1.0,-0.5,-5.0
2020-10-16,24,10.028,9.157,3.963,5.306,15.546,75.3,0.834,1.333,4.0,-1.0,-7.0
2020-10-17,24,11.487,11.166,4.48,6.135,18.034,73.1,1.125,2.0,4.0,-6.6,-20.0
2020-10-18,24,11.524,9.992,4.064,7.086,16.845,75.9,0.416,1.0,2.0,-2.4,-7.0
2020-10-19,24,11.295,9.615,4.284,6.516,18.223,74.8,1.542,3.0,6.0,-4.2,-15.0
2020-10-20,24,11.034,8.743,4.59,6.505,20.429,74.7,0.875,2.333,4.0,-9.5,-17.0
2020-10-21,24,11.908,11.346,4.88,6.281,19.595,73.7,1.792,3.667,8.0,-11.0,-20.0
2020-10-22,24,10.916,9.101,4.564,6.27,20.167,74.9,1.083,3.333,5.0,-7.7,-17.0
2020-10-23,24,11.394,9.48,6.131,4.788,23.595,,2.125,4.667,14.0,-2.2,-28.0
2020-10-24,24,11.267,9.261,5.137,5.185,21.277,72.1,3.083,4.0,17.0,-29.1,-41.0
2020-10-25,24,11.976,11.251,4.327,7.016,18.949,74.2,2.75,3.667,14.0,-22.1,-36.0
2020-10-26,24,12.42,11.357,4.422,7.607,20.775,75.0,2.875,3.667,14.0,-25.5,-35.0
2020-10-27,24,11.522,10.194,3.94,7.297,19.372,82.4,1.792,3.333,8.0,-21.5,-27.0
2020-10-28,24,12.415,11.022,4.682,7.241,21.197,87.6,2.292,3.333,10.0,-22.8,-36.0
2020-10-29,24,12.279,10.855,5.579,6.559,23.531,84.6,2.417,4.0,12.0,-22.8,-32.0
2020-10-30,24,10.472,9.275,3.923,6.146,17.026,79.6,1.083,2.0,4.0,-18.1,-25.0
2020-10-31,24,12.002,11.439,4.776,6.194,19.665,76.8,1.375,2.333,5.0,-20.3,-37.0
2020-11-01,24,12.288,11.029,4.946,6.823,21.047,77.3,1.792,3.0,8.0,-20.5,-36.0
2020-11-02,24,11.347,9.154,4.543,7.03,19.039,81.6,0.333,1.0,2.0,-16.5,-21.0
2020-11-03,24,10.737,8.285,4.67,5.794,18.681,82.9,0.417,1.667,2.0,-12.4,-17.0
2020-11-04,24,10.469,8.542,4.726,5.17,19.253,88.1,0.333,0.667,2.0,-6.8,-12.0
2020-11-05,24,10.436,8.967,4.104,6.205,18.795,90.7,0.667,1.667,3.0,1.0,-7.0
2020-11-06,24,11.409,9.607,5.042,5.754,20.676,93.8,1.75,2.667,7.0,-5.3,-17.0
2020-11-07,24,12.326,9.366,6.102,6.868,23.611,90.6,1.583,3.0,7.0,-10.6,-17.0
2020-11-08,24,11.664,9.546,4.341,7.352,19.336,90.0,1.125,2.0,4.0,-11.1,-16.0
2020-11-09,24,11.522,9.902,3.699,8.035,18.935,90.0,0.0,0.0,0.0,-7.6,-12.0
2020-11-10,24,11.406,9.983,3.658,7.433,18.325,86.8,0.083,0.333,0.0,-1.2,-7.0
2020-11-11,24,11.12,9.912,3.705,7.018,17.829,88.1,0.75,2.0,3.0,0.2,-9.0
2020-11-12,24,10.899,9.644,3.37,7.004,16.084,85.1,0.666,1.333,3.0,-4.8,-11.0
2020-11-13,24,10.714,9.246,3.476,7.099,16.941,81.9,0.625,1.0,3.0,-9.6,-16.0
2020-11-14,24,11.25,9.649,3.628,7.475,17.003,80.2,0.583,2.0,2.0,-4.3,-8.0
2020-11-15,24,11.103,9.791,3.495,7.092,16.946,78.7,0.625,2.0,2.0,-4.7,-12.0
2020-11-16,24,11.156,8.843,3.843,7.329,17.068,76.6,0.083,0.333,0.0,-1.2,-7.0
2020-11-17,24,11.604,9.533,3.626,7.681,17.742,79.1,0.333,1.0,1.0,0.8,-8.0
2020-11-18,24,12.136,10.444,3.682,8.094,17.896,77.3,0.583,1.333,3.0,-2.6,-10.0
2020-11-19,24,11.729,9.646,4.136,6.894,19.138,76.7,0.416,1.333,2.0,-0.9,-5.0
2020-11-20,24,12.326,9.827,4.336,7.884,19.967,81.7,1.625,3.0,7.0,-15.9,-26.0
2020-11-21,24,12.181,9.84,4.633,7.246,21.045,85.0,2.167,3.333,10.0,-15.0,-35.0
2020-11-22,24,11.642,9.185,4.479,5.989,18.245,87.7,3.75,4.667,24.0,-32.9,-45.0
2020-11-23,24,10.273,7.87,3.877,6.034,18.143,95.5,1.917,2.667,7.0,-25.5,-33.0
2020-11-24,24,10.535,8.735,3.994,6.017,16.435,100.4,0.75,1.667,3.0,-20.9,-26.0
2020-11-25,24,11.336,9.453,3.929,6.794,17.753,103.7,1.583,2.667,6.0,-21.0,-28.0
2020-11-26,24,12.232,9.891,3.664,7.943,17.911,105.8,1.5,2.333,6.0,-13.1,-18.0
2020-11-27,24,13.053,10.495,3.813,8.908,18.905,106.3,1.583,2.667,6.0,-12.4,-24.0
2020-11-28,24,14.178,11.731,4.612,9.462,22.866,109.6,2.125,3.333,9.0,-19.4,-26.0
2020-11-29,24,14.562,12.793,4.044,9.618,20.516,116.3,0.875,2.0,3.0,-11.2,-16.0
2020-11-30,24,13.047,10.702,4.765,7.875,21.374,109.4,1.583,3.333,7.0,-11.5,-16.0
2020-12-01,24,12.959,10.26,4.417,8.001,19.81,104.1,0.292,1.0,1.0,-13.0,-16.0
2020-12-02,24,12.504,10.342,3.871,8.599,18.926,104.9,0.708,1.333,3.0,-6.5,-15.0
2020-12-03,24,12.623,10.311,4.272,8.165,19.828,102.9,0.458,1.667,2.0,-8.6,-17.0
2020-12-04,24,11.771,9.597,3.64,7.254,18.303,95.8,0.042,0.333,0.0,-10.7,-15.0
2020-12-05,24,11.366,9.988,3.301,7.61,17.0,99.9,0.917,2.667,4.0,-4.9,-9.0
2020-12-06,24,12.219,10.452,3.153,8.699,16.828,90.9,1.458,2.333,6.0,-3.2,-9.0
2020-12-07,1,7.601,7.601,,7.601,7.601,89.5,0.292,0.667,1.0,-8.0,-12.0
2020-12-08,24,10.844,9.441,3.148,7.49,16.699,82.4,0.875,1.667,4.0,-8.0,-18.0
2020-12-09,24,10.19,8.486,3.647,5.858,17.655,82.1,1.625,3.0,7.0,-6.6,-13.0
2020-12-10,24,10.228,8.718,4.14,5.719,17.643,81.5,1.5,3.333,7.0,-2.3,-11.0
2020-12-11,24,10.156,8.557,3.949,5.66,17.386,83.3,1.5,2.667,6.0,-9.2,-15.0
2020-12-12,24,9.389,8.212,3.199,5.968,15.008,81.8,0.875,1.667,4.0,-5.0,-13.0
2020-12-13,24,9.595,7.851,3.54,6.03,15.534,80.6,1.042,3.0,4.0,-10.5,-19.0
2020-12-14,24,8.919,6.939,3.444,5.242,14.771,83.0,0.625,1.667,3.0,-7.8,-12.0
2020-12-15,24,8.932,7.807,3.515,5.099,14.451,82.9,0.458,1.333,2.0,-4.1,-13.0
2020-12-16,24,9.416,7.524,3.9,5.225,18.219,81.9,0.417,1.0,2.0,-2.5,-7.0
2020-12-17,24,9.847,8.076,3.585,6.236,15.862,,0.167,0.667,1.0,-1.3,-5.0
2020-12-18,24,9.841,9.181,2.872,6.505,14.529,,0.292,0.667,2.0,1.7,-5.0
2020-12-19,24,9.669,8.051,3.947,5.682,17.794,81.7,1.208,2.0,5.0,-2.0,-14.0
2020-12-20,24,10.059,7.925,4.885,5.529,21.079,83.8,1.0,1.333,4.0,-10.5,-19.0
2020-12-21,24,10.467,9.054,3.707,6.726,17.212,79.6,2.458,4.333,12.0,-6.7,-17.0
2020-12-22,24,10.123,8.518,3.893,5.906,16.914,85.8,2.75,3.333,13.0,-15.2,-28.0
2020-12-23,24,9.921,8.201,3.057,6.928,15.667,86.4,2.333,4.333,11.0,-12.8,-17.0
2020-12-24,24,11.064,10.028,3.236,6.793,16.792,87.4,1.917,3.0,8.0,-16.6,-26.0
2020-12-25,24,10.603,9.248,2.835,7.48,15.563,87.7,1.042,2.333,4.0,-12.1,-15.0
2020-12-26,24,10.506,9.72,2.778,7.263,15.201,87.9,0.958,2.0,4.0,-7.9,-15.0
2020-12-27,24,10.32,8.963,2.994,7.067,15.542,87.8,1.375,2.0,5.0,-4.9,-11.0
2020-12-28,24,9.679,8.541,3.34,5.655,15.013,87.2,1.792,2.333,6.0,-10.6,-19.0
2020-12-29,24,9.944,8.928,3.609,5.913,17.729,84.2,1.458,2.667,6.0,-6.0,-12.0
2020-12-30,24,10.314,9.477,2.868,6.89,15.773,82.8,1.875,2.667,8.0,-7.7,-18.0
2020-12-31,24,9.443,8.208,2.428,6.718,14.65,81.2,0.625,1.333,3.0,-6.7,-14.0
2021-01-01,24,9.502,9.085,2.572,6.42,14.487,80.4,0.542,1.333,2.0,-1.3,-7.0
2021-01-02,24,8.982,7.793,2.772,6.163,14.221,81.5,0.083,0.333,0.0,2.1,-4.0
2021-01-03,24,9.371,9.308,2.963,5.875,14.149,80.4,0.125,0.333,1.0,3.8,-1.0
2021-01-04,24,9.178,8.538,2.868,6.021,14.679,77.6,0.333,0.667,2.0,3.2,-8.0
2021-01-05,24,9.493,8.731,3.599,5.371,15.57,75.1,1.958,4.0,10.0,5.8,-2.0
2021-01-06,24,10.235,8.878,3.354,6.316,15.788,74.1,2.25,3.667,10.0,-10.4,-24.0
2021-01-07,24,9.497,8.336,3.181,6.169,15.411,74.6,1.125,2.333,4.0,-8.4,-13.0
2021-01-08,24,8.165,7.963,2.068,5.8,11.535,75.2,0.25,0.333,2.0,-2.5,-6.0
2021-01-09,24,7.717,7.161,2.872,4.562,13.87,74.2,0.333,1.333,2.0,-3.3,-7.0
2021-01-10,24,8.008,7.927,2.316,5.028,11.552,73.1,0.583,1.0,3.0,-1.0,-5.0
2021-01-11,24,8.652,8.449,2.537,5.495,13.388,73.2,2.25,4.0,12.0,-11.1,-44.0
2021-01-12,24,8.183,7.451,3.019,4.47,14.658,72.8,1.875,3.667,9.0,-21.0,-39.0
2021-01-13,24,7.576,7.234,2.733,3.962,12.228,73.2,0.75,1.333,3.0,-12.8,-21.0
2021-01-14,24,7.624,7.404,2.262,4.6,11.734,73.6,0.166,0.333,1.0,-1.5,-6.0
2021-01-15,24,8.304,7.324,3.07,4.849,15.047,73.4,0.5,1.667,2.0,1.4,-3.0
2021-01-16,24,8.237,8.367,2.365,4.881,12.66,77.7,0.708,1.0,3.0,0.1,-5.0
2021-01-17,24,9.295,8.495,3.417,5.318,16.028,77.2,0.292,1.333,1.0,-1.8,-6.0
2021-01-18,24,9.215,8.857,3.281,5.001,15.607,75.3,0.75,2.0,3.0,0.8,-11.0
2021-01-19,24,11.011,10.8,3.803,5.86,18.787,78.1,1.292,2.667,5.0,-4.0,-12.0
2021-01-20,24,10.111,9.732,2.904,7.115,16.255,77.2,1.333,2.333,5.0,-1.2,-10.0
2021-01-21,24,9.607,9.005,2.962,5.668,14.137,77.6,0.25,1.0,1.0,1.3,-4.0
2021-01-22,24,9.527,8.694,2.291,6.481,13.425,78.2,0.5,1.0,2.0,4.6,-5.0
2021-01-23,24,8.644,8.802,2.386,5.158,12.763,77.9,0.833,2.0,3.0,2.4,-3.0
2021-01-24,24,9.075,8.97,2.818,5.575,14.058,77.6,1.25,2.0,5.0,1.4,-9.0
2021-01-25,24,11.009,10.851,4.364,5.473,20.565,77.1,2.75,4.667,15.0,-17.5,-33.0
2021-01-26,24,9.794,8.449,3.685,5.154,15.648,75.7,2.292,4.0,11.0,-27.4,-41.0
2021-01-27,24,9.829,8.804,4.448,5.189,19.866,76.3,2.292,3.333,10.0,-18.5,-24.0
2021-01-28,24,9.301,8.311,4.007,5.081,18.351,75.6,0.583,3.0,3.0,-13.6,-24.0
2021-01-29,24,9.365,7.704,4.151,5.085,18.842,75.5,0.5,1.0,2.0,-10.2,-15.0
2021-01-30,24,9.516,8.141,4.007,5.009,17.057,73.7,0.25,0.667,1.0,-6.2,-10.0
2021-01-31,24,10.529,8.337,5.134,5.903,22.685,73.4,0.167,0.667,1.0,-0.0,-7.0
2021-02-01,24,9.189,7.837,3.756,4.952,16.79,73.0,1.25,2.0,4.0,6.5,2.0
2021-02-02,24,12.874,9.449,7.109,5.36,24.258,72.3,2.834,4.0,16.0,-1.6,-10.0
2021-02-03,24,10.46,9.451,3.944,5.771,17.996,73.3,2.458,4.0,12.0,-7.0,-20.0
2021-02-04,24,10.135,8.461,4.248,5.587,18.357,73.3,1.667,3.0,7.0,-11.2,-26.0
2021-02-05,24,9.607,7.926,4.044,5.359,16.552,73.1,1.292,2.667,5.0,-7.8,-15.0
2021-02-06,24,9.688,8.706,3.965,5.579,17.606,73.0,1.375,3.333,7.0,-2.1,-13.0
2021-02-07,24,10.882,9.04,4.623,6.418,21.517,72.8,3.0,4.667,18.0,-13.0,-32.0
2021-02-08,24,9.6,8.447,3.074,6.289,15.68,73.3,1.375,3.0,6.0,-1.0,-8.0
2021-02-09,24,9.584,8.542,2.791,6.084,14.426,72.9,0.833,2.0,3.0,-3.7,-7.0
2021-02-10,24,9.198,8.499,2.405,6.516,12.746,72.9,0.458,1.0,2.0,-0.7,-5.0
2021-02-11,24,9.171,8.222,3.195,5.835,15.711,72.4,0.375,1.0,2.0,2.5,-5.0
2021-02-12,24,10.301,9.898,3.063,6.34,15.23,73.5,1.125,2.667,5.0,5.6,-7.0
2021-02-13,24,12.267,10.289,4.166,8.011,21.517,71.3,2.458,4.333,12.0,-4.9,-19.0
2021-02-14,24,10.819,9.781,3.087,7.355,15.688,71.4,0.917,2.0,4.0,-6.6,-16.0
2021-02-15,24,10.489,10.513,3.045,6.687,14.763,69.6,1.0,2.667,4.0,3.6,-8.0
2021-02-16,24,11.649,12.662,4.312,6.296,18.54,70.7,2.375,4.0,12.0,-11.8,-34.0
2021-02-17,24,11.247,10.606,3.568,6.575,16.754,71.6,1.833,2.333,7.0,-6.3,-14.0
2021-02-18,24,11.053,10.361,2.993,7.104,16.302,72.2,0.958,2.0,4.0,-3.5,-13.0
2021-02-19,24,11.566,10.602,3.793,7.171,17.561,71.6,2.708,4.0,15.0,-12.8,-35.0
2021-02-20,24,11.213,10.914,4.951,6.088,23.217,73.3,3.5,4.333,21.0,-19.3,-34.0
2021-02-21,24,9.5,8.521,3.365,5.643,15.169,72.5,3.333,4.333,20.0,-20.5,-36.0
2021-02-22,24,9.991,8.498,4.753,5.0,19.275,74.8,3.167,4.0,17.0,-18.4,-32.0
2021-02-23,24,9.964,8.729,3.988,5.575,15.955,75.8,2.5,3.667,12.0,-11.6,-19.0
2021-02-24,24,10.887,11.209,4.392,5.342,19.141,79.2,3.292,4.333,19.0,-18.3,-39.0
2021-02-25,24,9.428,9.726,3.498,4.9,14.288,78.7,2.708,4.0,14.0,-21.4,-44.0
2021-02-26,24,9.789,9.284,3.905,4.813,15.15,79.6,2.25,3.0,9.0,-1.9,-21.0
2021-02-27,24,10.108,9.758,3.578,5.871,15.71,77.9,0.917,1.667,4.0,5.1,1.0
2021-02-28,24,10.791,10.086,3.974,6.233,16.455,77.2,1.208,2.667,5.0,7.7,-4.0
2021-03-01,24,11.97,9.513,4.968,6.042,20.202,74.1,3.375,5.667,25.0,-27.1,-58.0
2021-03-02,24,11.922,11.61,4.743,5.942,19.39,74.7,3.125,5.0,20.0,-12.9,-33.0
2021-03-03,24,10.276,10.126,3.948,4.181,16.221,75.7,3.208,4.667,19.0,-23.2,-39.0
2021-03-04,24,10.145,8.559,4.681,4.73,18.272,75.4,2.0,3.667,9.0,-12.7,-19.0
2021-03-05,24,9.679,8.576,4.381,4.694,17.731,75.1,1.25,2.0,5.0,-7.4,-13.0
2021-03-06,24,11.021,9.758,5.006,5.765,22.192,75.6,2.833,4.333,15.0,-3.0,-10.0
2021-03-07,24,10.371,9.296,3.92,5.289,16.416,77.5,1.792,3.667,8.0,-4.8,-11.0
2021-03-08,24,10.0,9.513,3.995,5.07,17.093,79.9,1.083,3.0,5.0,-2.7,-8.0
2021-03-09,24,10.555,10.886,3.71,5.454,15.771,76.5,0.583,1.333,3.0,-2.2,-7.0
2021-03-10,24,11.449,11.118,4.529,5.57,18.326,76.3,0.292,1.333,1.0,5.7,1.0
2021-03-11,24,11.556,11.002,3.974,6.281,17.179,75.6,0.708,2.667,3.0,9.5,6.0
2021-03-12,24,13.17,13.074,4.601,6.816,22.11,75.6,2.542,3.333,11.0,-5.8,-19.0
2021-03-13,24,12.904,12.88,4.555,4.965,19.503,75.9,3.0,4.333,16.0,-8.0,-23.0
2021-03-14,24,12.327,11.366,5.338,5.163,22.594,75.1,3.583,5.0,23.0,-24.2,-43.0
2021-03-15,24,10.246,8.437,5.201,4.259,21.378,73.9,1.667,2.667,7.0,-12.5,-19.0
2021-03-16,24,9.878,8.565,4.669,4.212,17.933,73.7,0.5,1.0,2.0,-4.0,-10.0
2021-03-17,24,10.734,9.38,5.103,4.639,19.172,72.8,1.042,2.667,4.0,1.5,-5.0
2021-03-18,24,10.937,9.173,4.87,5.587,18.537,73.2,1.125,2.0,4.0,2.2,-4.0
2021-03-19,24,13.355,10.436,8.0,5.718,29.005,73.1,1.292,2.333,5.0,-0.6,-9.0
2021-03-20,24,15.557,14.506,9.072,5.782,32.939,74.7,3.75,5.667,27.0,-15.0,-45.0
2021-03-21,24,13.589,11.205,7.089,5.077,24.474,75.2,3.375,4.667,22.0,-21.8,-34.0
2021-03-22,24,11.68,10.651,5.447,4.614,19.105,76.6,1.708,2.667,7.0,-14.0,-24.0
2021-03-23,24,12.753,12.128,6.129,5.102,21.124,76.9,2.333,3.333,10.0,-13.2,-23.0
2021-03-24,24,12.011,12.75,5.047,5.329,19.173,75.8,2.125,3.333,9.0,-10.0,-21.0
2021-03-25,24,11.626,11.759,4.506,5.536,18.332,75.2,2.708,5.0,17.0,-13.5,-25.0
2021-03-26,24,12.258,11.785,4.969,6.061,20.826,75.1,2.208,3.333,10.0,-20.4,-27.0
2021-03-27,24,11.897,11.811,4.676,6.296,19.083,75.1,1.167,4.0,7.0,-4.7,-13.0
2021-03-28,24,11.815,11.752,5.097,5.504,21.003,73.9,1.083,3.333,5.0,-7.1,-18.0
2021-03-29,24,12.18,11.285,5.504,6.005,20.918,73.4,0.667,1.667,3.0,-2.5,-6.0
2021-03-30,24,13.184,11.5,6.314,6.118,23.635,74.6,0.708,2.0,3.0,3.4,-4.0
2021-03-31,24,14.358,11.76,7.757,5.299,28.331,72.5,2.125,3.0,9.0,-8.8,-19.0
2021-04-01,24,12.805,11.712,6.302,5.477,24.365,77.9,1.708,3.0,7.0,-10.2,-20.0
2021-04-02,24,12.772,11.439,5.9,5.632,22.859,71.4,1.208,3.0,5.0,-7.1,-23.0
2021-04-03,24,10.954,9.658,4.724,5.825,20.26,72.2,0.875,1.333,4.0,-5.3,-11.0
2021-04-04,24,10.627,9.938,4.669,5.426,17.84,72.0,0.583,1.0,3.0,3.0,-4.0
2021-04-05,24,11.187,9.525,5.668,4.786,20.902,71.7,0.917,2.333,4.0,9.0,-2.0
2021-04-06,24,11.761,10.295,5.622,4.916,19.717,71.2,0.375,1.0,2.0,9.8,2.0
2021-04-07,24,13.743,10.51,8.276,4.5,27.139,70.5,2.833,4.333,15.0,-5.7,-24.0
2021-04-08,24,11.537,11.172,4.774,5.932,19.202,70.3,0.875,1.667,4.0,-8.4,-14.0
2021-04-09,24,11.478,11.067,4.91,5.366,19.714,70.5,0.583,2.0,2.0,-2.7,-6.0
2021-04-10,24,12.046,11.677,5.259,5.448,21.552,70.5,0.917,2.0,4.0,-1.1,-10.0
2021-04-11,24,12.071,11.999,5.155,5.559,20.729,71.9,1.458,2.333,6.0,-1.1,-10.0
2021-04-12,24,12.931,11.838,6.592,5.377,22.659,74.2,1.083,2.0,4.0,2.7,-5.0
2021-04-13,24,12.851,13.055,5.476,5.768,19.927,73.2,1.208,2.0,5.0,4.0,-6.0
2021-04-14,24,13.162,11.255,6.989,5.32,23.356,73.9,1.375,3.0,6.0,9.1,4.0
2021-04-15,24,12.918,13.268,6.828,5.258,23.511,75.5,2.292,4.667,12.0,4.7,-14.0
2021-04-16,24,17.291,18.491,10.703,3.739,35.924,74.6,3.125,5.0,19.0,-12.1,-48.0
2021-04-17,24,13.697,15.131,4.777,5.372,19.901,75.3,4.0,4.667,28.0,-32.7,-54.0
2021-04-18,24,12.909,9.783,7.565,4.384,25.346,75.8,3.167,3.667,17.0,-23.3,-33.0
2021-04-19,24,11.096,9.516,5.389,4.346,19.312,80.4,3.208,3.667,17.0,-19.6,-30.0
2021-04-20,24,12.482,8.762,7.929,4.534,27.071,82.9,2.625,3.333,12.0,-15.0,-22.0
2021-04-21,24,11.501,9.765,6.487,4.454,21.994,76.9,1.542,2.333,6.0,-13.3,-21.0
2021-04-22,24,12.71,10.061,7.754,4.281,24.879,77.8,1.125,2.0,4.0,-3.6,-9.0
2021-04-23,24,13.136,11.383,7.102,4.253,23.386,75.3,2.542,4.333,13.0,-4.8,-19.0
2021-04-24,24,13.995,12.184,7.274,5.291,26.218,76.8,1.917,2.667,8.0,-15.3,-22.0
2021-04-25,24,12.802,12.139,6.171,5.466,25.479,77.7,3.0,5.0,18.0,-28.9,-41.0
2021-04-26,24,11.484,11.993,3.415,6.723,16.417,78.2,2.125,4.333,12.0,-27.0,-53.0
2021-04-27,24,12.872,12.211,6.046,5.148,20.943,78.4,1.375,3.0,6.0,-18.5,-26.0
2021-04-28,24,12.142,12.672,5.178,5.289,19.775,76.8,0.417,1.0,2.0,-4.9,-11.0
2021-04-29,24,13.385,13.053,6.085,4.946,23.222,76.9,1.042,1.333,4.0,2.0,-7.0
2021-04-30,24,14.08,14.219,4.752,6.479,22.07,72.9,1.167,2.667,5.0,12.0,7.0
2021-05-01,24,13.745,12.67,6.217,5.646,25.122,71.6,1.166,2.0,4.0,5.2,1.0
2021-05-02,24,14.56,12.193,7.285,6.372,25.864,72.0,1.958,3.0,8.0,-0.8,-18.0
2021-05-03,24,13.887,13.17,5.843,5.933,21.14,71.6,1.208,2.0,5.0,4.7,-4.0
2021-05-04,24,13.775,13.249,5.475,6.547,23.052,70.6,0.792,1.333,3.0,5.2,0.0
2021-05-05,24,13.514,14.93,6.034,4.888,21.987,69.5,0.25,0.667,1.0,3.8,1.0
2021-05-06,24,14.633,13.826,6.355,5.434,24.715,70.8,0.667,1.333,3.0,4.7,1.0
2021-05-07,24,14.52,14.633,5.851,5.854,23.799,74.5,0.542,1.0,2.0,5.1,1.0
2021-05-08,24,13.624,13.937,5.897,5.559,23.051,75.9,0.625,1.333,3.0,5.9,-4.0
2021-05-09,24,14.479,13.459,6.964,5.855,24.609,,0.583,1.333,3.0,11.0,5.0
2021-05-10,24,15.576,15.709,6.486,6.038,24.759,76.5,1.625,2.0,6.0,10.4,-6.0
2021-05-11,24,14.219,14.506,4.195,7.275,21.193,76.1,0.542,1.667,2.0,5.7,2.0
2021-05-12,24,16.684,15.456,9.364,6.089,34.885,74.7,3.625,7.0,42.0,-14.6,-61.0
2021-05-13,24,12.315,12.724,4.735,5.055,19.491,74.7,1.625,2.0,6.0,-25.8,-36.0
2021-05-14,24,14.013,13.047,6.245,5.536,22.861,70.9,0.792,2.0,3.0,-11.8,-16.0
2021-05-15,24,15.796,14.169,7.739,5.973,28.227,73.3,1.583,3.333,7.0,-10.4,-19.0
2021-05-16,24,15.301,14.303,6.523,6.714,27.526,73.2,0.875,1.667,4.0,-8.6,-20.0
2021-05-17,24,15.755,15.711,5.926,6.966,24.819,74.8,1.375,2.0,5.0,-9.8,-15.0
2021-05-18,24,15.094,13.694,5.898,7.77,26.961,76.4,1.875,3.667,9.0,-12.1,-31.0
2021-05-19,24,14.379,14.845,5.594,6.828,23.276,75.9,1.208,2.333,5.0,5.5,-4.0
2021-05-20,24,17.505,16.848,9.576,5.995,34.965,72.3,3.5,5.333,24.0,-18.6,-34.0
2021-05-21,24,13.775,12.152,6.038,6.098,24.403,73.7,1.417,2.333,5.0,-15.2,-28.0
2021-05-22,24,14.374,15.886,5.265,6.166,22.826,75.6,1.083,2.0,4.0,-9.4,-15.0
2021-05-23,24,16.227,14.329,7.361,6.541,27.836,79.0,0.75,1.333,3.0,-11.2,-17.0
2021-05-24,24,13.472,14.747,4.854,6.741,22.27,72.7,0.417,1.333,2.0,-5.0,-9.0
2021-05-25,24,14.422,14.866,6.258,6.171,23.196,83.5,0.542,1.333,2.0,2.2,-2.0
2021-05-26,24,15.493,16.009,6.568,6.155,24.059,88.0,2.125,4.667,12.0,14.2,0.0
2021-05-27,24,14.512,14.372,6.371,5.727,25.663,83.3,2.708,4.333,14.0,-9.0,-28.0
2021-05-28,24,15.942,14.169,6.644,7.54,29.155,77.4,0.333,0.667,2.0,-8.1,-13.0
2021-05-29,24,16.111,14.721,6.849,7.563,26.813,76.0,1.292,2.333,5.0,-1.6,-8.0
2021-05-30,24,13.751,13.538,5.817,5.753,22.551,74.4,1.208,2.333,5.0,2.5,-3.0
2021-05-31,24,13.752,12.242,5.594,6.27,23.621,81.7,0.417,0.667,2.0,0.7,-6.0
2021-06-01,24,13.297,12.143,5.697,5.611,22.218,75.2,0.167,1.0,1.0,2.0,-3.0
2021-06-02,24,13.543,13.187,5.874,5.402,22.422,76.3,1.042,2.667,4.0,8.2,1.0
2021-06-03,24,15.249,16.407,5.763,6.689,23.995,75.5,1.333,2.333,5.0,3.8,-8.0
2021-06-04,24,14.591,13.897,5.571,6.471,22.391,77.1,1.0,1.333,4.0,1.0,-6.0
2021-06-05,24,14.703,14.452,5.499,6.625,23.34,74.4,0.833,2.0,4.0,3.8,-4.0
2021-06-06,24,16.065,14.232,7.146,6.387,26.799,77.4,0.833,2.0,3.0,2.1,-5.0
2021-06-07,24,18.624,18.282,8.951,7.096,31.884,80.8,2.375,3.667,11.0,6.7,-14.0
2021-06-08,24,15.609,14.179,5.627,5.835,25.71,79.9,1.167,2.0,4.0,-7.7,-15.0
2021-06-09,24,14.043,14.493,6.033,5.182,22.025,78.6,0.666,1.333,3.0,-0.8,-3.0
2021-06-10,24,14.72,16.135,5.005,6.915,22.421,73.3,1.0,2.0,4.0,4.0,-5.0
2021-06-11,24,17.031,17.888,8.328,5.731,30.671,77.3,2.042,2.667,8.0,-21.8,-37.0
2021-06-12,24,15.063,15.515,4.469,7.258,22.434,77.6,2.125,3.667,9.0,-9.7,-29.0
2021-06-13,24,13.43,13.862,4.131,7.127,20.745,68.9,1.042,3.0,5.0,-9.3,-19.0
2021-06-14,24,14.466,15.23,5.515,6.174,24.978,76.8,0.833,1.667,4.0,0.2,-7.0
2021-06-15,24,17.312,16.355,8.069,6.472,30.386,75.5,2.75,5.0,17.0,4.4,-19.0
2021-06-16,24,14.439,14.029,3.89,7.627,20.893,,2.708,4.0,13.0,-14.9,-29.0
2021-06-17,24,12.796,12.926,4.789,5.352,21.284,85.0,1.375,2.333,5.0,-7.8,-16.0
2021-06-18,24,15.298,13.755,7.198,5.954,26.966,77.0,1.625,2.333,6.0,-12.1,-17.0
2021-06-19,24,14.214,15.561,5.432,6.171,22.086,77.1,0.75,1.333,3.0,-7.1,-13.0
2021-06-20,24,12.62,12.279,4.676,5.104,18.935,76.4,0.833,2.667,4.0,0.1,-6.0
2021-06-21,24,14.099,16.112,5.531,5.094,22.522,79.1,0.75,1.333,3.0,3.5,-2.0
2021-06-22,24,16.325,18.445,7.262,6.208,27.084,80.8,1.416,2.333,5.0,-0.7,-10.0
2021-06-23,24,15.365,14.122,6.608,6.842,25.717,79.7,0.75,2.333,3.0,1.5,-3.0
2021-06-24,24,14.973,16.071,5.176,6.785,21.333,80.6,1.042,2.333,4.0,8.1,1.0
2021-06-25,24,16.584,17.377,5.458,7.658,23.608,83.4,1.333,3.0,6.0,-4.3,-12.0
2021-06-26,24,16.188,16.334,6.142,7.245,25.506,82.4,0.708,1.333,3.0,0.2,-3.0
2021-06-27,24,16.849,16.613,7.509,6.002,28.517,87.0,0.667,1.0,3.0,0.7,-4.0
2021-06-28,24,16.198,17.15,5.327,7.715,23.511,88.6,0.625,1.0,3.0,4.6,1.0
2021-06-29,24,16.688,18.519,5.605,7.615,24.661,92.5,1.125,2.333,4.0,6.8,0.0
2021-06-30,24,17.308,18.425,5.258,8.069,25.353,94.1,2.5,4.0,13.0,-6.3,-30.0
2021-07-01,24,14.538,14.607,3.623,9.01,20.353,94.1,1.167,3.0,5.0,-9.5,-15.0
2021-07-02,24,15.908,15.692,6.827,6.896,27.103,94.9,1.125,1.667,4.0,-5.3,-14.0
2021-07-03,24,16.363,16.677,6.349,6.768,25.704,93.7,0.833,2.0,3.0,-4.2,-11.0
2021-07-04,24,15.522,15.687,5.678,7.497,24.879,91.1,0.542,1.333,3.0,3.0,-3.0
2021-07-05,24,17.335,17.427,8.462,5.694,28.994,89.4,1.792,2.667,7.0,4.7,-15.0
2021-07-06,24,13.782,13.679,2.33,9.562,17.571,83.2,1.625,2.667,6.0,-7.5,-18.0
2021-07-07,24,14.284,13.938,5.24,6.669,21.254,76.0,1.25,2.0,5.0,-0.9,-11.0
2021-07-08,24,12.634,12.435,4.578,6.428,19.948,73.4,0.875,1.667,4.0,0.7,-8.0
2021-07-09,24,13.864,14.696,7.002,4.083,25.64,73.8,1.0,1.667,4.0,7.5,-2.0
2021-07-10,24,14.469,17.08,6.186,4.973,22.325,74.0,1.375,2.667,6.0,1.2,-4.0
2021-07-11,24,12.781,13.853,3.556,6.385,17.635,73.6,0.708,1.333,3.0,8.6,1.0
2021-07-12,24,12.689,13.462,5.496,4.619,19.759,71.6,1.542,2.667,6.0,11.8,4.0
2021-07-13,24,11.791,11.966,5.048,4.747,20.492,72.0,1.0,2.333,4.0,-2.2,-16.0
2021-07-14,24,13.589,14.033,6.754,3.688,24.143,72.1,2.375,4.333,14.0,-2.9,-33.0
2021-07-15,24,13.09,12.663,4.358,6.064,20.151,73.5,2.167,2.667,8.0,-14.9,-34.0
2021-07-16,24,11.732,11.524,4.604,4.979,19.435,75.0,0.833,1.667,4.0,-4.2,-24.0
2021-07-17,24,13.048,13.544,5.543,5.094,21.324,77.4,0.792,1.667,3.0,2.3,-13.0
2021-07-18,24,13.069,12.352,5.407,6.078,21.385,80.4,0.833,2.0,4.0,7.0,1.0
2021-07-19,24,13.347,13.754,5.884,5.391,23.549,82.6,1.75,2.667,7.0,3.8,-3.0
2021-07-20,24,14.696,14.159,6.523,5.858,26.099,87.0,2.25,3.333,10.0,-1.2,-19.0
2021-07-21,24,14.208,13.618,4.912,8.214,25.091,93.5,1.417,2.333,5.0,-10.8,-16.0
2021-07-22,24,16.507,16.541,7.235,6.464,26.034,89.0,1.792,3.333,8.0,-22.7,-41.0
2021-07-23,24,14.95,13.524,5.174,7.446,23.169,87.4,0.583,1.333,3.0,-8.5,-17.0
2021-07-24,24,17.291,16.245,7.592,7.189,28.252,83.9,0.667,1.333,3.0,-3.9,-8.0
2021-07-25,24,16.78,15.611,5.723,8.716,26.556,81.6,0.458,1.0,2.0,1.8,-6.0
2021-07-26,24,16.363,17.863,6.977,6.007,27.086,80.8,0.708,1.0,3.0,5.0,-4.0
2021-07-27,24,15.281,15.212,5.948,6.593,25.001,79.6,1.0,2.667,4.0,16.0,4.0
2021-07-28,24,18.443,18.817,10.039,4.629,32.33,78.8,2.625,3.667,13.0,4.5,-15.0
2021-07-29,24,17.174,14.791,9.231,6.558,34.484,75.8,1.916,3.0,8.0,-6.6,-14.0
2021-07-30,24,14.77,14.481,6.091,6.807,24.151,75.5,1.542,2.333,6.0,3.6,-9.0
2021-07-31,24,13.603,13.297,5.986,5.279,23.595,75.9,1.458,2.333,6.0,7.8,2.0
2021-08-01,24,13.384,12.308,4.864,6.262,22.674,74.9,0.75,1.333,3.0,-3.2,-7.0
2021-08-02,24,14.749,13.617,7.022,5.838,26.412,74.6,2.333,4.667,15.0,-3.3,-38.0
2021-08-03,24,13.318,13.001,2.76,9.146,17.993,75.9,1.958,3.667,8.0,-25.8,-35.0
2021-08-04,24,12.847,13.287,4.534,6.133,19.272,70.8,1.042,2.0,4.0,-11.2,-27.0
2021-08-05,24,12.727,12.998,4.527,5.727,19.544,74.3,0.292,1.0,1.0,-5.6,-11.0
2021-08-06,24,13.603,14.074,6.096,4.647,22.027,74.4,1.625,2.667,6.0,-3.6,-30.0
2021-08-07,24,12.636,11.033,5.385,5.288,23.57,73.7,2.375,2.667,10.0,-23.8,-38.0
2021-08-08,24,12.3,11.986,4.817,5.755,19.488,73.5,1.0,2.333,4.0,-10.5,-23.0
2021-08-09,24,12.061,12.464,5.155,4.858,20.274,73.0,0.875,1.667,4.0,-1.6,-6.0
2021-08-10,24,12.818,11.878,6.148,4.557,22.367,73.3,1.583,2.333,6.0,0.7,-6.0
2021-08-11,24,12.201,13.148,5.02,4.773,19.167,73.8,1.208,2.333,5.0,-5.0,-12.0
2021-08-12,24,12.038,12.636,5.162,4.638,18.632,73.6,0.833,1.667,3.0,-1.7,-9.0
2021-08-13,24,13.485,13.504,4.622,6.575,20.783,72.9,1.208,2.333,5.0,0.4,-12.0
2021-08-14,24,12.782,12.749,5.128,5.593,20.92,72.6,0.708,1.333,3.0,-1.4,-11.0
2021-08-15,24,13.326,13.63,5.627,5.618,21.202,74.6,2.042,3.333,8.0,-10.4,-19.0
2021-08-16,24,12.215,10.821,5.72,5.206,22.251,74.4,1.75,3.0,7.0,-15.5,-21.0
2021-08-17,24,12.899,11.671,7.079,3.858,23.336,73.1,1.167,2.333,4.0,-8.3,-14.0
2021-08-18,24,12.082,11.494,5.077,5.21,19.714,75.3,1.375,2.667,6.0,-12.8,-19.0
2021-08-19,24,13.83,12.677,6.759,5.047,25.464,74.9,0.875,1.333,4.0,-12.0,-21.0
2021-08-20,24,13.996,13.469,6.009,5.866,24.348,77.7,1.417,2.667,6.0,-18.5,-31.0
2021-08-21,24,13.503,13.376,5.612,5.954,22.854,77.1,0.75,1.333,3.0,-7.2,-16.0
2021-08-22,24,12.459,13.59,5.003,4.947,20.761,77.1,0.458,0.667,2.0,0.7,-9.0
2021-08-23,24,12.664,13.015,5.57,5.3,21.747,78.1,0.375,1.0,2.0,6.2,-1.0
2021-08-24,24,13.629,13.274,6.425,5.31,24.882,80.9,0.958,2.333,4.0,5.3,-5.0
2021-08-25,24,16.013,15.631,9.385,5.887,34.942,83.6,1.792,3.333,8.0,-19.8,-40.0
2021-08-26,24,14.411,13.586,6.685,6.401,24.663,88.6,1.25,2.0,5.0,-14.5,-20.0
2021-08-27,24,17.118,16.228,7.505,7.721,29.191,89.5,3.25,4.333,21.0,-27.5,-82.0
2021-08-28,24,11.03,12.094,2.258,6.481,13.752,89.9,2.416,5.0,14.0,-37.8,-79.0
2021-08-29,24,12.588,12.062,6.558,4.214,24.543,88.7,1.708,3.667,8.0,-13.6,-24.0
2021-08-30,24,13.496,11.891,7.092,4.431,24.768,90.6,1.667,2.667,7.0,-9.3,-18.0
2021-08-31,24,13.768,11.946,6.388,5.72,23.477,84.4,1.458,2.667,6.0,-19.8,-24.0
2021-09-01,24,13.131,13.017,5.807,5.7,23.059,84.2,1.125,1.667,4.0,-2.0,-8.0
2021-09-02,24,13.97,13.687,5.75,6.285,23.965,85.8,0.792,1.333,3.0,-1.5,-8.0
2021-09-03,24,14.394,13.902,5.957,6.087,23.184,83.8,1.708,2.333,6.0,-4.5,-16.0
2021-09-04,24,13.787,13.287,5.448,7.168,23.509,86.5,1.125,2.0,4.0,-2.4,-9.0
2021-09-05,24,14.947,16.073,6.836,5.897,25.148,93.3,1.458,2.333,6.0,-4.8,-11.0
2021-09-06,24,14.942,15.603,6.737,6.435,26.198,99.5,1.458,2.667,6.0,0.5,-9.0
2021-09-07,24,13.341,15.011,5.108,6.048,20.469,101.2,1.792,3.667,8.0,4.7,-18.0
2021-09-08,24,14.498,14.237,7.412,5.63,28.787,100.4,2.667,4.0,14.0,-6.1,-18.0
2021-09-09,24,14.215,15.551,6.421,5.121,22.184,99.7,1.042,1.667,4.0,-10.9,-16.0
2021-09-10,24,14.564,15.556,6.155,5.659,22.472,96.3,1.708,3.333,8.0,5.2,-12.0
2021-09-11,24,11.952,12.25,4.312,4.999,19.444,91.8,1.5,3.333,6.0,-0.9,-18.0
2021-09-12,24,13.231,12.109,6.871,5.006,25.299,87.7,1.417,2.0,5.0,2.9,-7.0
2021-09-13,24,14.16,13.43,5.812,7.371,23.662,83.3,1.917,3.0,8.0,-1.6,-15.0
2021-09-14,24,13.446,13.203,6.149,6.067,22.514,78.1,1.375,2.333,5.0,-4.9,-12.0
2021-09-15,24,13.583,13.436,5.333,6.944,21.609,75.2,1.292,2.0,5.0,-3.6,-9.0
2021-09-16,24,13.312,13.939,4.905,6.779,20.576,73.2,0.667,1.333,3.0,6.2,-1.0
2021-09-17,24,13.468,14.286,5.456,6.473,23.531,73.4,3.25,5.333,23.0,-7.9,-64.0
2021-09-18,24,12.228,12.885,4.949,5.093,18.79,73.7,1.792,3.333,8.0,-19.8,-36.0
2021-09-19,24,11.921,10.215,6.76,4.921,23.96,75.0,0.333,1.333,2.0,-10.3,-15.0
2021-09-20,24,11.304,11.146,5.682,4.634,22.094,80.0,0.583,1.333,3.0,0.5,-7.0
2021-09-21,24,13.014,12.729,6.118,5.748,23.121,84.9,1.458,3.0,6.0,5.2,-9.0
2021-09-22,24,13.34,12.088,7.251,5.298,25.255,88.5,2.292,4.0,12.0,-16.2,-30.0
2021-09-23,24,14.588,12.59,8.35,4.933,26.299,89.7,1.958,3.667,9.0,3.5,-12.0
2021-09-24,24,15.374,13.525,7.714,6.753,28.678,88.4,1.667,3.333,7.0,3.7,-9.0
2021-09-25,24,15.151,13.398,7.711,6.567,26.855,88.4,1.542,2.333,6.0,-2.3,-7.0
2021-09-26,24,14.081,12.915,6.538,6.72,25.348,86.3,0.208,0.667,1.0,2.9,-4.0
2021-09-27,24,15.824,14.273,8.908,5.104,31.214,85.3,1.583,2.333,6.0,16.9,7.0
2021-09-28,24,17.672,14.963,10.06,7.089,38.184,88.9,2.208,3.0,9.0,5.8,-2.0
2021-09-29,24,16.635,12.79,11.245,5.191,38.019,101.6,1.042,2.0,4.0,2.8,-2.0
2021-09-30,24,16.089,15.321,6.957,7.233,26.957,94.6,1.5,4.0,8.0,10.3,-5.0
2021-10-01,24,17.663,15.257,8.516,7.835,30.376,90.5,2.458,3.667,12.0,-20.6,-31.0
2021-10-02,24,17.118,13.893,9.711,7.233,35.635,87.0,1.375,4.0,7.0,-19.6,-29.0
2021-10-03,24,15.079,14.478,7.017,7.639,28.585,86.0,1.333,2.0,5.0,-17.6,-30.0
2021-10-04,24,14.513,14.059,7.275,6.208,26.973,83.5,1.042,2.667,4.0,-15.0,-22.0
2021-10-05,24,14.393,14.025,6.61,6.275,24.363,81.7,1.0,2.667,4.0,-10.8,-18.0
2021-10-06,24,17.37,16.897,9.751,6.529,34.257,84.8,1.958,3.0,8.0,-9.2,-32.0
2021-10-07,24,15.38,13.406,7.131,7.876,26.929,85.7,0.625,1.333,3.0,-15.8,-25.0
2021-10-08,24,15.016,13.2,8.188,5.915,28.441,92.4,0.75,2.0,3.0,-9.4,-18.0
2021-10-09,24,13.97,11.961,7.015,6.061,25.472,81.0,1.0,1.667,4.0,-9.4,-16.0
2021-10-10,24,14.773,14.004,7.601,5.45,29.992,84.5,2.042,4.667,11.0,-6.0,-29.0
2021-10-11,24,16.344,15.952,7.874,5.779,29.126,88.5,2.792,3.667,14.0,-19.7,-39.0
2021-10-12,24,15.998,14.362,8.332,6.675,31.391,83.5,4.708,6.333,46.0,-45.8,-65.0
2021-10-13,24,12.735,11.582,5.263,6.592,23.031,83.5,1.042,3.333,5.0,-31.8,-43.0
2021-10-14,24,13.262,12.083,6.593,5.959,24.711,84.0,1.75,2.333,6.0,-19.5,-32.0
2021-10-15,24,13.186,12.873,5.49,6.841,21.519,81.7,1.083,2.333,4.0,-11.2,-21.0
2021-10-16,24,13.527,13.54,5.147,7.173,20.553,80.4,1.208,3.0,5.0,-3.9,-22.0
2021-10-17,24,14.835,12.838,7.4,6.589,28.769,77.6,2.083,4.0,10.0,-20.9,-55.0
2021-10-18,24,12.73,9.913,5.875,5.832,24.534,76.8,2.084,3.333,9.0,-27.1,-55.0
2021-10-19,24,11.701,10.438,5.768,4.279,21.808,78.8,2.417,4.0,12.0,-21.2,-33.0
2021-10-20,24,11.27,9.612,5.163,5.613,20.245,77.9,1.375,2.333,5.0,-8.1,-19.0
2021-10-21,24,11.946,10.093,5.11,5.788,21.0,82.4,1.375,2.0,5.0,-8.0,-17.0
2021-10-22,24,12.32,10.459,5.268,5.604,20.544,85.7,0.667,1.667,3.0,-5.2,-14.0
2021-10-23,24,13.609,10.545,6.461,7.124,26.583,90.1,0.542,1.667,2.0,0.4,-2.0
2021-10-24,24,13.764,11.635,5.926,7.39,25.551,93.8,0.833,1.667,4.0,-0.9,-11.0
2021-10-25,24,18.609,13.073,12.356,8.012,46.066,101.8,1.0,2.333,4.0,-1.7,-9.0
2021-10-26,24,14.32,11.177,7.428,6.817,30.695,110.8,1.042,2.333,4.0,0.2,-5.0
2021-10-27,24,13.754,11.514,6.847,6.622,27.388,112.2,0.417,1.0,2.0,2.5,-3.0
2021-10-28,24,13.727,11.279,6.222,6.883,23.852,112.7,0.208,1.333,1.0,5.8,-2.0
2021-10-29,24,14.147,13.114,5.544,7.786,24.577,108.0,0.292,1.333,1.0,9.0,6.0
2021-10-30,24,16.59,14.989,6.782,8.413,27.575,110.4,1.917,3.667,8.0,1.3,-18.0
2021-10-31,24,17.103,13.565,9.144,7.635,34.637,101.7,2.666,4.0,14.0,-20.9,-36.0
2021-11-01,24,15.189,13.085,6.854,6.526,26.246,97.6,1.875,3.333,8.0,4.8,-10.0
2021-11-02,24,17.163,12.829,10.369,6.897,38.396,96.0,3.083,4.667,17.0,-4.6,-12.0
2021-11-03,24,12.822,11.932,5.317,6.187,21.065,92.4,2.208,6.333,19.0,-0.4,-18.0
2021-11-04,24,16.162,12.384,8.98,6.389,32.833,92.4,4.958,7.667,72.0,-59.1,-105.0
2021-11-05,24,14.298,13.09,7.31,5.988,28.681,91.2,2.333,3.667,11.0,-28.9,-40.0
2021-11-06,24,13.453,11.04,6.012,6.792,24.338,87.0,3.083,4.0,17.0,-19.8,-36.0
2021-11-07,24,12.183,9.424,5.861,6.147,23.662,89.9,0.833,4.0,5.0,-17.5,-28.0
2021-11-08,24,11.516,8.544,5.926,5.367,22.47,90.8,1.0,3.0,4.0,-9.4,-15.0
2021-11-09,24,11.845,9.433,5.361,5.825,22.63,91.4,1.458,2.667,6.0,-13.1,-20.0
2021-11-10,24,12.07,11.191,4.488,6.698,18.366,96.9,1.416,3.0,6.0,-13.7,-21.0
2021-11-11,24,11.359,8.58,4.586,6.767,20.395,84.2,0.833,2.0,3.0,-2.5,-10.0
2021-11-12,24,12.345,8.776,6.092,6.717,25.951,84.1,0.542,1.667,2.0,-3.9,-7.0
2021-11-13,24,11.016,8.562,4.593,6.183,19.925,83.6,0.25,0.667,1.0,0.3,-4.0
2021-11-14,24,11.252,9.545,4.295,6.558,19.807,79.1,0.583,1.0,3.0,0.9,-5.0
2021-11-15,24,11.3,10.141,3.458,6.786,16.666,80.9,1.417,4.0,8.0,5.0,-3.0
2021-11-16,24,12.421,8.707,5.317,6.992,20.516,80.8,2.542,4.0,12.0,-5.1,-14.0
2021-11-17,24,11.559,9.413,4.869,5.883,19.332,80.4,2.542,3.333,12.0,-2.7,-10.0
2021-11-18,24,11.381,8.635,4.339,6.879,20.332,78.9,1.166,2.333,5.0,-2.9,-7.0
2021-11-19,24,11.348,8.195,4.603,6.281,18.72,78.9,1.125,1.667,4.0,1.1,-5.0
2021-11-20,24,11.76,10.533,4.694,5.899,20.358,81.6,2.166,3.333,9.0,4.2,-5.0
2021-11-21,24,12.794,9.571,5.663,7.615,25.801,79.8,2.667,3.333,12.0,2.3,-3.0
2021-11-22,24,10.752,8.518,3.874,6.198,17.257,79.5,1.875,3.0,8.0,-1.6,-7.0
2021-11-23,24,11.261,9.442,4.34,6.627,20.759,80.9,2.125,3.0,9.0,-3.8,-15.0
2021-11-24,24,12.148,8.547,5.72,6.139,22.308,86.6,1.042,1.667,4.0,1.2,-4.0
2021-11-25,24,11.594,9.779,4.159,6.777,19.151,84.9,1.042,2.333,4.0,-2.8,-7.0
2021-11-26,24,12.129,9.509,5.046,6.648,20.46,93.6,0.5,1.333,2.0,5.2,0.0
2021-11-27,24,11.955,10.425,3.813,7.413,18.47,92.4,0.75,3.0,4.0,3.7,-7.0
2021-11-28,24,13.047,10.071,5.015,8.079,23.491,93.5,1.958,3.333,9.0,11.6,-1.0
2021-11-29,24,11.816,8.522,5.153,6.539,22.019,92.4,1.584,3.667,8.0,-10.7,-20.0
2021-11-30,24,10.557,8.605,3.719,6.208,17.673,90.0,1.25,5.333,10.0,4.8,-28.0
2021-12-01,24,12.185,8.833,6.537,4.61,24.633,86.4,3.208,4.0,18.0,-33.8,-43.0
2021-12-02,24,9.964,9.316,3.891,4.825,17.369,86.6,2.167,3.0,9.0,-23.6,-34.0
2021-12-03,24,10.348,9.387,4.032,4.968,17.108,85.3,1.792,3.333,8.0,-15.4,-23.0
2021-12-04,24,10.06,6.888,6.217,4.03,24.649,88.1,1.583,3.0,7.0,-14.6,-25.0
2021-12-05,24,9.526,7.093,4.712,4.845,19.209,82.7,1.75,3.0,7.0,-12.8,-24.0
2021-12-06,24,9.737,7.054,4.776,4.667,20.367,80.0,1.667,2.667,6.0,-11.6,-25.0
2021-12-07,24,9.775,7.319,4.558,5.161,19.243,78.9,0.833,2.333,4.0,-6.2,-12.0
2021-12-08,24,9.854,8.114,3.132,6.921,16.711,76.9,0.875,1.667,4.0,-4.5,-9.0
2021-12-09,24,9.351,7.622,3.504,5.675,17.102,76.7,0.292,0.667,1.0,-2.4,-13.0
2021-12-10,24,9.283,8.649,2.656,6.035,13.778,75.7,0.583,1.667,3.0,8.0,-1.0
2021-12-11,24,9.729,8.072,3.23,5.818,15.261,76.2,0.875,3.333,4.0,2.8,-3.0
2021-12-12,24,9.835,8.269,3.945,5.393,18.098,79.9,0.625,1.333,2.0,2.3,-1.0
2021-12-13,24,10.246,9.025,3.061,6.89,15.272,80.6,0.917,2.667,4.0,3.8,-7.0
2021-12-14,24,11.248,10.134,3.07,7.486,15.928,88.9,1.083,1.333,4.0,-0.2,-5.0
2021-12-15,24,12.828,12.753,3.715,8.196,20.311,102.5,2.083,3.333,9.0,1.7,-10.0
2021-12-16,24,13.182,10.39,4.971,8.393,23.103,117.9,1.875,3.0,7.0,-3.9,-11.0
2021-12-17,24,12.284,10.082,4.927,7.34,23.331,120.9,0.583,1.667,3.0,-1.7,-4.0
2021-12-18,24,12.445,11.383,4.291,7.203,19.316,121.3,0.667,1.667,3.0,2.0,0.0
2021-12-19,24,13.113,10.668,5.305,7.915,23.309,115.3,1.958,5.0,14.0,-0.5,-36.0
2021-12-20,24,13.272,12.31,6.529,5.386,23.908,122.7,2.792,3.667,13.0,-23.2,-32.0
2021-12-21,24,13.12,9.649,7.529,5.784,29.064,136.6,2.0,3.667,9.0,-19.0,-31.0
2021-12-22,24,14.121,11.08,7.252,6.766,28.567,140.4,2.333,3.0,10.0,-17.8,-24.0
2021-12-23,24,14.11,11.31,6.019,8.226,24.709,129.8,0.833,2.333,4.0,-9.5,-22.0
2021-12-24,24,14.224,12.103,6.41,7.8,29.53,126.2,1.167,2.333,5.0,-3.4,-14.0
2021-12-25,24,13.906,12.208,5.703,7.946,25.03,130.7,1.625,2.667,6.0,-9.9,-19.0
2021-12-26,24,13.291,10.19,6.19,7.371,25.359,125.4,0.625,1.667,3.0,-7.5,-12.0
2021-12-27,24,14.076,11.514,6.778,7.332,27.794,123.9,2.125,4.0,10.0,-6.1,-23.0
2021-12-28,24,15.109,12.603,7.133,8.251,27.345,120.5,1.792,2.667,7.0,-20.2,-26.0
2021-12-29,24,12.79,11.977,5.854,6.414,23.715,111.4,1.458,2.333,6.0,-5.3,-19.0
2021-12-30,24,12.67,11.811,5.332,6.864,22.486,102.4,1.833,3.0,8.0,1.5,-10.0
2021-12-31,24,12.583,11.56,3.876,7.868,18.558,101.5,0.833,2.0,3.0,2.5,-5.0
2022-01-01,24,12.38,11.165,4.912,6.526,20.582,93.9,2.417,4.0,12.0,-11.1,-23.0
2022-01-02,24,11.852,10.88,4.521,6.606,19.751,89.0,2.042,3.333,9.0,-9.7,-15.0
2022-01-03,24,10.364,8.782,4.296,5.435,17.913,84.0,2.417,4.0,12.0,-10.8,-25.0
2022-01-04,24,10.564,8.468,5.306,5.451,21.507,85.5,1.083,3.0,5.0,-10.1,-19.0
2022-01-05,24,9.951,7.775,4.412,5.601,18.605,83.7,0.625,2.333,2.0,-3.6,-8.0
2022-01-06,24,9.773,7.904,4.552,4.926,17.489,93.7,0.042,0.333,0.0,-1.5,-6.0
2022-01-07,24,9.728,8.628,4.439,4.696,17.968,107.3,0.0,0.0,0.0,0.8,-6.0
2022-01-08,24,10.164,9.458,3.883,5.474,16.923,102.4,1.708,5.0,13.0,7.4,-14.0
2022-01-09,24,11.247,9.973,4.663,5.646,20.312,102.1,2.0,3.0,8.0,-15.8,-27.0
2022-01-10,24,10.797,10.184,4.477,5.414,18.478,102.2,1.5,2.333,6.0,-8.2,-14.0
2022-01-11,24,11.385,10.469,4.431,6.848,18.853,100.0,0.958,2.0,4.0,-4.8,-16.0
2022-01-12,24,11.613,11.367,4.39,6.243,18.646,103.2,0.667,1.333,3.0,1.7,-4.0
2022-01-13,24,11.833,10.882,4.582,6.814,20.204,105.5,0.5,1.0,2.0,-0.8,-5.0
2022-01-14,24,13.021,13.629,4.197,7.744,20.461,110.2,1.958,5.667,15.0,-13.1,-91.0
2022-01-15,24,13.725,10.237,7.641,5.382,30.598,115.6,3.292,4.667,20.0,-42.0,-73.0
2022-01-16,24,12.36,11.469,8.625,1.391,28.438,119.4,3.042,4.333,16.0,-34.4,-50.0
2022-01-17,24,12.278,11.935,5.14,4.931,21.088,113.5,2.083,3.0,9.0,-21.9,-31.0
2022-01-18,24,12.227,13.443,5.521,4.237,21.304,114.5,3.042,5.0,17.0,-25.1,-34.0
2022-01-19,24,12.029,9.75,5.986,5.287,23.163,105.3,3.333,5.333,23.0,-27.3,-44.0
2022-01-20,24,10.557,9.165,4.231,4.875,18.676,99.3,0.792,3.333,4.0,-15.2,-21.0
2022-01-21,24,11.622,11.013,5.108,5.894,20.653,97.3,1.625,3.333,8.0,-12.8,-20.0
2022-01-22,24,11.807,9.618,4.967,6.392,20.223,95.2,2.208,3.0,9.0,-19.2,-29.0
2022-01-23,24,11.716,9.477,6.708,4.643,24.101,93.5,1.583,3.0,7.0,-15.2,-25.0
2022-01-24,24,11.535,10.911,4.604,5.72,19.108,95.2,0.792,2.0,3.0,1.2,-4.0
2022-01-25,24,13.775,13.731,6.565,6.039,24.538,100.9,2.833,3.333,14.0,-15.0,-35.0
2022-01-26,24,11.946,11.395,4.887,6.023,19.741,101.8,2.333,3.0,10.0,-12.3,-23.0
2022-01-27,24,12.386,11.543,5.995,5.676,24.277,107.1,1.5,3.0,6.0,-4.2,-14.0
2022-01-28,24,13.161,11.89,5.851,6.809,23.868,113.4,1.625,3.667,7.0,-10.5,-21.0
2022-01-29,24,14.205,12.349,5.925,7.698,24.937,125.3,2.5,4.0,14.0,-16.2,-26.0
2022-01-30,24,14.367,12.225,6.743,7.227,25.58,129.6,2.375,3.0,10.0,-12.8,-22.0
2022-01-31,24,14.468,15.203,7.0,5.323,25.584,129.5,2.167,3.0,9.0,-25.5,-43.0
2022-02-01,24,13.776,12.835,6.467,4.88,25.328,128.6,1.292,3.333,6.0,-0.5,-6.0
2022-02-02,24,13.58,13.641,5.283,5.769,21.706,128.2,2.0,4.0,10.0,4.6,-10.0
2022-02-03,24,19.212,14.538,11.557,7.69,41.559,126.5,3.667,5.333,26.0,-25.1,-66.0
2022-02-04,24,18.928,14.026,11.785,7.119,42.132,129.6,4.208,5.333,32.0,-36.5,-62.0
2022-02-05,24,15.249,13.875,7.723,6.819,29.944,125.9,2.5,3.0,11.0,-22.3,-43.0
2022-02-06,24,15.221,11.562,9.294,5.927,32.113,123.6,2.792,3.667,14.0,-16.3,-23.0
2022-02-07,24,14.134,13.899,6.151,6.957,23.542,127.2,1.625,2.333,6.0,-12.0,-17.0
2022-02-08,24,15.397,16.386,6.858,6.578,26.061,123.1,1.042,2.0,4.0,-5.9,-13.0
2022-02-09,24,15.193,14.254,5.681,8.176,25.61,125.9,0.375,2.0,2.0,0.6,-11.0
2022-02-10,24,17.981,19.186,8.387,7.331,28.329,118.0,3.25,5.0,21.0,-11.8,-60.0
2022-02-11,24,16.156,14.624,5.652,8.978,25.282,113.1,3.167,4.333,19.0,-16.8,-50.0
2022-02-12,24,15.325,15.336,6.934,5.926,27.043,110.5,2.75,3.333,13.0,-21.1,-37.0
2022-02-13,24,16.226,15.424,7.411,7.327,27.143,105.4,2.917,3.667,14.0,-14.6,-21.0
2022-02-14,24,15.168,13.113,7.457,5.485,26.717,106.5,1.708,2.667,7.0,-9.6,-15.0
2022-02-15,24,16.285,14.636,9.476,4.329,32.319,114.3,0.917,2.0,4.0,-4.4,-9.0
2022-02-16,24,16.386,17.151,7.809,5.492,29.411,102.9,2.083,3.0,9.0,-3.4,-8.0
2022-02-17,24,14.805,12.904,6.187,6.093,24.523,96.7,1.125,2.333,4.0,-1.8,-8.0
2022-02-18,24,16.001,15.344,7.297,6.783,28.647,93.3,1.333,2.667,5.0,4.7,-19.0
2022-02-19,24,16.434,15.708,6.926,7.771,29.206,95.7,2.0,2.667,8.0,-8.2,-19.0
2022-02-20,24,14.588,13.936,6.79,5.881,26.542,93.3,2.417,4.667,13.0,-2.6,-14.0
2022-02-21,24,15.747,15.283,6.443,7.64,26.477,97.8,2.25,4.0,11.0,1.1,-4.0
2022-02-22,24,16.147,14.549,7.504,7.809,28.581,95.3,2.667,4.667,16.0,-12.5,-32.0
2022-02-23,24,14.75,14.957,6.18,6.909,23.681,95.5,1.583,2.333,6.0,-6.0,-22.0
2022-02-24,24,15.005,13.314,6.891,6.879,26.325,92.3,1.25,3.0,6.0,-6.8,-26.0
2022-02-25,24,15.517,14.545,7.575,6.307,27.484,96.2,1.792,3.333,8.0,-0.9,-11.0
2022-02-26,24,14.742,14.014,6.004,6.658,25.222,96.5,0.125,0.667,1.0,9.7,3.0
2022-02-27,24,18.417,20.422,7.776,7.947,28.149,96.9,2.333,3.667,11.0,5.0,-22.0
2022-02-28,24,19.146,19.449,8.303,7.673,30.363,99.0,1.792,2.333,6.0,6.1,0.0
2022-03-01,24,18.427,15.343,9.012,7.579,35.027,99.3,2.042,2.333,8.0,-2.0,-8.0
2022-03-02,24,16.704,15.404,8.404,6.175,32.561,109.5,0.792,1.667,3.0,3.2,-2.0
2022-03-03,24,18.316,16.375,9.549,6.681,36.912,110.9,1.042,2.333,4.0,9.8,4.0
2022-03-04,24,19.57,17.835,8.294,9.352,32.933,113.1,2.333,3.333,10.0,-0.3,-17.0
2022-03-05,24,23.178,18.273,13.116,7.244,44.777,120.1,3.625,5.333,27.0,-21.5,-56.0
2022-03-06,24,17.936,15.952,8.098,7.012,30.071,115.7,2.958,4.667,18.0,-33.5,-46.0
2022-03-07,24,20.993,17.836,13.566,4.585,46.323,118.3,1.916,3.0,8.0,-23.1,-34.0
2022-03-08,24,18.091,15.314,8.182,6.623,32.039,115.3,1.25,2.667,5.0,-12.6,-20.0
2022-03-09,24,19.878,18.727,9.606,7.765,35.975,114.8,1.084,2.667,5.0,-7.6,-14.0
2022-03-10,24,22.91,21.446,11.279,7.757,42.873,127.1,1.833,3.667,8.0,-7.7,-22.0
2022-03-11,24,20.71,20.129,9.92,7.8,34.144,126.5,3.375,4.333,20.0,-16.8,-35.0
2022-03-12,24,18.539,19.181,9.709,6.023,33.17,124.7,2.0,4.667,12.0,-27.0,-51.0
2022-03-13,24,24.334,20.716,15.27,7.4,55.129,122.9,3.667,6.333,40.0,-19.0,-85.0
2022-03-14,24,20.378,19.788,7.902,6.679,31.626,114.9,2.125,5.667,14.0,-40.5,-85.0
2022-03-15,24,21.172,19.296,10.166,6.321,35.941,110.4,1.417,3.0,6.0,-22.5,-35.0
2022-03-16,24,21.43,21.695,9.682,8.206,37.439,106.6,1.375,2.333,5.0,-13.0,-21.0
2022-03-17,24,22.081,20.298,10.932,7.241,41.925,102.8,1.208,2.0,5.0,-14.2,-21.0
2022-03-18,24,24.617,23.818,14.523,4.986,50.265,97.8,0.542,2.0,2.0,-7.7,-10.0
2022-03-19,24,23.94,20.619,13.647,5.56,48.007,94.4,1.125,2.0,4.0,-4.9,-11.0
2022-03-20,24,21.278,18.844,9.835,9.359,37.514,94.9,1.792,3.333,8.0,-6.0,-14.0
2022-03-21,24,22.959,20.975,13.476,7.235,45.237,97.7,0.708,2.0,3.0,3.8,-11.0
2022-03-22,24,20.746,17.866,9.814,8.973,36.531,105.9,1.917,3.333,8.0,1.7,-4.0
2022-03-23,24,22.302,18.963,12.411,8.854,41.704,105.6,1.5,2.0,6.0,2.4,-8.0
2022-03-24,24,21.787,17.801,13.048,7.718,45.389,111.6,2.25,3.333,10.0,-0.7,-12.0
2022-03-25,24,21.169,17.848,10.505,9.182,36.995,112.4,1.875,3.0,8.0,-4.4,-14.0
2022-03-26,24,22.752,20.314,11.194,9.105,40.882,118.7,1.458,3.0,6.0,1.6,-27.0
2022-03-27,24,23.834,22.58,11.907,8.902,41.704,130.3,2.875,4.0,15.0,-5.0,-30.0
2022-03-28,24,20.399,18.711,8.962,7.543,33.503,156.0,1.667,4.0,9.0,-6.0,-17.0
2022-03-29,24,25.9,25.368,14.236,6.775,47.134,149.2,1.875,2.667,7.0,2.0,-9.0
2022-03-30,24,31.403,25.244,18.108,8.268,63.494,151.3,1.333,3.333,6.0,1.6,-10.0
2022-03-31,24,33.777,28.911,19.507,8.835,68.872,239.5,3.792,4.667,26.0,-2.0,-17.0
2022-04-01,24,26.258,23.148,12.924,11.044,50.921,146.6,2.917,4.0,15.0,-13.7,-37.0
2022-04-02,24,27.06,24.014,14.341,8.227,49.868,143.3,3.25,4.667,20.0,-21.9,-46.0
2022-04-03,24,29.049,24.172,15.932,7.424,56.351,140.2,1.792,3.0,8.0,-8.0,-24.0
2022-04-04,24,31.008,24.726,19.061,8.988,63.014,128.0,2.292,3.667,11.0,-13.7,-25.0
2022-04-05,24,28.487,24.388,14.011,9.879,49.164,122.4,1.5,2.0,6.0,-1.8,-11.0
2022-04-06,24,29.469,22.468,13.952,12.946,51.134,117.0,1.417,2.667,6.0,-3.8,-9.0
2022-04-07,24,32.781,26.786,18.375,11.195,63.925,111.1,2.417,3.667,11.0,-11.4,-25.0
2022-04-08,24,25.607,21.657,9.649,11.632,41.709,108.9,1.75,3.333,7.0,-1.5,-26.0
2022-04-09,24,30.058,27.098,16.546,10.325,54.178,107.1,3.0,3.667,17.0,-12.8,-30.0
2022-04-10,24,27.149,27.42,12.841,10.325,47.961,101.1,3.375,6.667,29.0,-25.1,-48.0
2022-04-11,24,24.806,19.86,12.155,8.493,45.534,98.7,2.292,3.667,11.0,-17.0,-25.0
2022-04-12,24,25.257,19.616,14.292,8.792,50.54,96.2,2.208,3.667,11.0,-4.6,-15.0
2022-04-13,24,22.72,22.117,9.172,10.872,37.694,98.7,1.708,3.333,8.0,-14.0,-24.0
2022-04-14,24,25.785,26.397,12.101,8.067,41.294,103.4,4.458,6.0,39.0,-36.4,-81.0
2022-04-15,24,23.468,21.762,9.339,8.612,39.032,110.3,3.542,5.0,23.0,-26.0,-70.0
2022-04-16,24,22.496,17.335,13.146,7.18,47.139,122.4,1.792,2.667,7.0,-11.8,-24.0
2022-04-17,24,23.511,22.749,11.476,8.127,42.777,134.9,2.334,3.0,10.0,-5.9,-12.0
2022-04-18,24,24.168,22.261,11.776,9.697,44.71,140.5,2.042,3.333,8.0,-4.6,-13.0
2022-04-19,24,24.814,22.77,11.472,11.091,44.738,160.1,1.5,3.0,6.0,-1.5,-10.0
2022-04-20,24,23.369,20.543,8.754,12.219,40.468,165.5,1.833,3.333,8.0,3.6,-11.0
2022-04-21,24,30.944,26.625,16.627,10.591,60.179,164.4,2.167,3.0,9.0,-3.7,-20.0
2022-04-22,24,29.259,25.938,13.319,11.717,53.456,162.5,1.583,2.333,6.0,1.0,-3.0
2022-04-23,24,30.982,28.252,14.119,14.055,56.713,159.8,2.458,3.333,11.0,-5.0,-16.0
2022-04-24,24,29.69,28.576,9.716,15.519,44.319,158.5,1.208,2.0,4.0,-0.2,-11.0
2022-04-25,24,32.191,30.197,14.325,13.027,56.488,156.6,0.917,1.667,4.0,0.9,-9.0
2022-04-26,24,34.353,33.792,12.362,16.424,53.15,148.9,0.458,1.0,2.0,7.7,1.0
2022-04-27,24,37.158,32.131,15.689,17.043,61.965,141.5,2.667,5.0,17.0,3.0,-26.0
2022-04-28,24,28.439,28.138,8.365,16.121,40.428,132.2,2.833,3.667,14.0,-19.0,-31.0
2022-04-29,24,30.493,26.492,13.204,13.4,55.476,123.5,2.583,3.667,12.0,-15.1,-20.0
2022-04-30,24,28.179,25.797,11.647,12.534,48.209,119.7,2.792,4.333,15.0,-20.7,-37.0
2022-05-01,24,27.845,26.937,11.825,11.777,49.359,109.0,1.958,3.0,8.0,-15.5,-24.0
2022-05-02,24,29.692,25.986,13.252,14.103,52.178,111.9,1.042,2.667,4.0,-8.7,-17.0
2022-05-03,24,31.825,26.722,15.92,13.307,58.169,113.8,1.5,2.333,6.0,-6.9,-13.0
2022-05-04,24,30.661,27.852,10.277,16.287,48.267,130.1,1.458,2.0,5.0,-12.5,-17.0
2022-05-05,24,29.333,26.901,8.439,17.055,44.738,119.9,0.792,1.333,3.0,-8.1,-13.0
2022-05-06,24,30.639,27.556,11.305,16.05,47.224,119.2,0.833,1.667,3.0,-8.2,-17.0
2022-05-07,24,27.581,23.421,10.37,14.932,46.192,118.1,0.292,1.0,1.0,-5.8,-10.0
2022-05-08,24,32.142,27.998,15.542,14.215,59.138,119.2,1.417,2.0,5.0,-1.2,-12.0
2022-05-09,24,30.506,28.477,11.248,16.08,49.851,117.0,1.542,3.0,6.0,-8.8,-24.0
2022-05-10,24,27.088,26.419,9.498,13.402,40.243,115.8,0.542,1.333,2.0,4.2,-7.0
2022-05-11,24,30.167,30.9,10.883,14.127,43.654,132.9,1.292,2.0,5.0,-0.1,-8.0
2022-05-12,24,25.979,26.07,6.421,16.695,36.409,133.0,1.833,2.667,8.0,-3.5,-17.0
2022-05-13,24,28.938,26.922,11.506,13.59,49.53,149.5,1.583,2.667,6.0,-7.2,-39.0
2022-05-14,24,28.984,26.47,8.479,16.689,43.424,152.7,1.583,2.667,6.0,2.2,-34.0
2022-05-15,24,27.989,25.277,7.995,16.339,39.005,153.6,2.167,3.333,10.0,-3.6,-19.0
2022-05-16,24,32.881,32.058,11.346,17.082,52.848,161.7,2.083,3.0,9.0,-2.0,-7.0
2022-05-17,24,34.836,35.967,10.879,18.213,52.443,170.8,2.333,3.333,10.0,-4.0,-14.0
2022-05-18,24,33.636,31.291,9.66,20.199,51.169,179.9,1.375,3.0,6.0,1.1,-14.0
2022-05-19,24,39.465,36.031,14.132,21.147,61.619,173.2,2.125,2.667,8.0,3.3,-8.0
2022-05-20,24,39.231,34.891,12.523,21.643,59.839,165.5,2.375,3.667,11.0,-6.8,-24.0
2022-05-21,24,31.145,29.71,6.654,21.461,41.443,166.7,2.25,3.667,10.0,-11.6,-25.0
2022-05-22,24,31.315,30.906,8.643,17.673,43.401,164.7,2.208,3.667,10.0,-16.7,-39.0
2022-05-23,24,37.866,37.656,11.989,19.46,52.155,158.2,0.917,2.333,4.0,-6.1,-19.0
2022-05-24,24,39.418,38.01,11.447,21.271,56.195,146.9,0.75,1.667,3.0,-0.5,-4.0
2022-05-25,24,36.851,38.58,9.466,22.571,52.29,136.5,1.5,2.333,6.0,0.0,-8.0
2022-05-26,24,34.862,34.351,8.486,20.839,45.234,122.7,0.917,1.333,4.0,13.9,-4.0
2022-05-27,24,35.54,34.011,11.028,21.985,56.697,113.6,2.625,5.0,18.0,5.2,-38.0
2022-05-28,24,23.231,24.093,4.674,16.465,29.871,101.8,3.042,5.0,22.0,-37.4,-63.0
2022-05-29,24,27.752,26.395,11.57,11.834,44.444,98.4,3.042,3.667,16.0,-35.7,-45.0
2022-05-30,24,23.844,23.015,5.924,14.304,32.264,100.6,1.958,3.0,8.0,-18.6,-36.0
2022-05-31,24,21.754,21.321,6.691,12.609,35.069,98.0,2.083,3.333,8.0,-24.2,-32.0
2022-06-01,24,20.887,17.653,7.078,11.88,32.539,104.2,1.208,2.0,5.0,-9.5,-14.0
2022-06-02,24,25.522,24.77,13.143,8.821,46.222,100.9,0.917,1.667,4.0,-6.5,-10.0
2022-06-03,24,24.717,22.589,7.875,14.709,38.577,100.7,0.834,1.333,4.0,-4.4,-8.0
2022-06-04,24,26.161,22.038,11.715,12.301,46.806,100.9,0.542,1.0,3.0,2.9,-3.0
2022-06-05,24,25.219,24.384,9.352,13.746,40.163,98.7,0.875,1.667,4.0,7.2,2.0
2022-06-06,24,27.715,25.009,8.455,16.463,42.841,96.4,2.125,3.0,9.0,7.6,-4.0
2022-06-07,24,24.94,25.117,5.295,16.362,32.334,98.4,1.708,2.333,6.0,-14.1,-22.0
2022-06-08,24,22.745,21.971,6.259,14.129,33.172,99.9,1.0,2.0,4.0,0.6,-7.0
2022-06-09,24,26.906,26.519,8.884,14.276,40.866,106.4,1.125,1.333,4.0,4.9,0.0
2022-06-10,24,25.586,24.451,5.414,17.935,35.038,110.5,0.917,2.0,4.0,3.4,-2.0
2022-06-11,24,27.517,28.695,7.937,14.986,39.162,112.1,1.75,3.0,7.0,17.8,11.0
2022-06-12,24,29.859,29.239,8.965,17.918,47.287,121.3,2.125,3.0,9.0,9.2,-2.0
2022-06-13,24,32.575,32.809,10.464,15.833,48.096,131.5,2.584,4.667,14.0,3.7,-4.0
2022-06-14,24,30.327,30.177,7.576,17.924,41.195,145.5,1.75,2.333,6.0,8.3,4.0
2022-06-15,24,33.528,32.15,11.733,16.434,52.982,140.0,2.958,4.333,17.0,-4.3,-31.0
2022-06-16,24,33.05,32.621,12.948,14.398,52.095,146.7,2.375,3.667,10.0,-9.8,-16.0
2022-06-17,24,27.834,27.999,7.228,15.646,40.242,148.9,2.708,3.333,12.0,-5.8,-13.0
2022-06-18,24,29.948,30.299,10.069,14.899,43.962,140.2,2.458,4.333,13.0,-5.3,-11.0
2022-06-19,24,29.739,28.021,8.276,17.254,42.617,143.6,2.167,3.333,10.0,-6.7,-14.0
2022-06-20,24,31.928,31.873,11.696,14.41,45.988,136.5,2.208,3.333,10.0,-10.2,-23.0
2022-06-21,24,29.359,27.967,9.562,15.979,44.65,138.7,1.75,2.667,7.0,-2.9,-13.0
2022-06-22,24,26.88,26.419,6.102,16.471,37.813,128.7,2.208,3.0,9.0,-11.4,-25.0
2022-06-23,24,26.886,27.859,7.544,15.911,39.974,121.4,2.25,3.0,10.0,-3.2,-11.0
2022-06-24,24,23.461,22.999,5.735,13.79,34.273,115.4,1.375,3.0,6.0,0.8,-12.0
2022-06-25,24,27.308,27.107,8.385,14.918,40.046,108.1,2.667,4.667,15.0,-21.3,-47.0
2022-06-26,24,20.904,20.104,4.245,13.415,30.28,102.0,3.458,4.667,22.0,-24.1,-47.0
2022-06-27,24,18.122,18.734,4.412,10.915,24.4,98.2,1.875,4.0,10.0,-19.8,-35.0
2022-06-28,24,21.35,21.189,8.081,8.803,33.541,96.1,1.708,3.333,7.0,-8.2,-18.0
2022-06-29,24,22.091,21.164,6.953,11.795,33.674,96.2,1.167,1.667,4.0,-4.5,-12.0
2022-06-30,24,23.005,20.519,9.494,10.583,37.057,95.7,0.708,1.0,3.0,1.5,-4.0
2022-07-01,24,21.889,21.94,8.022,9.972,32.46,98.0,1.208,3.333,6.0,9.3,0.0
2022-07-02,24,21.14,21.254,5.019,14.541,29.742,100.2,2.875,4.667,17.0,-34.5,-54.0
2022-07-03,24,19.283,18.989,5.861,10.757,29.326,102.2,1.625,3.0,7.0,11.3,-9.0
2022-07-04,24,23.752,25.283,7.362,11.455,33.084,104.4,3.334,4.0,19.0,-9.4,-29.0
2022-07-05,24,20.674,19.259,5.408,13.381,32.435,109.4,0.542,1.0,3.0,-7.2,-21.0
2022-07-06,24,24.381,24.365,10.052,10.784,37.277,114.6,0.875,1.667,4.0,11.0,5.0
2022-07-07,24,31.032,30.819,12.719,14.341,56.227,121.3,2.75,5.333,19.0,-13.6,-81.0
2022-07-08,24,19.902,21.22,5.362,10.084,31.143,129.6,3.084,5.0,19.0,-34.9,-74.0
2022-07-09,24,22.401,23.433,6.275,12.002,31.013,136.9,1.333,2.667,5.0,-13.0,-24.0
2022-07-10,24,29.336,28.843,10.966,13.741,48.594,153.0,1.375,2.333,5.0,-2.8,-12.0
2022-07-11,24,28.618,26.355,9.209,15.971,43.539,161.0,2.042,4.0,10.0,-1.5,-17.0
2022-07-12,24,24.641,24.166,4.578,17.824,33.608,164.9,3.083,4.333,16.0,-15.6,-23.0
2022-07-13,24,23.874,23.599,7.125,13.369,34.678,164.8,0.958,1.667,4.0,-13.3,-21.0
2022-07-14,24,27.845,28.218,8.631,14.907,39.548,169.0,0.875,1.333,4.0,-9.2,-15.0
2022-07-15,24,29.165,26.449,8.469,18.476,46.194,171.4,1.75,2.667,7.0,-14.1,-21.0
2022-07-16,24,26.685,23.394,8.382,17.323,43.353,176.2,1.458,3.0,6.0,-12.2,-18.0
2022-07-17,24,27.86,26.534,10.042,13.29,42.611,161.2,0.834,1.667,4.0,-1.2,-8.0
2022-07-18,24,31.269,30.995,8.793,17.271,45.054,149.4,1.833,3.0,8.0,1.3,-15.0
2022-07-19,24,27.057,27.737,5.728,16.389,33.711,144.1,3.917,4.667,27.0,-28.5,-62.0
2022-07-20,24,24.232,21.356,7.598,14.598,38.019,132.2,1.416,2.333,5.0,-13.8,-35.0
2022-07-21,24,27.443,28.513,10.777,12.862,42.543,121.7,2.875,5.333,20.0,-3.4,-24.0
2022-07-22,24,26.657,26.195,7.947,12.283,39.734,114.7,2.292,3.333,10.0,-8.0,-12.0
2022-07-23,24,22.593,23.963,6.129,10.139,31.723,110.5,2.708,5.333,17.0,-15.7,-23.0
2022-07-24,24,22.87,22.15,5.991,13.284,33.199,107.1,2.0,2.667,8.0,-12.6,-23.0
2022-07-25,24,22.089,21.534,6.291,11.805,32.761,102.3,1.167,2.333,5.0,-4.3,-11.0
2022-07-26,24,21.951,21.064,7.453,11.762,35.318,98.8,1.625,3.333,7.0,-11.4,-20.0
2022-07-27,24,21.92,21.594,7.627,10.415,33.809,98.0,2.167,2.667,8.0,-2.3,-10.0
2022-07-28,24,20.589,20.125,7.862,9.077,34.08,93.4,1.708,2.333,6.0,1.5,-8.0
2022-07-29,24,20.517,20.05,7.134,9.717,30.962,93.0,0.833,1.667,4.0,5.8,0.0
2022-07-30,24,19.897,18.686,8.741,7.794,32.406,90.8,1.542,2.333,6.0,11.8,3.0
2022-07-31,24,20.273,19.121,9.059,9.384,35.471,94.3,2.292,4.0,11.0,13.1,0.0
2022-08-01,24,19.781,18.691,9.918,7.234,37.345,95.4,1.875,2.667,7.0,4.6,-4.0
2022-08-02,24,19.974,20.675,5.777,10.321,26.846,97.8,2.166,2.333,8.0,5.6,-3.0
2022-08-03,24,22.285,21.632,10.126,9.201,38.83,99.9,1.958,2.667,7.0,5.6,-2.0
2022-08-04,24,20.484,17.79,6.875,12.059,34.248,108.8,1.5,2.0,6.0,-0.0,-9.0
2022-08-05,24,18.537,20.614,5.34,10.134,26.228,112.2,1.292,3.0,6.0,-2.0,-19.0
2022-08-06,24,19.654,20.172,5.214,11.523,27.128,116.3,0.583,1.0,3.0,13.2,-1.0
2022-08-07,24,26.276,28.863,9.24,13.492,38.658,116.1,3.292,5.667,23.0,-4.5,-30.0
2022-08-08,24,24.709,25.617,4.578,15.002,32.859,113.0,3.834,5.0,26.0,-35.1,-59.0
2022-08-09,24,23.049,22.037,6.619,11.783,33.731,109.4,3.333,4.0,19.0,-31.8,-39.0
2022-08-10,24,20.69,18.227,7.107,10.648,34.757,107.6,2.542,3.667,12.0,-20.7,-29.0
2022-08-11,24,20.943,19.315,8.986,9.113,36.985,114.8,3.042,4.333,17.0,-23.5,-34.0
2022-08-12,24,17.629,16.467,5.41,10.129,28.038,119.5,1.5,2.667,6.0,-22.9,-32.0
2022-08-13,24,22.884,22.106,11.621,8.509,44.136,124.2,2.0,2.667,8.0,-13.8,-21.0
2022-08-14,24,21.873,19.084,7.783,11.527,35.514,125.5,1.25,2.667,5.0,-10.1,-21.0
2022-08-15,24,24.912,20.081,11.996,11.221,45.881,130.6,1.167,2.333,5.0,-7.7,-13.0
2022-08-16,24,25.519,25.696,9.451,11.571,40.741,128.5,0.875,1.667,4.0,-2.1,-10.0
2022-08-17,24,27.291,29.817,11.15,11.567,44.411,122.7,3.375,6.667,32.0,2.2,-50.0
2022-08-18,24,21.544,20.029,6.371,10.623,32.442,116.5,3.792,5.0,28.0,-36.9,-49.0
2022-08-19,24,17.311,19.624,7.055,5.46,26.559,105.4,3.167,5.0,20.0,-25.3,-39.0
2022-08-20,24,17.794,16.723,5.197,10.845,25.646,101.5,2.208,4.0,12.0,-24.6,-38.0
2022-08-21,24,19.714,17.606,10.135,6.27,34.203,97.0,2.708,4.333,14.0,-23.9,-38.0
2022-08-22,24,15.208,14.518,6.37,6.231,24.833,102.6,1.5,3.0,6.0,-18.6,-33.0
2022-08-23,24,15.926,14.646,8.41,5.902,30.421,100.9,0.583,2.0,3.0,-9.7,-16.0
2022-08-24,24,17.693,16.456,9.38,5.48,31.568,107.8,0.5,1.0,2.0,-2.8,-10.0
2022-08-25,24,17.388,15.946,6.182,9.097,27.338,117.8,0.667,1.333,3.0,-4.0,-12.0
2022-08-26,24,22.138,19.847,11.719,7.683,40.661,118.6,0.792,1.333,3.0,1.8,-2.0
2022-08-27,24,21.445,17.066,11.974,8.4,47.492,127.5,2.25,3.667,11.0,-7.1,-34.0
2022-08-28,24,21.161,18.593,9.163,8.523,35.886,251.9,1.667,3.0,7.0,-3.8,-12.0
2022-08-29,24,19.181,18.678,8.773,7.977,33.478,130.6,2.5,3.667,12.0,-0.7,-13.0
2022-08-30,24,20.335,19.276,8.316,9.162,35.003,125.6,2.625,4.0,12.0,-4.8,-13.0
2022-08-31,24,17.981,16.348,7.092,8.857,29.157,113.3,2.625,4.333,13.0,-0.8,-11.0
2022-09-01,24,16.921,16.287,8.215,4.497,30.169,116.3,1.958,3.333,8.0,-3.1,-9.0
2022-09-02,24,20.22,18.01,10.994,6.8,37.694,129.8,1.75,3.667,8.0,6.8,-2.0
2022-09-03,24,20.512,20.851,9.04,7.292,35.659,123.4,3.542,5.0,22.0,-15.5,-34.0
2022-09-04,24,19.475,17.952,6.678,10.577,28.909,128.3,5.417,6.333,62.0,-46.5,-71.0
2022-09-05,24,19.997,18.589,8.526,8.908,32.893,130.2,4.5,5.0,36.0,-42.7,-58.0
2022-09-06,24,16.825,15.917,8.318,6.474,28.28,126.2,3.375,4.0,19.0,-34.5,-46.0
2022-09-07,24,19.325,19.978,9.169,7.177,33.172,126.1,2.667,3.667,13.0,-27.9,-50.0
2022-09-08,24,21.275,20.579,11.905,5.805,41.855,126.6,3.25,4.333,19.0,-25.2,-32.0
2022-09-09,24,18.935,18.845,7.983,8.266,31.217,126.2,2.417,3.667,12.0,-26.0,-40.0
2022-09-10,24,23.899,21.412,14.353,7.221,46.959,135.9,2.625,3.333,12.0,-23.3,-48.0
2022-09-11,24,22.937,20.455,13.501,6.003,44.006,151.5,1.917,3.333,8.0,-15.0,-25.0
2022-09-12,24,22.874,20.275,12.278,8.495,43.812,150.4,1.667,2.667,7.0,-10.0,-18.0
2022-09-13,24,25.463,22.566,14.738,8.733,49.272,154.1,0.542,1.333,2.0,-2.5,-10.0
2022-09-14,24,26.777,22.828,15.554,8.655,53.498,144.3,1.792,4.0,8.0,11.8,-22.0
2022-09-15,24,23.733,24.557,9.924,10.354,38.734,139.7,1.25,3.667,6.0,-1.2,-20.0
2022-09-16,24,22.479,21.321,8.737,10.866,35.618,131.1,0.958,1.667,4.0,8.0,-3.0
2022-09-17,24,27.757,21.093,15.772,10.682,55.889,131.5,1.0,2.0,4.0,7.2,-4.0
2022-09-18,24,25.613,21.806,12.358,10.136,44.197,136.1,2.292,3.333,10.0,4.4,-5.0
2022-09-19,24,26.792,21.497,15.23,9.15,55.731,127.9,2.292,3.667,11.0,-5.7,-24.0
2022-09-20,24,23.045,21.82,10.611,9.881,38.426,137.2,1.833,2.667,7.0,-1.0,-13.0
2022-09-21,24,22.658,21.146,9.778,10.216,35.777,136.9,1.083,2.0,4.0,0.8,-6.0
2022-09-22,24,22.075,17.974,11.914,8.046,43.852,136.7,1.208,3.0,5.0,6.7,2.0
2022-09-23,24,24.949,23.916,12.421,7.768,43.836,146.3,2.458,3.333,11.0,-1.2,-21.0
2022-09-24,24,22.62,19.047,9.292,9.819,39.902,146.5,2.667,3.333,12.0,-13.2,-25.0
2022-09-25,24,22.653,19.595,11.039,8.894,39.962,134.7,1.333,1.667,5.0,-1.8,-8.0
2022-09-26,24,20.594,19.731,9.171,7.452,35.999,135.1,0.917,3.333,4.0,12.0,-1.0
2022-09-27,24,26.94,21.827,15.205,10.566,57.724,134.5,3.333,5.333,22.0,-9.8,-22.0
2022-09-28,24,22.42,20.117,10.491,9.788,40.747,134.8,0.833,1.333,3.0,-13.6,-21.0
2022-09-29,24,24.957,22.144,12.876,10.643,44.912,137.2,1.542,2.667,6.0,1.8,-6.0
2022-09-30,24,28.706,23.596,16.669,10.652,57.074,137.1,2.417,4.0,13.0,-9.8,-34.0
2022-10-01,24,25.982,23.595,11.964,11.113,44.648,147.9,0.458,1.333,2.0,-5.2,-13.0
2022-10-02,24,25.738,23.595,12.678,10.276,45.638,153.9,2.375,4.667,12.0,-8.0,-39.0
2022-10-03,24,26.196,29.082,12.724,6.692,45.545,155.1,3.458,5.667,24.0,-24.5,-40.0
2022-10-04,24,29.769,30.106,12.149,10.917,48.24,152.4,2.916,4.333,17.0,-19.9,-32.0
2022-10-05,24,26.238,25.016,11.482,9.558,43.798,161.0,2.75,3.333,13.0,-17.8,-29.0
2022-10-06,24,28.838,28.758,12.67,10.391,45.698,155.7,3.042,4.0,16.0,-21.6,-29.0
2022-10-07,24,29.997,28.309,16.283,9.371,53.804,159.7,2.625,4.0,14.0,-11.9,-18.0
2022-10-08,24,31.192,29.508,16.901,9.903,55.838,157.2,2.375,3.333,11.0,-12.5,-22.0
2022-10-09,24,35.986,30.979,22.803,9.745,73.236,160.5,3.708,4.333,23.0,-19.8,-33.0
2022-10-10,24,30.618,28.616,14.267,13.041,55.293,163.2,2.083,3.333,9.0,-15.2,-24.0
2022-10-11,24,28.42,25.529,14.584,10.701,51.26,150.3,1.416,3.0,6.0,-11.1,-22.0
2022-10-12,24,27.633,24.295,13.616,10.795,49.957,140.6,1.125,2.333,4.0,-3.8,-14.0
2022-10-13,24,28.641,26.54,14.362,10.577,53.423,130.0,0.833,1.333,4.0,-7.4,-18.0
2022-10-14,24,31.982,28.105,17.94,10.43,64.743,120.5,2.917,4.333,16.0,-22.0,-62.0
2022-10-15,24,30.665,30.382,17.063,7.293,60.036,115.1,2.792,4.667,16.0,-7.3,-25.0
2022-10-16,24,28.282,21.351,16.271,9.244,55.942,119.2,2.917,4.0,15.0,-9.1,-16.0
2022-10-17,24,26.965,24.697,15.447,6.416,54.302,125.6,0.833,3.0,4.0,-3.8,-20.0
2022-10-18,24,22.85,19.212,12.21,8.61,42.636,113.9,1.333,2.333,5.0,6.2,-1.0
2022-10-19,24,23.547,20.676,12.35,10.093,44.659,113.2,0.875,1.333,4.0,0.7,-5.0
2022-10-20,24,23.623,20.712,12.816,9.236,45.552,115.8,1.417,3.0,6.0,4.8,-3.0
2022-10-21,24,21.584,20.13,9.806,9.585,37.763,109.4,0.916,1.333,4.0,8.5,5.0
2022-10-22,24,29.896,24.419,17.112,11.679,59.148,105.0,3.417,5.333,24.0,-25.9,-76.0
2022-10-23,24,21.623,21.965,9.307,8.954,35.288,108.4,2.667,4.333,15.0,-20.2,-43.0
2022-10-24,24,21.29,17.14,10.829,8.954,42.59,114.8,1.583,2.667,6.0,-8.9,-19.0
2022-10-25,24,21.11,17.363,13.175,7.337,44.308,116.3,0.75,2.0,3.0,0.1,-6.0
2022-10-26,24,21.474,18.091,11.509,7.82,40.196,122.4,0.875,2.667,4.0,7.3,-6.0
2022-10-27,24,24.088,20.7,12.325,9.377,45.251,129.7,2.25,3.0,9.0,-0.2,-20.0
2022-10-28,24,23.335,23.899,10.338,10.129,39.864,129.3,2.833,4.333,15.0,-5.0,-24.0
2022-10-29,24,25.832,25.285,14.339,9.019,47.006,133.9,3.75,4.667,25.0,-23.8,-43.0
2022-10-30,24,24.604,23.181,13.782,6.913,45.956,130.5,2.458,3.0,10.0,-13.5,-23.0
2022-10-31,24,25.747,22.085,15.064,7.537,54.045,127.9,2.458,3.333,11.0,-15.7,-23.0
2022-11-01,24,24.079,21.374,12.517,8.697,44.747,128.1,1.667,3.333,7.0,-14.7,-23.0
2022-11-02,24,26.234,24.812,13.406,9.826,48.168,129.7,2.75,4.0,13.0,-25.1,-39.0
2022-11-03,24,26.151,21.399,15.212,9.582,57.402,125.3,3.708,5.0,26.0,-44.2,-59.0
2022-11-04,24,27.475,24.483,18.775,5.592,59.087,117.7,2.875,3.667,14.0,-36.5,-48.0
2022-11-05,24,28.655,23.224,21.477,4.73,67.787,131.1,2.0,3.333,9.0,-27.6,-39.0
2022-11-06,24,24.82,24.253,14.445,6.527,47.497,130.8,0.542,0.667,3.0,-14.6,-21.0
2022-11-07,24,28.405,27.543,16.531,8.177,64.174,134.6,2.875,5.0,19.0,-28.0,-92.0
2022-11-08,24,28.285,24.754,14.815,10.254,56.898,132.3,2.375,3.333,11.0,-50.2,-67.0
2022-11-09,24,22.252,21.618,12.21,7.092,40.816,137.6,1.167,3.0,5.0,-30.5,-45.0
2022-11-10,24,26.82,18.961,22.877,4.614,70.981,138.7,0.042,0.333,0.0,-8.1,-18.0
2022-11-11,24,23.019,21.378,13.109,6.995,52.66,137.6,1.792,2.667,7.0,-7.3,-20.0
2022-11-12,24,24.757,19.149,11.998,10.752,46.229,138.2,1.083,2.333,4.0,-3.9,-12.0
2022-11-13,24,22.481,19.426,10.416,11.82,42.047,137.0,1.667,2.667,6.0,-4.7,-9.0
2022-11-14,24,20.147,19.624,9.527,8.923,38.226,141.5,0.75,1.667,3.0,-2.0,-7.0
2022-11-15,24,19.509,16.328,8.774,9.358,37.475,134.2,0.416,1.0,2.0,4.2,-4.0
2022-11-16,24,18.259,15.418,7.863,8.96,31.25,132.9,0.458,1.333,2.0,7.7,1.0
2022-11-17,24,17.348,14.103,8.414,8.156,33.812,119.2,0.25,0.667,1.0,10.8,3.0
2022-11-18,24,17.6,15.715,7.887,7.93,32.643,116.0,1.417,3.0,6.0,7.7,-6.0
2022-11-19,24,16.548,13.47,7.249,8.698,31.009,115.1,0.958,2.333,4.0,7.2,-4.0
2022-11-20,24,16.691,15.787,6.482,8.838,27.942,119.1,1.208,2.667,5.0,10.5,-4.0
2022-11-21,24,18.366,17.123,7.847,9.096,30.73,117.0,2.042,3.333,9.0,5.7,-3.0
2022-11-22,24,17.034,15.804,7.797,6.399,31.454,115.7,0.458,1.0,2.0,5.4,1.0
2022-11-23,24,15.215,13.959,5.579,7.171,24.379,113.3,0.417,1.0,2.0,18.5,9.0
2022-11-24,24,16.14,13.261,6.365,8.655,25.793,109.7,1.333,2.333,5.0,21.7,13.0
2022-11-25,24,18.941,15.702,8.189,9.606,31.137,108.5,3.25,4.0,18.0,-7.2,-22.0
2022-11-26,24,16.473,11.909,7.596,7.91,27.873,107.1,2.958,3.667,15.0,-10.0,-19.0
2022-11-27,24,16.435,12.837,9.425,6.653,33.608,107.2,2.75,3.667,13.0,-9.0,-18.0
2022-11-28,24,15.669,13.418,7.574,7.213,29.518,107.0,3.208,5.333,22.0,-24.2,-40.0
2022-11-29,24,15.816,10.58,9.632,7.242,33.824,107.9,3.375,4.0,20.0,-26.6,-43.0
2022-11-30,24,15.215,12.585,7.975,7.217,31.925,111.0,3.583,5.333,24.0,-18.6,-46.0
2022-12-01,24,17.154,13.897,10.43,6.162,38.999,118.7,3.75,4.667,24.0,-32.0,-43.0
2022-12-02,24,15.534,12.437,8.252,6.771,31.653,124.0,3.0,3.333,15.0,-23.9,-32.0
2022-12-03,24,16.626,13.433,9.566,6.907,35.737,133.8,2.292,3.333,10.0,-17.1,-27.0
2022-12-04,24,16.651,13.186,8.037,7.82,29.657,143.7,2.792,4.333,16.0,-17.6,-44.0
2022-12-05,24,17.061,13.13,8.862,7.637,32.871,149.8,1.583,2.667,6.0,-23.2,-31.0
2022-12-06,24,17.508,14.918,8.449,8.095,30.871,144.2,0.75,1.667,3.0,-10.5,-16.0
2022-12-07,24,21.316,17.024,14.133,8.111,53.374,148.0,2.542,4.667,16.0,-21.1,-63.0
2022-12-08,24,18.428,16.569,10.235,5.706,37.899,143.0,1.958,4.0,9.0,-18.5,-30.0
2022-12-09,24,17.667,13.629,8.535,7.609,32.994,149.1,2.208,4.333,10.0,-12.6,-21.0
2022-12-10,24,18.351,15.185,9.958,7.287,35.298,141.7,1.917,3.0,8.0,-10.4,-18.0
2022-12-11,24,17.732,14.991,9.894,7.07,36.264,147.7,2.125,2.667,9.0,-16.2,-29.0
2022-12-12,24,17.318,14.296,9.403,5.227,32.24,150.8,1.292,2.667,5.0,-10.9,-24.0
2022-12-13,24,18.86,13.419,12.37,5.022,41.877,153.0,0.625,2.0,3.0,-3.4,-10.0
2022-12-14,24,18.678,14.53,11.625,6.965,42.527,164.7,1.0,2.0,4.0,4.2,-10.0
2022-12-15,24,19.157,17.41,9.7,7.768,34.177,165.9,1.333,2.0,5.0,-6.0,-18.0
2022-12-16,24,18.111,14.467,8.891,8.471,32.752,163.1,1.0,2.667,4.0,1.4,-8.0
2022-12-17,24,17.611,16.148,8.447,7.561,33.234,154.6,0.458,1.667,2.0,4.6,-7.0
2022-12-18,24,17.884,14.575,8.858,7.794,33.985,155.6,0.792,2.0,3.0,9.5,4.0
2022-12-19,24,19.478,17.263,9.705,7.4,34.676,152.4,2.083,3.667,9.0,-14.3,-38.0
2022-12-20,24,18.847,15.532,9.219,8.449,33.541,146.4,1.166,2.333,5.0,-1.4,-17.0
2022-12-21,24,18.144,17.055,8.64,9.183,31.687,138.7,2.042,3.333,8.0,-3.8,-20.0
2022-12-22,24,18.481,18.238,9.131,8.238,33.353,131.3,2.083,3.667,10.0,-7.5,-27.0
2022-12-23,24,18.092,13.58,10.358,7.29,36.985,127.7,3.375,4.667,21.0,-19.6,-37.0
2022-12-24,24,16.27,12.957,8.628,6.492,29.838,133.3,3.583,4.333,22.0,-25.2,-40.0
2022-12-25,24,14.895,12.594,8.104,6.117,28.997,144.0,2.0,3.0,8.0,-20.8,-30.0
2022-12-26,24,19.921,13.81,14.974,5.812,48.16,150.5,3.167,5.667,23.0,-27.8,-48.0
2022-12-27,24,18.516,11.491,13.449,6.149,44.331,159.0,3.666,4.333,24.0,-50.5,-68.0
2022-12-28,24,17.085,14.546,10.495,5.559,35.508,160.4,1.125,2.333,4.0,-25.6,-39.0
2022-12-29,24,16.915,15.662,9.94,5.335,35.854,162.8,2.0,3.667,10.0,-14.5,-22.0
2022-12-30,24,20.532,17.048,12.798,5.761,44.172,178.3,4.042,4.667,29.0,-31.0,-47.0
2022-12-31,24,18.685,14.306,12.472,5.749,44.926,164.9,2.917,4.0,15.0,-23.9,-36.0
2023-01-01,24,17.491,14.231,10.682,6.455,37.179,152.6,2.75,4.0,14.0,-19.5,-26.0
2023-01-02,24,17.413,17.224,9.4,6.645,33.108,146.4,1.792,3.0,7.0,-12.9,-20.0
2023-01-03,24,17.304,18.169,9.754,5.175,33.523,148.5,1.333,2.667,6.0,-7.0,-16.0
2023-01-04,24,21.467,17.646,11.746,7.383,44.17,151.0,3.0,4.667,19.0,-25.0,-61.0
2023-01-05,24,21.436,21.602,11.216,7.337,39.956,154.3,1.792,3.0,8.0,-4.1,-26.0
2023-01-06,24,18.932,18.658,7.492,6.225,31.784,172.4,0.792,1.333,3.0,-10.0,-21.0
2023-01-07,24,19.875,19.002,9.431,6.875,36.34,178.9,1.292,2.667,6.0,1.1,-4.0
2023-01-08,24,19.529,17.208,9.612,7.69,35.129,183.8,1.75,3.0,7.0,-4.4,-19.0
2023-01-09,24,18.259,15.672,8.546,7.251,32.007,190.9,1.125,2.0,4.0,0.6,-9.0
2023-01-10,24,21.011,18.899,11.476,6.861,40.981,193.0,1.417,3.0,6.0,4.0,-5.0
2023-01-11,24,21.9,22.081,10.087,8.178,38.303,195.1,1.917,2.667,7.0,-2.6,-9.0
2023-01-12,24,23.644,23.83,11.041,9.127,40.817,211.6,2.167,3.0,9.0,-0.1,-12.0
2023-01-13,24,23.866,23.565,12.676,6.53,46.452,208.5,2.458,4.0,11.0,-15.1,-37.0
2023-01-14,24,24.603,23.78,13.982,5.982,49.357,227.8,2.042,3.333,9.0,-25.2,-42.0
2023-01-15,24,28.725,25.441,17.108,7.07,57.563,234.3,4.0,5.0,28.0,-40.2,-57.0
2023-01-16,24,27.545,23.461,16.668,5.441,59.484,228.1,2.583,4.0,14.0,-16.7,-30.0
2023-01-17,24,25.309,24.459,17.011,4.616,55.954,221.7,1.125,3.333,5.0,-5.2,-14.0
2023-01-18,24,31.09,24.802,21.353,6.657,70.099,220.3,2.667,4.0,14.0,-17.4,-31.0
2023-01-19,24,24.739,25.18,12.188,7.737,47.233,226.1,1.375,2.667,6.0,-13.2,-22.0
2023-01-20,24,30.282,31.826,18.18,7.53,58.509,217.5,1.292,2.667,5.0,-3.2,-12.0
2023-01-21,24,27.712,25.881,16.256,6.375,55.959,208.7,2.917,4.0,15.0,-10.2,-27.0
2023-01-22,24,24.388,23.25,13.566,7.803,46.264,198.6,2.125,3.333,8.0,-8.4,-16.0
2023-01-23,24,24.482,20.013,17.078,5.941,53.908,189.1,1.542,3.0,6.0,-9.3,-27.0
2023-01-24,24,24.825,23.424,15.799,5.599,50.771,180.2,0.833,1.333,4.0,-5.0,-12.0
2023-01-25,24,23.945,18.601,15.225,7.114,54.454,171.8,1.333,3.0,6.0,-3.4,-21.0
2023-01-26,24,24.081,17.514,15.814,7.349,55.094,150.6,2.208,2.667,10.0,-1.0,-12.0
2023-01-27,24,22.443,18.263,11.917,9.661,42.769,144.9,1.875,3.333,8.0,-4.0,-19.0
2023-01-28,24,23.56,18.301,14.314,7.373,49.886,137.6,2.208,3.0,10.0,-4.5,-22.0
2023-01-29,24,20.783,18.157,9.961,9.111,40.158,137.0,1.083,2.0,4.0,2.8,-4.0
2023-01-30,24,19.112,15.671,8.859,8.215,35.168,135.9,1.0,2.667,4.0,11.1,0.0
2023-01-31,24,23.626,20.759,12.115,8.474,44.324,137.0,1.875,3.333,8.0,-6.4,-20.0
2023-02-01,24,19.933,19.613,8.79,9.791,35.489,133.5,1.208,2.667,5.0,-2.4,-19.0
2023-02-02,24,21.101,19.203,7.952,10.149,32.562,134.9,0.917,3.333,4.0,-7.5,-23.0
2023-02-03,24,22.79,23.007,11.289,8.699,42.075,134.5,1.667,3.0,7.0,0.9,-24.0
2023-02-04,24,23.493,23.42,13.561,7.185,45.183,139.0,1.125,2.667,5.0,-5.5,-12.0
2023-02-05,24,25.478,27.864,12.963,7.964,45.769,144.0,1.125,2.0,4.0,10.5,0.0
2023-02-06,24,29.933,27.319,16.088,10.043,59.226,156.7,3.083,3.667,16.0,-2.5,-17.0
2023-02-07,24,33.868,26.933,20.564,12.795,74.33,184.7,3.292,4.0,18.0,-23.1,-30.0
2023-02-08,24,35.036,33.333,20.828,10.86,71.423,197.6,3.208,4.0,17.0,-15.8,-23.0
2023-02-09,24,35.274,35.631,17.08,11.506,61.448,214.9,3.25,4.333,18.0,-23.0,-38.0
2023-02-10,24,35.975,35.71,19.127,11.055,66.235,207.8,2.958,4.0,15.0,-27.3,-47.0
2023-02-11,24,36.6,37.699,20.24,7.554,69.284,209.5,1.916,3.333,8.0,-18.0,-32.0
2023-02-12,24,37.084,38.708,20.185,9.767,63.681,199.7,1.875,2.333,7.0,-13.5,-22.0
2023-02-13,24,42.615,45.559,27.391,4.708,81.14,189.2,0.917,2.0,4.0,1.8,-12.0
2023-02-14,24,38.807,40.77,20.05,8.365,69.299,179.7,1.5,2.333,6.0,-0.2,-10.0
2023-02-15,24,45.101,42.069,23.048,10.653,76.924,173.7,3.875,5.333,27.0,-45.2,-72.0
2023-02-16,24,36.91,36.092,16.031,11.999,58.504,163.2,3.292,5.0,23.0,-37.9,-53.0
2023-02-17,24,32.83,31.37,12.827,13.882,58.385,343.1,1.375,3.0,6.0,-23.2,-36.0
2023-02-18,24,36.194,33.574,18.737,12.437,69.156,167.4,1.5,2.333,6.0,-8.2,-17.0
2023-02-19,24,32.076,28.009,16.547,10.751,63.088,169.0,1.458,2.667,6.0,-7.5,-12.0
2023-02-20,24,36.775,38.117,19.77,7.78,65.566,159.8,1.708,3.0,7.0,4.4,-7.0
2023-02-21,24,39.466,31.36,24.062,9.704,88.088,160.9,2.667,4.0,14.0,-19.4,-50.0
2023-02-22,24,36.992,30.152,25.174,7.13,84.051,151.9,1.625,2.333,6.0,-9.1,-20.0
2023-02-23,24,40.736,34.439,28.599,7.438,89.44,148.2,3.417,4.333,20.0,-15.7,-27.0
2023-02-24,24,29.744,26.986,14.819,8.893,54.071,164.1,1.167,2.333,4.0,-2.9,-13.0
2023-02-25,24,28.984,27.217,14.678,9.297,51.73,279.3,2.042,3.333,10.0,-8.8,-35.0
2023-02-26,24,32.204,32.868,15.38,10.884,55.778,159.0,3.417,5.667,24.0,-11.0,-65.0
2023-02-27,24,38.211,30.262,22.852,10.341,75.224,161.2,6.208,6.667,91.0,-89.5,-132.0
2023-02-28,24,30.939,34.736,16.151,9.351,54.837,160.9,3.458,5.667,26.0,-67.8,-100.0
2023-03-01,24,33.638,34.189,19.303,7.141,61.975,162.0,1.75,3.0,7.0,-12.7,-29.0
2023-03-02,24,40.533,43.301,23.92,8.693,76.261,168.8,1.917,3.667,8.0,-7.4,-39.0
2023-03-03,24,47.385,45.485,23.278,13.463,85.11,190.9,3.417,4.0,20.0,-19.8,-33.0
2023-03-04,24,42.11,36.58,20.276,13.461,72.208,181.6,3.083,4.0,16.0,-9.5,-21.0
2023-03-05,24,46.247,42.825,25.775,12.025,87.664,179.8,3.542,4.333,21.0,-12.8,-25.0
2023-03-06,24,54.023,50.663,30.574,13.218,96.273,188.0,2.917,3.667,15.0,-11.0,-25.0
2023-03-07,24,50.152,50.969,24.373,13.943,83.497,180.3,1.958,3.0,9.0,-10.2,-25.0
2023-03-08,24,52.899,51.76,26.701,13.903,93.309,181.9,1.708,3.0,7.0,-2.0,-10.0
2023-03-09,24,50.274,45.296,24.54,15.881,84.205,178.8,2.833,4.0,14.0,-12.1,-36.0
2023-03-10,24,54.665,51.499,29.276,13.854,104.434,171.2,2.0,3.333,9.0,-3.7,-18.0
2023-03-11,24,46.323,40.601,24.126,13.99,83.034,157.4,1.458,2.667,6.0,-3.8,-25.0
2023-03-12,24,55.854,57.945,27.908,13.87,94.48,150.0,1.583,3.0,7.0,7.5,-2.0
2023-03-13,24,50.101,46.379,23.134,16.499,86.404,143.3,0.5,1.333,2.0,21.5,14.0
2023-03-14,24,45.834,37.799,21.972,18.011,82.594,138.5,3.292,4.333,18.0,2.0,-20.0
2023-03-15,24,52.443,60.814,26.235,16.237,88.002,135.7,3.75,5.667,30.0,-11.6,-39.0
2023-03-16,24,36.679,34.369,14.506,12.508,57.745,135.4,1.125,3.667,6.0,-14.1,-24.0
2023-03-17,24,38.094,38.432,18.101,12.395,63.454,134.2,1.375,2.333,5.0,-0.8,-8.0
2023-03-18,24,43.68,41.761,20.589,12.033,75.913,140.3,2.042,2.667,8.0,2.6,-5.0
2023-03-19,24,38.185,36.046,17.277,13.943,63.669,142.7,2.083,3.333,9.0,5.6,-5.0
2023-03-20,24,42.511,39.884,23.087,13.825,78.541,156.1,2.125,4.0,11.0,2.3,-11.0
2023-03-21,24,43.413,42.937,21.089,12.487,70.838,151.6,1.708,2.333,6.0,13.3,3.0
2023-03-22,24,41.728,40.205,18.331,14.157,72.574,158.9,2.833,3.667,15.0,3.1,-4.0
2023-03-23,24,54.892,63.056,33.772,13.583,110.239,151.0,4.334,7.0,55.0,-26.0,-125.0
2023-03-24,24,39.88,41.622,19.475,11.454,73.519,157.5,5.083,8.0,73.0,-102.2,-163.0
2023-03-25,24,32.164,29.368,22.05,4.2,64.812,160.3,2.792,3.667,14.0,-35.9,-56.0
2023-03-26,24,40.537,40.881,25.538,8.872,78.526,159.4,1.709,2.667,7.0,-18.4,-33.0
2023-03-27,24,44.295,37.089,23.729,13.329,80.491,158.2,0.542,1.0,3.0,-10.0,-19.0
2023-03-28,24,44.587,40.956,21.791,14.156,77.581,158.7,0.875,1.667,4.0,-7.9,-15.0
2023-03-29,24,48.989,49.693,24.835,16.236,83.854,147.8,1.25,2.0,5.0,0.1,-9.0
2023-03-30,24,49.253,44.962,22.234,18.288,85.547,140.3,3.083,5.0,18.0,-2.5,-23.0
2023-03-31,24,54.138,54.603,27.39,17.024,91.326,129.3,3.333,4.333,19.0,-17.1,-25.0
2023-04-01,24,40.595,37.614,16.174,13.019,63.89,125.3,2.667,3.667,14.0,-21.7,-38.0
2023-04-02,24,40.461,39.109,18.817,15.287,67.306,126.9,2.708,3.667,14.0,-31.2,-44.0
2023-04-03,24,41.462,35.185,19.975,15.711,71.487,133.6,2.5,3.667,12.0,-25.1,-35.0
2023-04-04,24,37.782,34.505,15.605,16.306,60.056,135.7,2.625,3.667,13.0,-17.1,-33.0
2023-04-05,24,40.597,35.958,19.73,14.547,74.95,136.6,2.458,3.333,11.0,-21.1,-29.0
2023-04-06,24,40.589,34.886,18.662,15.912,69.803,137.1,1.75,3.0,7.0,-10.5,-19.0
2023-04-07,24,40.428,34.588,20.911,15.434,76.578,136.3,1.875,3.0,8.0,-16.1,-31.0
2023-04-08,24,39.8,31.15,21.084,13.633,74.724,135.9,1.25,2.0,5.0,-9.0,-21.0
2023-04-09,24,38.837,33.14,18.985,13.53,67.718,140.3,1.417,3.0,6.0,-9.8,-22.0
2023-04-10,24,41.863,36.112,20.819,16.006,74.724,139.8,2.542,3.333,12.0,-15.0,-41.0
2023-04-11,24,42.522,41.274,19.575,16.045,71.454,143.4,1.083,2.333,4.0,-0.7,-9.0
2023-04-12,24,42.486,39.795,18.77,16.941,71.105,154.0,0.625,1.333,3.0,5.0,-2.0
2023-04-13,24,42.577,35.776,19.137,18.474,72.236,159.5,1.375,2.333,5.0,3.0,-6.0
2023-04-14,24,37.091,34.858,13.112,18.239,56.32,171.3,1.458,2.333,5.0,0.9,-5.0
2023-04-15,24,44.674,41.021,18.009,20.751,73.325,175.8,1.833,2.333,7.0,-9.5,-21.0
2023-04-16,24,44.228,42.437,16.04,21.214,66.295,177.8,0.917,1.667,4.0,-1.8,-12.0
2023-04-17,24,51.271,50.138,22.753,20.792,83.001,166.6,1.166,1.667,4.0,1.6,-7.0
2023-04-18,24,47.313,41.949,17.561,22.393,74.61,153.2,2.083,4.667,13.0,8.2,-3.0
2023-04-19,24,36.984,29.368,14.917,20.178,62.853,147.0,1.958,3.667,10.0,-11.5,-36.0
2023-04-20,24,40.179,40.257,15.936,18.312,60.196,147.0,1.083,2.333,4.0,-3.9,-9.0
2023-04-21,24,44.554,40.393,18.222,19.815,72.995,151.2,2.042,3.333,9.0,-8.3,-29.0
2023-04-22,24,36.435,32.674,13.197,19.761,63.695,141.2,1.5,2.333,6.0,-13.0,-29.0
2023-04-23,24,45.795,48.292,23.07,16.066,82.313,135.2,4.292,8.333,65.0,-50.9,-165.0
2023-04-24,24,32.866,28.502,18.799,9.326,65.597,133.9,4.917,8.0,72.0,-130.0,-213.0
2023-04-25,24,20.502,21.149,7.865,7.133,32.1,130.7,1.75,3.333,8.0,-48.8,-63.0
2023-04-26,24,31.595,28.588,17.114,10.319,62.793,136.5,2.875,3.333,14.0,-35.5,-45.0
2023-04-27,24,40.35,36.228,22.311,13.34,78.041,140.8,3.5,4.333,21.0,-37.1,-51.0
2023-04-28,24,36.091,30.553,18.307,14.159,65.816,149.8,3.292,4.0,18.0,-37.8,-52.0
2023-04-29,24,29.819,27.682,11.919,13.706,49.463,155.8,3.416,4.0,20.0,-36.5,-43.0
2023-04-30,24,29.943,25.327,11.37,15.179,50.178,153.5,1.958,3.0,9.0,-28.1,-47.0
2023-05-01,24,38.151,41.928,18.15,12.806,63.912,147.9,2.125,3.333,9.0,-18.3,-30.0
2023-05-02,24,36.219,34.901,12.186,15.188,56.31,156.8,1.834,3.333,8.0,-25.0,-35.0
2023-05-03,24,35.87,31.465,14.357,17.433,56.363,156.2,0.667,2.0,3.0,-4.6,-12.0
2023-05-04,24,38.678,34.199,17.289,17.385,69.693,162.0,1.375,2.333,5.0,-5.4,-13.0
2023-05-05,24,40.171,36.0,16.624,20.404,67.47,161.9,0.708,1.667,3.0,-4.2,-9.0
2023-05-06,24,44.843,33.857,22.832,17.26,87.652,151.8,3.792,6.0,29.0,-38.3,-67.0
2023-05-07,24,40.809,35.884,19.831,17.398,75.8,157.2,2.125,4.0,10.0,-3.8,-29.0
2023-05-08,24,41.186,38.562,14.97,22.754,63.123,171.9,2.667,4.333,15.0,-16.1,-29.0
2023-05-09,24,33.748,31.061,11.624,17.03,52.257,194.7,2.375,4.333,12.0,-12.2,-29.0
2023-05-10,24,38.559,34.45,15.662,19.854,67.251,170.1,3.542,5.333,24.0,2.0,-19.0
2023-05-11,24,40.856,39.083,15.181,20.353,63.866,163.4,2.042,2.667,8.0,-5.8,-12.0
2023-05-12,24,46.092,42.964,18.695,20.738,78.439,149.1,3.042,5.333,18.0,5.1,-16.0
2023-05-13,24,39.424,39.685,10.958,20.929,56.198,143.8,2.292,4.0,11.0,-0.5,-22.0
2023-05-14,24,34.005,35.584,6.934,20.965,42.617,139.7,1.792,3.333,8.0,-5.5,-24.0
2023-05-15,24,35.418,33.773,13.871,17.323,54.576,134.5,1.083,2.667,5.0,1.7,-6.0
2023-05-16,24,38.09,34.172,13.986,18.922,62.024,134.3,1.708,2.667,7.0,-0.1,-5.0
2023-05-17,24,34.455,34.1,10.366,20.101,50.723,137.9,0.625,1.0,3.0,5.6,3.0
2023-05-18,24,37.857,34.367,13.835,18.662,60.16,150.6,0.292,0.667,2.0,8.0,4.0
2023-05-19,24,39.092,37.922,13.406,21.606,62.23,164.6,1.417,4.0,8.0,16.8,-10.0
2023-05-20,24,29.062,30.296,8.273,16.937,45.166,169.6,4.042,5.667,32.0,-43.3,-57.0
2023-05-21,24,31.422,27.844,12.831,16.367,59.431,163.4,3.208,5.667,26.0,-20.7,-38.0
2023-05-22,24,27.986,27.064,4.541,20.063,36.912,161.5,3.375,4.667,20.0,-22.0,-40.0
2023-05-23,24,32.181,34.429,12.177,13.927,49.319,154.9,2.375,3.667,12.0,-11.6,-27.0
2023-05-24,24,33.104,32.344,9.847,17.06,54.635,164.1,2.292,3.0,10.0,-11.1,-18.0
2023-05-25,24,34.828,29.549,11.76,20.096,55.971,152.1,2.417,3.0,11.0,-14.2,-20.0
2023-05-26,24,31.439,28.904,9.598,18.974,49.168,149.0,1.333,1.667,5.0,-10.7,-14.0
2023-05-27,24,35.539,35.336,11.316,19.533,51.868,156.9,0.833,2.0,4.0,-8.4,-14.0
2023-05-28,24,35.569,33.507,9.392,21.876,52.212,151.3,2.167,3.0,9.0,-19.4,-32.0
2023-05-29,24,34.151,32.692,8.957,20.862,50.701,154.4,0.75,1.333,3.0,-1.4,-12.0
2023-05-30,24,39.182,38.932,10.94,22.577,55.313,162.0,0.958,2.0,4.0,6.6,-3.0
2023-05-31,24,38.611,39.554,11.924,23.283,59.32,161.4,2.25,3.0,9.0,-2.4,-17.0
2023-06-01,24,37.379,39.002,8.807,21.537,50.302,163.9,2.667,3.667,12.0,-27.3,-45.0
2023-06-02,24,31.651,30.581,7.009,21.358,42.14,162.3,1.167,2.0,4.0,-15.2,-25.0
2023-06-03,24,35.965,36.99,10.167,18.495,52.614,164.6,0.75,1.667,3.0,-3.9,-10.0
2023-06-04,24,42.464,45.26,11.097,23.745,54.53,168.3,2.0,4.0,9.0,2.3,-16.0
2023-06-05,24,42.382,42.131,7.933,27.457,53.868,169.2,0.958,1.667,4.0,-3.8,-16.0
2023-06-06,24,41.034,42.865,9.354,25.279,55.875,171.8,1.333,2.667,5.0,-4.8,-10.0
2023-06-07,24,41.889,40.93,12.446,23.369,63.686,167.2,0.75,2.0,3.0,-1.9,-6.0
2023-06-08,24,43.312,42.185,12.027,27.138,64.347,168.5,1.167,1.667,4.0,-1.8,-9.0
2023-06-09,24,42.024,40.276,11.195,25.105,62.83,164.3,0.708,1.667,3.0,1.5,-6.0
2023-06-10,24,41.74,39.947,11.363,26.015,61.349,161.2,0.917,1.333,4.0,5.7,-2.0
2023-06-11,24,44.802,45.133,13.545,25.27,65.255,153.8,2.083,3.0,8.0,11.8,0.0
2023-06-12,24,41.743,40.568,7.725,28.505,52.514,146.1,1.5,2.333,6.0,0.4,-5.0
2023-06-13,24,35.957,33.878,7.972,24.529,49.109,146.3,1.292,2.333,5.0,0.0,-7.0
2023-06-14,24,34.946,35.465,10.291,18.724,49.854,143.5,0.75,2.667,4.0,-2.3,-11.0
2023-06-15,24,42.253,41.509,11.338,23.92,57.201,153.1,3.208,5.333,26.0,-6.8,-41.0
2023-06-16,24,34.55,34.181,9.404,21.009,47.127,157.2,4.0,6.0,32.0,-54.4,-72.0
2023-06-17,24,33.261,31.733,10.237,18.089,50.095,158.1,2.0,2.333,7.0,-33.1,-38.0
2023-06-18,24,37.369,34.698,12.075,20.866,59.326,164.1,2.125,3.0,9.0,-34.5,-50.0
2023-06-19,24,31.953,29.22,6.006,25.949,43.182,168.8,2.375,3.333,11.0,-25.2,-37.0
2023-06-20,24,33.168,30.962,9.216,20.635,50.214,180.1,2.0,2.667,8.0,-21.9,-33.0
2023-06-21,24,34.581,34.687,10.858,18.761,48.201,176.4,1.458,2.667,6.0,-15.8,-24.0
2023-06-22,24,36.314,36.038,10.074,20.421,50.839,173.2,2.125,2.667,9.0,-24.5,-39.0
2023-06-23,24,32.935,31.369,6.196,23.417,45.814,169.7,2.125,2.667,8.0,-22.6,-34.0
2023-06-24,24,37.182,37.849,11.483,20.158,53.047,160.8,2.917,4.333,16.0,-25.6,-35.0
2023-06-25,24,35.234,36.203,5.585,27.71,44.038,154.8,2.708,5.0,16.0,-36.5,-57.0
2023-06-26,24,37.446,32.517,13.028,22.189,57.765,157.7,2.417,3.0,10.0,-28.2,-37.0
2023-06-27,24,37.907,32.43,12.185,22.209,58.317,151.2,2.0,2.333,7.0,-23.0,-29.0
2023-06-28,24,34.567,33.535,8.78,21.069,50.781,154.9,1.916,2.333,7.0,-16.9,-27.0
2023-06-29,24,38.384,42.528,9.912,22.525,54.071,162.2,3.042,3.667,16.0,-29.5,-44.0
2023-06-30,24,35.591,35.437,6.839,24.969,44.799,158.6,1.542,3.0,6.0,-23.2,-32.0
2023-07-01,24,32.138,30.411,8.322,19.551,47.238,165.5,1.125,2.0,4.0,-6.5,-11.0
2023-07-02,24,38.357,38.637,11.636,21.406,56.879,170.2,1.0,1.667,4.0,-3.1,-9.0
2023-07-03,24,36.722,38.674,8.028,22.599,45.661,173.2,0.958,1.333,4.0,3.8,-4.0
2023-07-04,24,35.034,34.055,8.243,21.916,47.794,167.2,0.792,1.0,3.0,3.5,-2.0
2023-07-05,24,37.423,37.176,10.449,20.012,51.297,154.6,1.333,2.667,6.0,16.4,3.0
2023-07-06,24,39.536,40.095,9.567,23.835,57.979,157.6,2.333,3.333,10.0,6.0,-7.0
2023-07-07,24,35.429,35.876,6.858,22.408,47.388,161.4,3.208,4.0,18.0,-19.2,-35.0
2023-07-08,24,38.365,33.584,15.506,19.261,67.763,160.5,1.292,3.333,6.0,-10.3,-31.0
2023-07-09,24,35.569,36.019,13.135,17.307,57.713,179.2,0.708,1.333,3.0,-1.1,-6.0
2023-07-10,24,33.879,31.324,9.272,20.792,51.846,190.6,0.958,1.333,4.0,0.6,-4.0
2023-07-11,24,34.751,33.416,10.282,20.226,50.451,213.5,1.708,2.667,6.0,0.0,-7.0
2023-07-12,24,33.716,33.427,8.484,21.148,47.625,193.3,1.542,2.333,6.0,-1.0,-9.0
2023-07-13,24,37.93,36.5,12.227,19.904,57.777,202.9,1.625,3.0,7.0,13.2,4.0
2023-07-14,24,36.367,38.073,9.681,21.262,50.072,180.6,3.333,4.667,20.0,-19.5,-43.0
2023-07-15,24,35.007,34.029,10.333,19.459,53.265,178.5,1.584,2.667,7.0,-17.8,-26.0
2023-07-16,24,36.921,37.789,11.842,19.22,53.71,184.3,1.333,4.0,8.0,-16.3,-53.0
2023-07-17,24,35.33,33.87,6.976,23.747,49.788,180.0,3.292,4.667,21.0,-36.2,-48.0
2023-07-18,24,29.001,27.275,7.241,18.895,42.254,218.5,2.583,4.333,14.0,-17.0,-34.0
2023-07-19,24,36.13,40.541,10.678,18.022,47.313,188.9,0.958,1.333,4.0,-6.8,-15.0
2023-07-20,24,38.925,36.746,7.803,24.581,52.238,184.3,1.792,4.333,10.0,3.2,-2.0
2023-07-21,24,39.163,36.933,11.955,23.656,57.796,172.8,2.292,4.333,11.0,2.0,-22.0
2023-07-22,24,35.832,35.827,8.939,20.905,49.624,174.4,1.833,3.0,8.0,-14.5,-34.0
2023-07-23,24,40.088,37.297,16.157,19.674,66.671,172.5,1.458,2.333,6.0,-6.2,-11.0
2023-07-24,24,32.437,30.177,6.022,25.262,45.008,165.1,1.5,2.333,6.0,-5.7,-16.0
2023-07-25,24,42.007,43.729,17.992,18.434,65.827,169.0,1.792,4.333,9.0,-9.1,-25.0
2023-07-26,24,32.62,32.937,6.247,20.054,43.304,167.4,3.292,4.667,19.0,-31.6,-52.0
2023-07-27,24,31.009,32.119,11.873,13.741,47.222,165.3,1.583,2.0,6.0,-7.5,-24.0
2023-07-28,24,39.031,39.235,14.852,16.906,59.557,168.2,1.25,2.333,5.0,0.5,-13.0
2023-07-29,24,34.5,33.284,7.023,22.571,44.701,178.6,1.958,3.0,8.0,-6.4,-18.0
2023-07-30,24,39.145,36.518,16.451,17.347,66.909,174.4,1.917,2.667,8.0,-13.8,-20.0
2023-07-31,24,35.871,33.17,12.214,17.321,57.156,177.1,1.417,2.333,5.0,-17.8,-30.0
2023-08-01,24,34.767,35.999,11.579,18.415,53.533,174.7,1.958,3.0,8.0,7.2,-12.0
2023-08-02,24,32.387,29.309,10.011,19.484,53.023,172.9,2.333,4.0,12.0,-15.9,-45.0
2023-08-03,24,39.044,45.438,16.935,15.562,62.135,162.9,1.25,2.0,5.0,-7.8,-20.0
2023-08-04,24,38.505,36.713,14.474,16.127,63.211,170.8,2.25,4.0,13.0,1.3,-22.0
2023-08-05,24,24.446,23.51,5.304,14.599,34.696,175.8,3.458,6.333,33.0,-60.5,-93.0
2023-08-06,24,31.151,29.368,13.273,13.475,54.609,173.5,0.333,1.0,2.0,-26.3,-38.0
2023-08-07,24,27.091,26.095,6.929,16.065,41.631,169.7,2.042,4.0,10.0,-22.3,-40.0
2023-08-08,24,31.438,29.854,11.925,15.251,49.427,158.9,1.5,4.0,7.0,-18.7,-31.0
2023-08-09,24,28.379,25.712,10.761,15.091,50.849,153.4,1.583,2.333,6.0,-4.5,-14.0
2023-08-10,24,33.433,31.385,12.978,14.509,54.977,155.7,1.625,2.667,6.0,-7.0,-17.0
2023-08-11,24,33.845,37.203,10.763,16.09,47.815,152.8,0.833,1.333,4.0,3.6,-3.0
2023-08-12,24,37.46,33.957,10.639,21.358,55.972,148.3,1.667,2.333,6.0,0.8,-4.0
2023-08-13,24,33.666,33.646,8.258,20.854,45.803,150.4,1.0,2.0,4.0,4.7,-1.0
2023-08-14,24,34.881,32.037,12.235,17.777,56.124,154.0,0.958,1.333,4.0,6.9,-1.0
2023-08-15,24,34.828,33.246,9.386,20.414,48.722,158.1,0.625,1.0,3.0,10.5,-1.0
2023-08-16,24,30.921,29.684,5.336,21.591,39.854,160.1,1.583,3.0,7.0,0.8,-21.0
2023-08-17,24,29.599,27.716,12.328,13.295,51.239,151.9,1.5,2.333,6.0,7.5,-7.0
2023-08-18,24,35.407,37.318,13.696,14.437,56.465,150.6,2.375,3.0,10.0,3.8,-9.0
2023-08-19,24,39.645,40.767,14.663,15.98,60.137,150.6,1.708,3.0,7.0,5.5,-3.0
2023-08-20,24,36.459,32.911,13.37,21.495,62.066,146.3,1.958,3.333,8.0,1.5,-9.0
2023-08-21,24,36.346,34.254,14.33,16.72,57.952,148.7,2.0,2.667,8.0,5.0,-3.0
2023-08-22,24,37.137,34.263,16.692,14.279,64.702,150.9,1.542,3.333,7.0,-4.0,-11.0
2023-08-23,24,38.036,38.158,13.313,18.107,57.121,147.0,0.667,1.667,3.0,9.8,3.0
2023-08-24,24,39.008,34.083,12.036,20.355,56.986,144.1,1.542,3.0,7.0,8.4,-9.0
2023-08-25,24,35.247,31.911,12.37,18.125,55.632,138.9,0.875,2.0,4.0,-0.2,-7.0
2023-08-26,24,32.996,30.331,10.904,16.142,49.611,139.3,1.625,2.0,6.0,0.5,-9.0
2023-08-27,24,29.112,28.493,8.277,16.395,39.611,141.5,2.166,3.333,10.0,-2.4,-15.0
2023-08-28,24,29.488,26.641,10.629,14.989,44.437,141.7,1.542,2.0,6.0,-4.1,-13.0
2023-08-29,24,37.681,31.206,18.937,14.59,69.327,142.2,0.958,2.0,4.0,5.9,-8.0
2023-08-30,24,34.657,30.854,16.365,13.349,59.716,138.6,1.25,2.0,5.0,-0.3,-13.0
2023-08-31,24,29.252,29.915,9.129,14.369,42.338,139.9,1.417,2.0,5.0,13.9,-4.0
2023-09-01,24,29.024,24.695,11.32,15.448,50.7,135.8,2.625,3.333,12.0,-6.7,-19.0
2023-09-02,24,32.869,30.482,15.815,12.555,62.773,131.2,4.5,5.333,37.0,-37.2,-62.0
2023-09-03,24,31.734,27.119,15.383,12.215,54.87,130.5,3.416,5.333,23.0,-26.6,-41.0
2023-09-04,24,25.763,26.601,12.285,8.465,44.321,136.0,1.542,2.667,6.0,-17.5,-34.0
2023-09-05,24,28.552,27.431,13.042,11.584,48.452,142.9,1.708,4.0,9.0,-2.9,-13.0
2023-09-06,24,28.218,27.63,8.539,15.025,39.71,147.1,1.458,3.333,6.0,-4.8,-13.0
2023-09-07,24,30.498,28.213,10.07,16.995,44.164,160.8,1.334,2.0,5.0,-2.2,-10.0
2023-09-08,24,39.396,37.393,18.049,15.598,66.018,160.9,1.25,2.667,5.0,3.4,-10.0
2023-09-09,24,36.512,33.928,14.776,15.722,56.237,161.4,1.75,2.667,8.0,-2.7,-9.0
2023-09-10,24,43.387,43.392,21.872,12.546,76.241,163.9,0.542,1.333,2.0,2.9,-3.0
2023-09-11,24,41.495,35.333,16.925,17.459,67.734,176.4,1.375,2.0,5.0,12.2,2.0
2023-09-12,24,43.15,33.186,19.9,20.308,78.57,153.5,2.875,5.333,23.0,-10.5,-82.0
2023-09-13,24,22.689,23.156,3.634,15.297,28.64,142.6,2.917,4.667,16.0,-39.9,-67.0
2023-09-14,24,26.958,28.79,10.616,11.263,39.979,145.2,2.916,4.333,17.0,-16.3,-37.0
2023-09-15,24,35.15,27.838,20.163,10.091,69.481,139.1,1.583,3.0,6.0,-14.5,-27.0
2023-09-16,24,35.69,30.171,18.694,10.604,67.14,140.4,1.292,3.0,6.0,-6.3,-23.0
2023-09-17,24,35.03,30.209,15.836,11.927,59.766,144.6,2.917,3.333,14.0,-2.3,-14.0
2023-09-18,24,40.031,39.718,20.404,10.809,71.093,154.5,4.0,5.0,30.0,-22.8,-73.0
2023-09-19,24,31.196,28.194,14.286,9.37,56.319,166.1,4.667,6.333,47.0,-59.6,-85.0
2023-09-20,24,32.116,29.671,19.987,6.315,62.821,155.5,2.917,3.667,15.0,-23.7,-42.0
2023-09-21,24,32.197,29.929,15.586,9.437,56.996,168.1,2.167,2.667,8.0,-15.0,-29.0
2023-09-22,24,37.586,34.147,20.007,10.936,67.808,175.7,2.042,3.333,8.0,-15.1,-22.0
2023-09-23,24,39.599,35.972,21.382,12.317,75.148,173.0,2.083,2.667,8.0,-17.5,-27.0
2023-09-24,24,36.599,37.493,16.633,13.78,58.725,173.7,2.542,5.667,21.0,-18.0,-45.0
2023-09-25,24,38.487,37.251,17.934,14.126,65.514,170.2,3.458,5.333,23.0,-24.4,-69.0
2023-09-26,24,33.829,34.297,13.621,13.733,57.727,164.9,3.917,5.0,28.0,-39.3,-58.0
2023-09-27,24,38.243,41.206,17.561,10.839,59.779,156.0,2.708,3.667,14.0,-9.0,-18.0
2023-09-28,24,34.603,35.123,12.319,13.992,50.605,147.8,1.083,3.0,5.0,-14.2,-26.0
2023-09-29,24,37.615,42.092,15.564,12.868,61.189,155.0,2.208,4.0,11.0,-21.1,-47.0
2023-09-30,24,42.702,38.188,20.631,13.922,73.597,159.1,2.125,2.333,8.0,-19.9,-33.0
2023-10-01,24,37.172,36.213,12.958,14.348,57.992,161.1,1.834,3.667,8.0,-25.0,-45.0
2023-10-02,24,43.157,44.52,20.03,15.187,68.419,157.4,1.833,3.0,8.0,-19.8,-28.0
2023-10-03,24,43.764,38.956,20.711,15.394,74.678,153.7,1.667,2.333,6.0,-19.0,-38.0
2023-10-04,24,42.339,42.619,17.18,18.154,65.845,155.0,2.292,3.333,10.0,-21.7,-33.0
2023-10-05,24,42.936,39.16,19.529,17.368,70.77,156.1,2.417,5.0,15.0,-27.2,-48.0
2023-10-06,24,40.212,41.251,18.233,14.675,66.142,155.3,1.75,3.0,7.0,-8.0,-17.0
2023-10-07,24,43.148,45.191,19.739,14.836,69.567,157.2,0.958,1.667,4.0,-6.0,-18.0
2023-10-08,24,45.249,45.876,14.414,19.574,66.388,157.1,1.583,2.333,6.0,-13.3,-31.0
2023-10-09,24,41.918,39.234,16.125,16.867,64.763,165.5,1.875,3.0,7.0,-9.5,-28.0
2023-10-10,24,51.851,56.432,26.107,16.298,84.762,164.4,0.708,2.0,3.0,-6.6,-13.0
2023-10-11,24,41.914,44.444,15.308,15.569,63.387,158.0,0.583,1.0,3.0,0.8,-3.0
2023-10-12,24,47.793,44.775,22.367,15.656,80.909,157.1,0.458,1.0,2.0,7.2,-1.0
2023-10-13,24,46.213,46.156,22.132,16.026,82.3,149.0,2.584,3.667,13.0,7.5,-10.0
2023-10-14,24,39.32,39.181,15.039,15.552,63.674,148.2,1.416,3.0,6.0,-4.6,-12.0
2023-10-15,24,42.264,42.89,22.308,13.257,76.288,144.6,0.583,1.667,2.0,-0.3,-4.0
2023-10-16,24,38.625,37.141,19.886,11.477,69.074,144.0,0.5,2.0,2.0,1.3,-5.0
2023-10-17,24,38.351,34.836,19.619,13.467,69.029,137.3,0.25,0.667,1.0,5.5,1.0
2023-10-18,24,39.378,35.049,21.278,11.334,75.546,135.3,2.0,3.0,8.0,-1.5,-29.0
2023-10-19,24,40.536,41.046,18.673,17.225,66.754,128.7,1.958,3.333,8.0,-27.3,-38.0
2023-10-20,24,38.526,36.764,20.413,14.496,71.614,125.7,1.708,2.667,6.0,-9.2,-42.0
2023-10-21,24,34.557,25.525,18.714,14.334,65.588,122.6,3.083,5.0,21.0,-56.7,-88.0
2023-10-22,24,31.005,31.221,16.34,11.11,58.993,118.8,1.792,3.0,7.0,-27.5,-41.0
2023-10-23,24,30.552,27.958,15.314,11.635,56.136,122.1,0.25,0.667,1.0,-9.4,-18.0
2023-10-24,24,29.834,29.335,14.376,11.949,51.963,121.1,0.625,1.0,3.0,-4.2,-8.0
2023-10-25,24,30.428,29.639,15.17,10.336,55.358,125.8,0.667,1.667,3.0,-0.2,-6.0
2023-10-26,24,37.094,33.727,20.332,13.043,76.656,126.4,3.375,4.667,21.0,-21.3,-46.0
2023-10-27,24,35.434,35.032,15.72,14.25,62.32,127.5,2.208,4.0,10.0,-32.6,-48.0
2023-10-28,24,34.239,32.393,18.775,10.868,70.649,128.0,3.0,4.0,17.0,-32.5,-60.0
2023-10-29,24,36.951,38.101,19.351,12.773,65.392,135.2,3.917,4.667,26.0,-39.8,-58.0
2023-10-30,24,37.618,32.796,21.502,9.173,75.175,139.7,2.416,4.0,12.0,-26.0,-40.0
2023-10-31,24,33.257,31.023,16.01,10.842,63.068,147.3,1.875,2.667,7.0,-18.0,-31.0
2023-11-01,24,35.943,32.203,19.823,11.087,67.756,158.6,1.958,2.667,8.0,-8.5,-17.0
2023-11-02,24,36.518,38.12,20.185,10.296,66.678,158.4,1.5,2.333,6.0,-3.5,-8.0
2023-11-03,24,33.277,34.764,15.667,11.696,58.879,156.1,0.542,1.0,2.0,2.4,-3.0
2023-11-04,24,37.198,40.176,18.956,11.37,69.929,155.3,1.958,4.667,12.0,-3.7,-54.0
2023-11-05,24,43.317,39.936,20.907,10.996,83.391,154.8,4.625,7.333,61.0,-75.5,-163.0
2023-11-06,24,34.257,32.176,19.116,10.914,65.938,146.2,4.333,5.667,36.0,-89.5,-125.0
2023-11-07,24,39.112,33.041,25.198,10.02,79.869,145.1,3.125,5.0,18.0,-47.4,-67.0
2023-11-08,24,31.078,30.235,16.271,10.888,59.229,145.7,2.875,4.0,15.0,-29.5,-39.0
2023-11-09,24,31.105,33.098,16.1,10.249,57.097,138.7,2.417,3.0,10.0,-24.4,-34.0
2023-11-10,24,27.958,25.675,14.438,9.858,53.139,143.9,1.958,3.333,8.0,-18.5,-28.0
2023-11-11,24,26.88,29.152,14.876,8.41,49.581,141.5,0.958,1.667,4.0,-11.4,-16.0
2023-11-12,24,28.248,25.979,16.5,8.527,57.166,137.2,1.875,4.0,9.0,-1.7,-7.0
2023-11-13,24,26.82,23.444,13.721,11.05,48.839,132.7,2.417,5.0,14.0,-12.8,-38.0
2023-11-14,24,29.823,26.174,16.965,11.417,64.258,123.8,1.334,3.0,6.0,-1.3,-9.0
2023-11-15,24,25.02,19.86,13.353,10.973,46.839,118.9,2.625,3.333,12.0,-10.8,-18.0
2023-11-16,24,21.31,18.497,9.643,10.435,36.889,117.9,1.583,2.0,6.0,-14.2,-23.0
2023-11-17,24,20.977,21.569,9.097,9.145,37.454,119.6,0.583,2.0,2.0,-6.2,-12.0
2023-11-18,24,21.071,19.345,9.478,10.556,40.69,127.1,0.292,1.333,1.0,5.4,-1.0
2023-11-19,24,23.794,21.896,10.156,10.339,44.362,140.1,0.667,1.0,3.0,8.5,3.0
2023-11-20,24,27.139,29.732,11.281,10.524,43.951,156.5,1.125,1.667,4.0,14.0,6.0
2023-11-21,24,29.288,26.523,12.493,13.753,46.355,171.5,3.125,4.333,18.0,-5.0,-38.0
2023-11-22,24,30.522,30.823,16.671,8.902,60.011,189.5,4.0,5.333,30.0,-38.5,-59.0
2023-11-23,24,26.516,26.429,14.996,7.25,49.539,194.2,1.375,3.0,6.0,-21.8,-34.0
2023-11-24,24,31.276,34.095,18.974,7.597,61.368,178.0,1.917,2.667,7.0,-14.7,-26.0
2023-11-25,24,33.891,32.224,20.499,8.844,70.629,176.4,4.292,6.333,37.0,-45.8,-90.0
2023-11-26,24,28.847,26.653,15.601,8.279,54.379,180.2,1.833,4.0,9.0,-46.5,-74.0
2023-11-27,24,26.023,27.587,14.493,7.839,47.515,187.3,1.708,2.333,6.0,-21.9,-32.0
2023-11-28,24,30.429,32.042,18.7,7.287,62.569,254.6,1.667,2.0,6.0,-15.2,-22.0
2023-11-29,24,33.86,39.016,19.256,7.213,61.583,170.6,1.042,1.667,4.0,-10.0,-17.0
2023-11-30,24,29.087,26.943,15.56,8.857,55.003,166.5,1.125,2.333,4.0,-6.7,-12.0
2023-12-01,24,35.913,29.806,25.971,9.119,86.297,162.0,4.958,6.667,52.0,-53.6,-108.0
2023-12-02,24,33.258,27.537,18.968,10.807,65.125,148.2,1.917,5.333,13.0,-66.9,-100.0
2023-12-03,24,21.304,17.094,10.541,8.509,38.032,139.2,2.375,3.0,10.0,-32.0,-40.0
2023-12-04,24,24.106,23.115,12.494,10.181,44.458,137.8,2.084,2.667,9.0,-18.7,-31.0
2023-12-05,24,23.429,18.789,13.284,9.871,46.018,141.6,2.875,3.333,14.0,-19.0,-36.0
2023-12-06,24,20.675,15.993,12.84,7.976,44.793,129.9,2.375,3.0,10.0,-18.8,-27.0
2023-12-07,24,17.774,15.716,7.779,8.359,29.755,134.6,1.167,2.0,4.0,-9.0,-16.0
2023-12-08,24,17.65,15.873,7.965,8.182,30.736,132.6,1.083,2.0,4.0,-4.8,-10.0
2023-12-09,24,18.117,17.864,7.8,8.988,32.689,127.9,0.25,0.667,1.0,-6.3,-11.0
2023-12-10,24,17.401,16.442,6.2,9.158,27.868,126.6,0.708,1.333,3.0,-5.0,-8.0
2023-12-11,24,18.496,17.343,7.221,9.525,33.505,125.9,0.208,1.0,1.0,-0.5,-5.0
2023-12-12,24,19.836,18.755,8.172,10.752,35.088,126.2,1.542,3.333,7.0,-1.7,-23.0
2023-12-13,24,19.529,21.382,7.958,8.284,31.267,134.8,1.708,2.667,7.0,-12.7,-21.0
2023-12-14,24,22.454,17.952,11.847,9.864,45.964,155.1,2.75,4.333,15.0,-47.2,-78.0
2023-12-15,24,20.191,17.788,9.804,8.469,37.311,144.3,2.167,3.333,11.0,-18.4,-33.0
2023-12-16,24,19.13,16.346,10.723,5.411,38.593,149.0,2.584,4.0,13.0,-13.5,-35.0
2023-12-17,24,25.23,19.359,16.18,8.493,55.224,154.6,4.166,5.333,33.0,-42.4,-77.0
2023-12-18,24,24.802,19.76,15.583,8.526,51.638,161.4,3.542,5.333,23.0,-34.8,-69.0
2023-12-19,24,24.012,22.107,12.978,9.823,46.478,179.3,2.375,3.667,11.0,-27.3,-43.0
2023-12-20,24,26.359,24.991,15.189,8.623,50.122,195.3,2.208,4.0,10.0,-24.7,-33.0
2023-12-21,24,21.955,22.902,11.841,6.536,40.945,193.6,0.958,2.667,4.0,-18.1,-29.0
2023-12-22,24,24.336,25.656,13.571,7.503,45.788,186.7,0.5,1.333,2.0,-6.9,-17.0
2023-12-23,24,23.335,24.951,11.255,8.344,38.738,174.2,1.208,2.667,5.0,-1.8,-17.0
2023-12-24,24,23.765,20.937,10.902,10.707,42.591,183.4,2.0,3.0,9.0,-8.8,-21.0
2023-12-25,24,26.327,30.023,10.851,11.648,39.616,166.7,0.625,1.333,3.0,3.3,-5.0
2023-12-26,24,24.606,25.15,12.312,9.114,44.419,154.2,1.208,1.667,5.0,8.0,2.0
2023-12-27,24,23.248,21.816,11.275,10.141,43.862,149.4,1.0,2.0,4.0,5.3,-2.0
2023-12-28,24,21.5,17.231,10.541,10.441,39.547,146.7,0.417,1.667,2.0,8.3,5.0
2023-12-29,24,23.341,21.803,9.552,12.65,39.45,142.9,1.5,2.333,6.0,14.1,9.0
2023-12-30,24,21.407,17.404,9.477,11.361,40.236,139.7,0.958,2.333,4.0,11.0,4.0
2023-12-31,24,20.445,20.592,7.931,9.605,33.196,146.2,0.583,1.333,3.0,4.5,0.0
2024-01-01,24,20.939,19.954,8.274,10.679,35.028,135.7,1.917,4.0,10.0,-4.2,-27.0
2024-01-02,24,20.017,16.14,10.133,8.677,42.268,142.1,1.917,2.667,8.0,-10.5,-17.0
2024-01-03,24,18.506,17.763,8.857,7.689,33.741,140.2,2.334,3.333,11.0,-4.0,-22.0
2024-01-04,24,20.26,17.195,12.217,6.307,45.555,125.8,1.25,2.667,5.0,-10.1,-18.0
2024-01-05,24,17.157,16.099,8.057,7.507,30.572,152.7,1.083,2.0,4.0,-11.8,-20.0
2024-01-06,24,18.549,16.87,8.175,9.096,31.667,159.4,0.375,1.0,2.0,-5.4,-12.0
2024-01-07,24,19.046,19.32,7.679,9.076,30.51,167.1,0.125,0.333,1.0,0.5,-5.0
2024-01-08,24,21.024,21.453,10.201,7.956,38.129,176.2,0.667,2.0,3.0,7.5,0.0
2024-01-09,24,24.308,20.151,13.022,7.618,46.088,175.9,1.208,2.333,5.0,4.2,-1.0
2024-01-10,24,27.804,22.918,17.909,9.112,60.355,186.0,1.75,2.333,6.0,-0.2,-11.0
2024-01-11,24,25.584,23.134,14.029,8.324,48.158,192.5,1.333,2.0,5.0,-8.6,-18.0
2024-01-12,24,26.105,24.388,15.108,7.159,55.522,186.4,0.875,1.333,4.0,-3.1,-12.0
2024-01-13,24,25.453,21.851,13.06,9.865,46.38,185.4,0.458,0.667,2.0,-2.5,-6.0
2024-01-14,24,30.507,29.565,16.177,10.849,57.108,187.9,1.667,2.0,6.0,-9.2,-24.0
2024-01-15,24,31.187,26.317,18.219,8.937,61.547,182.5,1.333,2.333,5.0,-6.2,-13.0
2024-01-16,24,29.098,24.895,17.325,8.414,59.853,179.6,1.125,2.667,5.0,-3.1,-9.0
2024-01-17,24,26.692,22.89,15.356,7.857,56.222,174.1,0.75,1.333,3.0,0.7,-7.0
2024-01-18,24,29.046,25.43,17.711,7.255,59.858,162.3,1.5,2.333,6.0,-3.2,-14.0
2024-01-19,24,27.863,26.752,15.382,9.752,53.171,157.4,1.75,2.667,7.0,-10.1,-23.0
2024-01-20,24,29.562,29.826,17.271,9.03,57.371,166.3,1.583,2.333,6.0,-6.5,-13.0
2024-01-21,24,26.121,27.414,14.122,8.718,46.513,178.5,1.125,2.0,4.0,-1.7,-14.0
2024-01-22,24,30.391,29.765,18.666,8.423,60.492,196.1,1.667,3.333,8.0,3.2,-8.0
2024-01-23,24,25.928,23.858,13.975,8.274,50.813,180.3,1.583,2.667,6.0,-1.9,-11.0
2024-01-24,24,26.013,23.575,14.781,9.053,51.594,172.0,1.666,3.333,8.0,-0.8,-15.0
2024-01-25,24,26.127,25.441,13.796,7.831,49.921,160.5,1.25,2.333,5.0,4.3,-4.0
2024-01-26,24,27.276,27.464,13.884,9.916,49.712,156.7,1.167,2.0,4.0,-0.2,-8.0
2024-01-27,24,28.684,27.67,15.275,8.903,56.148,148.1,1.042,2.333,4.0,-1.8,-10.0
2024-01-28,24,28.577,27.848,15.298,7.285,54.377,141.1,1.708,3.0,7.0,7.9,-10.0
2024-01-29,24,30.972,28.213,18.295,9.142,65.508,140.3,1.875,2.667,7.0,-4.5,-10.0
2024-01-30,24,29.809,27.895,17.293,8.113,58.631,135.0,1.75,2.333,6.0,-5.2,-14.0
2024-01-31,24,25.733,22.947,12.385,8.535,49.001,136.2,1.666,2.333,6.0,-5.4,-11.0
2024-02-01,24,28.635,27.635,15.887,9.291,57.276,136.9,1.417,2.0,5.0,-2.2,-9.0
2024-02-02,24,27.775,26.443,14.769,9.181,52.377,142.6,0.5,1.0,2.0,-2.2,-7.0
2024-02-03,24,27.566,26.065,15.707,9.575,54.103,156.4,0.292,0.667,2.0,2.4,-3.0
2024-02-04,24,34.162,33.305,16.928,13.14,60.555,170.4,1.375,3.0,6.0,6.2,-3.0
2024-02-05,24,28.45,27.086,12.135,11.19,47.352,173.4,1.417,2.667,6.0,8.2,2.0
2024-02-06,24,33.336,41.47,16.087,11.352,50.029,190.3,1.75,3.0,7.0,2.1,-12.0
2024-02-07,24,34.176,37.194,13.654,10.701,53.764,188.4,0.792,1.333,3.0,0.7,-5.0
2024-02-08,24,33.817,38.574,15.109,11.81,53.376,185.0,1.125,1.667,4.0,-1.1,-10.0
2024-02-09,24,35.898,34.682,18.295,10.39,67.046,183.4,1.083,3.0,5.0,1.7,-9.0
2024-02-10,24,34.936,33.974,16.682,10.625,62.551,193.8,1.042,2.333,4.0,12.4,5.0
2024-02-11,24,39.256,39.515,21.274,10.389,75.824,180.4,2.667,4.333,14.0,-6.8,-21.0
2024-02-12,24,38.333,40.096,16.509,14.393,61.899,208.3,0.958,2.333,4.0,-3.6,-15.0
2024-02-13,24,36.0,32.02,18.677,11.467,68.218,194.8,2.083,3.667,9.0,-5.0,-18.0
2024-02-14,24,36.107,37.313,16.156,14.151,59.229,184.1,1.208,3.0,5.0,-10.6,-20.0
2024-02-15,24,35.028,34.428,13.324,15.187,56.284,178.3,0.75,1.333,3.0,0.8,-6.0
2024-02-16,24,36.213,34.472,15.894,15.041,61.84,168.8,0.875,2.0,3.0,3.6,-13.0
2024-02-17,24,41.987,42.145,20.309,15.775,74.711,169.9,1.042,2.0,4.0,-2.9,-15.0
2024-02-18,24,38.513,40.275,15.763,15.116,59.873,156.5,1.125,3.333,5.0,-13.1,-26.0
2024-02-19,24,33.209,31.906,15.348,12.496,56.46,152.1,0.125,0.333,1.0,-3.0,-8.0
2024-02-20,24,35.358,36.723,15.603,11.887,58.753,152.6,1.417,2.333,5.0,-5.2,-18.0
2024-02-21,24,34.41,35.114,14.2,12.319,58.902,169.9,0.708,1.333,3.0,3.2,-3.0
2024-02-22,24,35.128,38.714,15.031,10.717,57.902,173.3,1.333,1.667,5.0,-3.6,-14.0
2024-02-23,24,34.713,30.818,17.377,8.304,64.529,172.9,0.542,1.333,2.0,3.8,-1.0
2024-02-24,24,36.608,34.442,20.012,9.287,72.266,179.2,1.417,2.333,6.0,1.3,-13.0
2024-02-25,24,39.101,36.619,19.46,13.534,72.145,180.8,2.417,3.0,10.0,-11.5,-27.0
2024-02-26,24,43.32,38.398,24.675,14.771,87.585,171.7,2.25,3.0,10.0,-8.2,-18.0
2024-02-27,24,34.981,29.425,18.423,13.277,65.949,168.3,2.208,4.333,12.0,-14.6,-25.0
2024-02-28,24,36.99,32.045,22.32,10.163,79.068,179.1,1.167,2.0,4.0,-9.1,-18.0
2024-02-29,24,34.92,31.216,17.505,11.599,64.632,164.1,0.792,1.667,3.0,-1.4,-4.0
2024-03-01,24,37.231,38.976,18.723,13.393,64.743,152.8,1.708,2.667,7.0,-11.5,-22.0
2024-03-02,24,35.667,30.683,15.98,15.627,62.303,152.3,1.0,2.333,4.0,-4.1,-12.0
2024-03-03,24,45.31,43.369,26.163,12.918,83.442,145.5,3.5,6.333,34.0,-26.2,-112.0
2024-03-04,24,34.864,34.99,14.739,9.239,54.408,139.9,1.916,4.0,9.0,-49.9,-86.0
2024-03-05,24,35.737,37.448,17.017,9.853,56.802,141.5,1.458,2.667,6.0,-27.0,-37.0
2024-03-06,24,39.846,39.415,19.741,12.32,73.657,136.0,1.208,3.0,5.0,-15.8,-32.0
2024-03-07,24,39.343,39.433,17.731,14.866,70.123,136.6,2.5,3.667,11.0,-10.4,-36.0
2024-03-08,24,38.753,37.722,16.386,12.944,64.831,129.0,2.0,3.667,9.0,-15.9,-25.0
2024-03-09,24,39.755,38.565,16.372,11.712,64.851,134.5,2.333,4.0,11.0,-18.2,-25.0
2024-03-10,24,33.978,32.237,14.657,12.589,59.96,127.0,1.708,2.333,6.0,-12.1,-17.0
2024-03-11,24,37.18,33.422,20.428,11.764,75.092,126.7,0.958,2.0,4.0,-5.6,-14.0
2024-03-12,24,37.561,34.253,20.384,10.987,73.709,130.5,1.042,2.333,4.0,-4.2,-12.0
2024-03-13,24,36.687,36.158,16.77,13.647,61.211,128.3,1.833,3.333,8.0,-11.2,-21.0
2024-03-14,24,41.569,37.81,20.769,14.754,73.252,127.1,1.667,3.0,7.0,-4.9,-12.0
2024-03-15,24,39.213,35.668,19.98,9.123,68.955,129.0,1.458,3.333,6.0,-9.4,-16.0
2024-03-16,24,40.672,31.844,25.92,9.716,86.382,144.1,0.292,0.667,2.0,0.3,-3.0
2024-03-17,24,39.503,36.398,22.09,11.645,74.59,151.3,0.042,0.333,0.0,4.3,1.0
2024-03-18,24,35.162,32.666,14.8,12.984,58.934,177.4,0.792,2.667,3.0,7.8,-15.0
2024-03-19,24,43.984,43.902,19.424,16.575,72.234,168.9,1.708,2.667,6.0,-14.3,-25.0
2024-03-20,24,43.158,43.539,14.856,16.306,62.935,175.5,0.917,2.333,4.0,0.3,-6.0
2024-03-21,24,49.104,39.224,22.954,14.509,82.109,196.9,3.458,4.667,22.0,-20.2,-74.0
2024-03-22,24,43.039,44.231,14.658,18.395,62.074,197.6,1.958,3.333,10.0,-24.7,-51.0
2024-03-23,24,49.752,51.005,19.28,18.331,77.017,210.7,4.084,5.667,31.0,-26.1,-79.0
2024-03-24,24,49.431,42.896,19.965,21.292,79.321,195.1,4.958,8.333,68.0,-73.5,-128.0
2024-03-25,24,25.547,23.834,8.474,11.652,38.27,190.1,3.583,5.0,25.0,-58.9,-88.0
2024-03-26,24,37.411,36.208,21.063,10.81,71.255,178.2,2.334,3.0,10.0,-41.5,-57.0
2024-03-27,24,46.48,46.591,21.756,17.083,78.139,174.6,1.458,3.0,6.0,-23.8,-33.0
2024-03-28,24,47.185,43.728,22.624,14.088,85.286,172.7,1.875,2.667,7.0,-8.3,-17.0
2024-03-29,24,50.01,44.401,23.563,19.721,90.946,167.3,1.125,1.667,4.0,-5.5,-10.0
2024-03-30,24,44.833,37.14,21.637,15.405,80.926,139.6,0.833,1.667,3.0,3.0,-5.0
2024-03-31,24,34.925,29.801,13.813,19.597,58.314,133.6,1.875,3.667,8.0,-10.8,-17.0
2024-04-01,24,38.141,33.936,19.662,13.612,71.141,120.4,2.208,3.667,10.0,-15.0,-33.0
2024-04-02,24,38.666,31.661,22.029,13.318,78.623,112.8,1.667,2.667,6.0,-10.2,-21.0
2024-04-03,24,35.241,30.74,17.708,13.692,63.745,111.7,1.417,2.667,6.0,-6.8,-12.0
2024-04-04,24,34.78,27.474,17.599,13.733,67.017,113.7,2.167,3.333,10.0,-2.9,-21.0
2024-04-05,24,35.839,29.352,15.973,15.917,64.583,120.5,2.458,3.333,10.0,-16.8,-23.0
2024-04-06,24,35.05,30.119,15.913,15.684,58.602,122.9,2.167,3.0,9.0,-17.2,-27.0
2024-04-07,24,37.421,32.571,18.082,14.917,64.549,124.6,1.583,2.333,6.0,-9.5,-21.0
2024-04-08,24,41.717,38.402,19.739,15.28,69.416,124.8,1.458,3.333,7.0,-12.5,-23.0
2024-04-09,24,36.271,29.483,17.367,13.907,65.474,124.4,2.042,3.333,9.0,-6.8,-18.0
2024-04-10,24,39.07,37.791,16.561,17.726,66.387,131.2,1.833,2.667,7.0,-3.7,-9.0
2024-04-11,24,35.649,31.439,13.768,16.851,59.636,143.7,1.167,2.667,5.0,3.2,-2.0
2024-04-12,24,43.587,42.573,21.062,16.952,78.455,151.5,1.208,2.333,5.0,4.5,-1.0
2024-04-13,24,43.087,43.751,16.717,16.683,66.543,161.0,1.25,2.0,5.0,6.8,2.0
2024-04-14,24,49.735,49.648,19.855,20.468,76.005,178.4,1.25,1.667,5.0,13.2,1.0
2024-04-15,24,49.892,49.449,15.496,25.78,73.535,191.9,1.5,2.667,6.0,3.1,-16.0
2024-04-16,24,45.463,49.032,14.98,23.828,66.462,198.7,4.125,5.333,31.0,-41.9,-65.0
2024-04-17,24,46.938,43.054,17.38,20.586,73.55,216.5,1.458,3.0,6.0,-27.3,-49.0
2024-04-18,24,49.163,51.663,14.893,23.218,69.125,226.9,0.75,1.667,3.0,-2.8,-13.0
2024-04-19,24,57.109,56.929,20.068,25.122,81.212,213.4,4.334,7.0,45.0,-43.0,-117.0
2024-04-20,24,55.318,56.021,18.835,23.662,82.782,209.5,2.334,2.667,10.0,-55.0,-68.0
2024-04-21,24,54.783,52.153,19.388,26.049,83.017,217.1,3.25,4.0,18.0,-49.2,-65.0
2024-04-22,24,48.153,54.322,13.787,23.006,65.65,226.8,1.875,2.333,7.0,-29.3,-46.0
2024-04-23,24,59.186,59.139,19.582,28.8,86.35,219.1,1.667,2.667,6.0,-20.2,-30.0
2024-04-24,24,52.323,50.71,16.759,26.706,78.47,199.1,0.583,1.0,3.0,-7.8,-19.0
2024-04-25,24,55.94,58.604,18.113,25.07,81.291,166.7,0.375,0.667,2.0,-0.7,-7.0
2024-04-26,24,54.115,49.964,16.544,30.808,83.536,152.6,2.875,5.0,17.0,-28.7,-51.0
2024-04-27,24,33.809,31.922,4.704,27.681,43.834,152.6,2.542,3.333,12.0,-19.6,-39.0
2024-04-28,24,38.635,36.748,14.719,16.718,62.225,140.1,1.25,3.667,6.0,-13.6,-39.0
2024-04-29,24,39.883,38.62,13.199,20.462,59.106,137.6,1.542,2.667,6.0,2.3,-10.0
2024-04-30,24,41.998,44.879,17.054,19.283,65.947,130.2,2.25,4.333,13.0,6.0,-17.0
2024-05-01,24,37.174,36.081,9.742,22.779,52.527,134.8,1.583,3.667,7.0,-2.2,-26.0
2024-05-02,24,37.252,37.389,17.138,15.913,60.34,141.9,4.0,6.667,42.0,-21.4,-89.0
2024-05-03,24,28.769,29.749,9.847,12.681,41.525,156.0,1.708,4.0,8.0,-35.8,-55.0
2024-05-04,24,36.754,37.792,13.359,16.319,54.441,166.6,1.042,3.0,5.0,-9.9,-18.0
2024-05-05,24,39.569,42.442,11.308,21.285,54.51,176.9,2.042,4.333,10.0,3.1,-39.0
2024-05-06,24,34.673,36.641,7.743,19.652,45.001,171.2,2.708,5.333,16.0,-14.0,-43.0
2024-05-07,24,35.794,37.358,15.334,16.187,61.496,203.6,1.542,2.667,6.0,-3.8,-15.0
2024-05-08,24,40.302,36.052,13.813,19.939,64.618,227.1,1.417,2.0,5.0,7.0,3.0
2024-05-09,24,43.015,43.347,15.006,21.608,65.389,233.2,1.292,2.333,5.0,17.5,13.0
2024-05-10,24,46.369,45.125,13.3,27.53,67.631,223.4,4.792,8.667,105.0,-40.6,-339.0
2024-05-11,24,18.687,17.001,5.309,10.699,27.686,213.7,8.375,9.0,271.0,-286.5,-406.0
2024-05-12,24,32.706,36.989,17.019,8.331,57.845,221.8,4.583,7.0,53.0,-110.6,-150.0
2024-05-13,24,27.478,27.855,7.663,12.707,41.9,215.4,3.5,6.0,27.0,-63.2,-93.0
2024-05-14,24,42.795,46.425,18.158,17.015,66.612,219.8,1.625,2.333,6.0,-45.3,-54.0
2024-05-15,24,51.746,48.919,14.993,28.535,75.882,216.0,2.208,3.0,9.0,-38.3,-49.0
2024-05-16,24,47.53,48.673,8.664,31.805,59.783,207.2,3.417,6.0,27.0,-56.0,-82.0
2024-05-17,24,50.693,53.486,13.388,28.815,70.481,204.1,3.375,6.0,30.0,-48.2,-88.0
2024-05-18,24,35.564,34.861,4.047,30.546,46.266,194.3,2.375,4.0,12.0,-61.6,-82.0
2024-05-19,24,46.445,48.261,17.435,20.068,70.196,200.7,1.917,2.667,8.0,-29.3,-42.0
2024-05-20,24,50.101,47.635,13.928,29.08,72.606,199.7,1.417,2.333,6.0,-19.1,-34.0
2024-05-21,24,55.714,55.102,18.536,29.335,85.057,190.8,1.708,2.667,7.0,-12.7,-24.0
2024-05-22,24,49.634,48.449,11.214,32.12,68.415,195.7,0.75,1.667,3.0,-2.7,-12.0
2024-05-23,24,50.517,48.105,13.404,30.414,71.796,176.2,1.875,3.333,8.0,-10.5,-28.0
2024-05-24,24,35.768,36.165,5.891,25.988,44.862,162.8,1.958,3.0,9.0,-20.1,-27.0
2024-05-25,24,38.071,37.329,11.8,21.67,55.533,152.4,1.375,2.333,5.0,-8.0,-20.0
2024-05-26,24,42.541,36.959,15.463,23.704,69.603,155.6,1.958,2.667,8.0,-14.8,-27.0
2024-05-27,24,37.093,34.186,12.595,20.002,55.476,170.0,1.708,3.0,7.0,-5.6,-12.0
2024-05-28,24,39.494,38.335,11.091,23.088,56.299,166.4,1.042,2.0,4.0,3.8,-8.0
2024-05-29,24,41.349,37.39,14.629,21.953,65.232,170.5,1.375,2.333,5.0,15.8,2.0
2024-05-30,24,41.583,37.754,10.466,29.234,58.611,172.9,1.625,3.333,7.0,2.0,-18.0
2024-05-31,24,34.274,31.973,7.788,22.558,47.833,179.4,2.042,4.333,10.0,-19.5,-28.0
2024-06-01,24,37.724,33.065,13.752,20.016,57.441,226.9,1.0,2.667,4.0,-14.4,-25.0
2024-06-02,24,40.905,41.183,11.442,22.557,55.373,179.8,0.958,2.333,4.0,-0.7,-8.0
2024-06-03,24,44.987,42.997,9.67,28.719,58.361,186.0,1.875,4.333,9.0,-2.9,-12.0
2024-06-04,24,44.894,44.712,9.487,28.744,58.651,192.3,1.417,2.667,6.0,-14.0,-23.0
2024-06-05,24,45.923,45.91,13.685,25.032,64.697,195.3,1.667,2.333,6.0,-6.0,-18.0
2024-06-06,24,40.89,42.088,6.545,29.39,50.046,190.9,1.208,2.0,5.0,-14.2,-23.0
2024-06-07,24,44.217,44.317,12.294,24.964,59.059,184.4,3.417,6.333,29.0,-14.9,-29.0
2024-06-08,24,43.648,45.269,10.387,28.776,60.475,190.4,2.667,4.667,14.0,-21.0,-34.0
2024-06-09,24,44.425,43.378,12.142,27.519,63.871,180.9,1.208,2.0,5.0,-13.8,-20.0
2024-06-10,24,49.43,45.516,15.818,28.44,75.165,177.8,1.708,4.0,9.0,0.2,-14.0
2024-06-11,24,38.288,35.957,9.117,24.885,53.809,164.9,1.958,4.333,10.0,-16.8,-44.0
2024-06-12,24,44.267,40.848,14.523,23.586,66.958,164.9,0.917,1.333,4.0,-5.3,-12.0
2024-06-13,24,41.925,42.308,9.561,25.948,53.744,170.1,0.542,1.0,2.0,-1.6,-9.0
2024-06-14,24,47.164,47.299,16.129,25.315,69.839,169.0,1.292,2.333,5.0,-6.0,-14.0
2024-06-15,24,43.728,41.126,8.743,31.973,61.14,170.7,3.042,4.667,17.0,-14.3,-31.0
2024-06-16,24,39.239,41.072,9.688,23.203,52.395,167.3,2.625,4.0,14.0,-21.0,-39.0
2024-06-17,24,40.737,39.658,11.836,22.332,57.473,179.9,2.458,3.333,11.0,-7.4,-20.0
2024-06-18,24,32.324,30.551,6.2,23.624,44.206,192.7,2.334,3.333,10.0,-10.0,-18.0
2024-06-19,24,36.035,35.731,13.006,17.636,56.144,196.0,2.25,3.333,10.0,-8.0,-15.0
2024-06-20,24,41.523,40.466,10.573,25.234,56.397,203.3,1.666,2.333,6.0,-7.6,-15.0
2024-06-21,24,36.897,36.163,6.304,25.738,47.236,196.9,0.75,1.333,3.0,-0.8,-10.0
2024-06-22,24,38.701,38.866,9.558,23.833,52.595,195.7,0.667,1.333,3.0,8.5,1.0
2024-06-23,24,42.389,44.329,11.327,24.76,61.643,195.8,2.292,3.333,10.0,1.4,-12.0
2024-06-24,24,41.263,43.074,10.607,23.928,54.208,198.7,0.792,1.667,3.0,0.6,-10.0
2024-06-25,24,42.577,42.129,11.746,24.039,59.918,193.7,1.708,2.667,6.0,-7.5,-16.0
2024-06-26,24,43.362,41.536,11.984,25.914,61.665,181.4,2.042,2.667,8.0,-4.6,-19.0
2024-06-27,24,44.195,43.519,11.633,25.204,61.702,182.5,1.833,3.333,8.0,7.9,-22.0
2024-06-28,24,33.744,34.842,7.19,22.345,44.853,180.7,5.0,7.667,60.0,-64.5,-107.0
2024-06-29,24,37.154,39.403,13.275,17.849,56.781,186.4,2.667,4.0,13.0,-44.0,-64.0
2024-06-30,24,38.869,35.989,9.541,22.627,56.262,173.8,2.458,3.667,11.0,-25.3,-35.0
2024-07-01,24,35.423,32.709,8.93,23.623,52.083,170.6,1.292,1.667,5.0,-21.6,-30.0
2024-07-02,24,39.018,42.775,9.493,23.213,50.121,163.8,1.0,1.333,4.0,-13.0,-20.0
2024-07-03,24,43.92,42.837,10.387,27.896,61.914,167.4,1.083,1.333,4.0,-8.2,-19.0
2024-07-04,24,46.441,45.817,12.79,25.321,63.987,173.0,2.083,3.0,9.0,2.4,-11.0
2024-07-05,24,41.536,39.571,8.211,26.977,56.746,165.6,1.75,3.0,7.0,-1.5,-9.0
2024-07-06,24,43.526,46.099,11.799,24.409,59.628,166.0,0.5,1.0,2.0,-1.1,-9.0
2024-07-07,24,45.623,41.503,12.02,27.42,66.581,171.3,1.583,2.667,6.0,1.4,-8.0
2024-07-08,24,43.489,40.459,13.326,23.436,68.303,168.5,2.292,3.333,10.0,-1.1,-14.0
2024-07-09,24,40.812,38.385,12.316,24.651,62.294,178.2,1.5,2.333,6.0,3.7,0.0
2024-07-10,24,41.721,41.39,13.169,22.342,60.925,213.6,1.167,1.667,4.0,0.5,-7.0
2024-07-11,24,49.651,52.854,15.253,24.497,68.041,205.0,1.5,2.0,6.0,1.6,-7.0
2024-07-12,24,43.606,43.22,8.987,30.141,58.987,209.7,1.25,2.0,5.0,-2.9,-7.0
2024-07-13,24,42.237,40.625,9.784,26.589,57.483,238.3,0.75,1.333,3.0,3.9,-4.0
2024-07-14,24,49.453,52.426,14.052,27.943,70.349,233.9,1.125,1.333,4.0,10.3,-4.0
2024-07-15,24,43.821,43.205,9.699,26.363,58.738,233.2,1.375,3.0,6.0,9.9,2.0
2024-07-16,24,46.87,45.07,15.23,26.403,71.522,241.9,2.083,3.333,8.0,7.7,-13.0
2024-07-17,24,50.669,50.164,15.627,29.614,79.288,223.8,1.25,2.333,5.0,1.8,-3.0
2024-07-18,24,47.016,44.452,11.325,28.653,64.689,208.7,0.875,1.333,4.0,2.5,0.0
2024-07-19,24,44.564,44.472,12.11,24.993,65.143,201.6,0.875,1.333,4.0,7.2,1.0
2024-07-20,24,54.548,56.456,15.698,27.885,80.255,207.4,1.625,2.667,6.0,6.4,-4.0
2024-07-21,24,46.154,47.176,8.728,27.934,57.47,197.9,1.0,1.667,4.0,8.2,-1.0
2024-07-22,24,49.779,50.143,11.697,31.523,67.722,185.0,1.917,3.0,8.0,-14.2,-22.0
2024-07-23,24,35.892,35.421,7.92,22.966,48.573,175.5,1.0,2.667,4.0,1.5,-17.0
2024-07-24,24,42.833,42.216,14.597,22.331,63.982,174.8,1.208,1.667,5.0,18.7,7.0
2024-07-25,24,46.695,44.561,15.737,23.032,73.42,167.2,1.833,3.333,8.0,13.2,2.0
2024-07-26,24,34.166,30.718,10.706,21.897,54.118,176.3,3.625,5.0,24.0,-25.8,-50.0
2024-07-27,24,39.779,43.981,13.395,17.964,55.971,203.6,2.167,4.0,10.0,-20.2,-31.0
2024-07-28,24,44.263,43.064,14.486,22.608,65.834,214.4,1.708,2.667,7.0,-8.4,-24.0
2024-07-29,24,37.111,37.266,8.807,23.43,53.387,223.1,1.542,2.0,6.0,-5.8,-20.0
2024-07-30,24,32.724,32.776,7.2,17.247,43.137,400.7,3.333,5.333,22.0,-12.9,-31.0
2024-07-31,24,42.734,47.725,16.604,16.192,64.323,235.1,2.458,4.667,15.0,-8.2,-25.0
2024-08-01,24,37.527,41.263,9.583,19.575,50.221,234.4,3.125,5.333,19.0,3.3,-18.0
2024-08-02,24,41.979,44.396,15.204,18.384,62.658,247.1,1.875,2.667,8.0,12.0,0.0
2024-08-03,24,40.013,38.705,10.885,21.204,59.29,244.6,2.0,2.667,8.0,6.6,-2.0
2024-08-04,24,38.096,31.356,15.676,18.1,64.749,240.8,4.583,7.0,49.0,-49.6,-100.0
2024-08-05,24,33.948,35.188,13.009,13.071,52.51,247.3,2.125,3.0,8.0,-29.9,-54.0
2024-08-06,24,41.324,38.641,15.386,18.654,67.472,270.0,1.208,1.667,5.0,-7.0,-19.0
2024-08-07,24,47.195,42.768,16.804,22.271,79.16,303.2,1.542,2.333,6.0,3.8,-6.0
2024-08-08,24,52.552,45.524,21.532,27.705,90.945,336.0,1.458,2.667,6.0,8.0,-3.0
2024-08-09,24,52.408,53.287,16.613,25.73,78.977,305.5,1.458,2.0,5.0,13.9,8.0
2024-08-10,24,53.049,51.731,12.617,31.539,72.425,291.1,1.542,2.333,6.0,13.1,1.0
2024-08-11,24,54.062,54.344,13.19,31.418,77.33,281.5,3.833,5.0,28.0,42.8,19.0
2024-08-12,24,33.437,32.595,8.51,21.81,51.064,272.4,6.834,8.0,127.0,-122.3,-188.0
2024-08-13,24,45.377,50.819,23.994,11.672,73.644,259.9,2.375,4.333,14.0,-67.2,-103.0
2024-08-14,24,45.924,45.343,10.021,25.629,59.902,248.2,2.125,3.667,10.0,-32.1,-60.0
2024-08-15,24,51.196,57.145,16.67,24.262,76.087,227.4,1.083,2.0,4.0,-6.4,-11.0
2024-08-16,24,53.38,51.448,14.433,30.036,75.977,224.9,1.708,2.667,7.0,-15.5,-31.0
2024-08-17,24,55.235,49.471,18.57,29.894,85.114,229.5,3.041,6.333,30.0,6.6,-20.0
2024-08-18,24,42.904,40.766,12.09,23.986,61.188,231.0,2.542,3.667,11.0,-1.5,-15.0
2024-08-19,24,52.069,54.015,21.928,20.373,84.822,239.1,1.958,3.0,9.0,-1.6,-26.0
2024-08-20,24,48.287,44.272,15.702,26.567,77.83,238.2,2.042,3.333,8.0,-10.8,-21.0
2024-08-21,24,40.785,36.377,14.035,23.634,67.616,239.0,1.917,3.333,8.0,-2.0,-12.0
2024-08-22,24,40.176,36.651,15.828,19.543,66.606,230.6,2.208,3.0,9.0,7.6,-8.0
2024-08-23,24,42.973,42.841,14.976,20.43,65.993,241.7,1.5,2.333,6.0,9.2,-3.0
2024-08-24,24,39.454,36.902,12.78,22.108,58.017,232.3,2.042,3.0,8.0,-6.5,-19.0
2024-08-25,24,42.956,40.751,14.723,20.747,66.961,232.6,1.292,2.333,5.0,4.0,-12.0
2024-08-26,24,46.476,43.294,16.777,22.2,71.877,,0.875,1.667,4.0,7.7,1.0
2024-08-27,24,53.196,54.603,22.456,22.419,86.24,221.3,2.042,3.333,9.0,17.9,-4.0
2024-08-28,24,39.513,38.427,9.094,25.238,55.034,211.9,3.25,5.667,24.0,-42.5,-76.0
2024-08-29,24,39.714,45.489,15.565,15.433,57.914,204.0,1.167,2.0,4.0,2.6,-13.0
2024-08-30,24,54.664,58.603,22.017,24.599,90.868,214.2,3.375,4.667,24.0,-12.1,-55.0
2024-08-31,24,47.013,45.694,13.733,26.261,69.497,231.6,3.708,4.667,25.0,-39.9,-73.0
2024-09-01,24,41.574,38.004,19.529,15.308,71.428,225.5,2.917,3.667,15.0,-29.5,-51.0
2024-09-02,24,50.615,52.881,22.674,16.111,77.234,237.6,1.833,2.667,7.0,-12.5,-21.0
2024-09-03,24,46.879,52.328,14.403,21.021,65.129,242.1,1.375,2.0,5.0,2.8,-7.0
2024-09-04,24,57.675,63.59,22.555,23.797,84.902,261.8,2.208,4.333,13.0,21.1,10.0
2024-09-05,24,63.7,65.095,18.612,33.455,91.116,240.7,1.042,1.667,4.0,15.5,10.0
2024-09-06,24,64.983,66.66,26.487,25.141,106.847,248.9,1.417,3.0,6.0,12.5,1.0
2024-09-07,24,63.217,60.289,20.994,32.635,94.075,221.7,1.75,2.333,6.0,13.6,6.0
2024-09-08,24,60.738,60.434,22.358,29.298,94.1,227.6,1.792,2.333,6.0,13.2,4.0
2024-09-09,24,62.798,64.863,22.205,32.355,92.705,214.8,2.0,2.667,8.0,3.2,-8.0
2024-09-10,24,56.562,55.09,17.677,27.635,80.088,205.2,1.542,2.333,6.0,7.2,0.0
2024-09-11,24,54.088,54.568,18.555,24.536,78.262,207.0,1.875,3.667,9.0,13.5,7.0
2024-09-12,24,61.901,66.074,21.07,27.544,96.352,201.2,5.292,7.0,71.0,-58.1,-121.0
2024-09-13,24,58.763,64.528,25.581,21.53,91.485,185.8,4.25,6.0,35.0,-78.9,-100.0
2024-09-14,24,43.088,43.923,17.562,11.043,74.744,172.4,3.167,4.333,18.0,-55.3,-65.0
2024-09-15,24,42.98,41.272,18.99,13.622,71.216,172.8,3.083,4.0,17.0,-44.1,-60.0
2024-09-16,24,46.426,44.066,21.426,17.948,83.801,169.2,3.292,4.0,19.0,-34.1,-53.0
2024-09-17,24,38.732,39.066,18.027,12.393,71.785,165.4,5.375,7.333,71.0,-91.9,-121.0
2024-09-18,24,33.14,30.021,14.952,10.828,57.465,163.3,2.334,3.667,11.0,-41.7,-62.0
2024-09-19,24,45.275,38.979,25.822,15.129,87.701,161.2,3.042,4.333,18.0,-44.1,-65.0
2024-09-20,24,38.975,35.077,19.722,11.171,70.728,153.8,1.042,3.333,5.0,-17.1,-33.0
2024-09-21,24,45.474,44.11,23.046,13.61,81.835,158.0,1.375,2.0,5.0,-5.7,-13.0
2024-09-22,24,42.304,39.048,18.198,16.025,72.05,162.8,1.208,2.0,5.0,2.5,-3.0
2024-09-23,24,48.167,45.433,23.481,15.327,83.796,167.4,2.167,4.333,12.0,-0.8,-23.0
2024-09-24,24,49.335,46.736,20.389,21.285,80.827,172.4,2.792,4.333,14.0,-11.8,-38.0
2024-09-25,24,46.469,47.179,19.268,16.933,75.927,174.2,4.125,4.667,29.0,-36.5,-53.0
2024-09-26,24,45.25,41.93,19.787,15.745,76.459,181.1,2.167,4.0,10.0,-27.6,-43.0
2024-09-27,24,44.671,42.889,18.313,16.095,71.977,186.0,1.333,2.333,5.0,-21.6,-39.0
2024-09-28,24,47.642,47.039,20.678,20.082,80.415,194.5,1.458,3.0,6.0,-10.3,-20.0
2024-09-29,24,51.784,50.919,21.4,22.4,81.703,197.2,2.875,3.667,14.0,-7.7,-22.0
2024-09-30,24,50.914,51.93,21.639,20.961,77.393,214.2,2.0,4.0,9.0,-11.9,-25.0
2024-10-01,24,62.957,65.42,28.552,19.265,99.605,244.6,1.333,2.0,5.0,2.4,-6.0
2024-10-02,24,65.125,70.867,28.874,21.087,105.166,274.4,1.458,2.0,5.0,13.1,9.0
2024-10-03,24,60.938,60.162,23.292,17.552,92.024,311.9,1.792,3.0,7.0,15.2,-1.0
2024-10-04,24,62.539,67.847,23.601,24.138,93.542,291.0,1.875,3.0,8.0,13.6,-4.0
2024-10-05,24,58.564,55.584,18.616,23.269,85.922,277.3,1.417,2.333,5.0,12.2,2.0
2024-10-06,24,60.588,58.286,27.8,19.656,103.764,264.5,2.333,4.667,13.0,20.0,-33.0
2024-10-07,24,62.924,61.269,28.305,29.065,110.313,277.0,5.083,6.333,54.0,-39.7,-96.0
2024-10-08,24,36.099,37.484,10.543,16.277,53.988,224.7,4.833,7.0,54.0,-93.6,-148.0
2024-10-09,24,42.977,47.619,19.53,13.427,70.544,220.3,3.167,4.333,18.0,-54.0,-83.0
2024-10-10,24,54.894,58.075,33.714,12.752,126.821,216.3,4.625,8.667,97.0,-63.9,-303.0
2024-10-11,24,22.539,22.438,7.442,13.551,44.844,213.9,6.0,8.333,116.0,-197.3,-333.0
2024-10-12,24,38.487,42.35,25.162,6.557,81.724,213.6,3.083,4.667,18.0,-60.7,-77.0
2024-10-13,24,44.536,43.1,20.918,11.14,70.608,194.9,0.917,1.667,4.0,-29.4,-39.0
2024-10-14,24,44.2,49.004,20.282,12.056,67.779,181.9,1.334,3.667,6.0,-12.9,-20.0
2024-10-15,24,48.261,46.07,21.619,18.498,78.041,172.0,2.542,3.333,11.0,-24.5,-34.0
2024-10-16,24,44.02,48.13,22.475,13.086,74.652,167.7,2.708,3.0,13.0,-18.5,-26.0
2024-10-17,24,40.146,41.18,16.905,16.344,67.155,173.5,1.75,3.0,7.0,-12.3,-28.0
2024-10-18,24,42.604,44.706,20.389,15.289,73.602,165.2,2.417,3.667,12.0,-10.7,-25.0
2024-10-19,24,46.358,51.799,22.419,14.15,76.829,162.3,3.667,5.0,25.0,-30.1,-47.0
2024-10-20,24,41.91,39.924,18.837,12.246,74.663,161.7,1.292,3.0,6.0,-5.0,-24.0
2024-10-21,24,45.345,42.334,26.546,10.162,93.34,163.9,1.208,2.0,5.0,5.0,-3.0
2024-10-22,24,51.187,48.891,29.107,14.077,97.451,176.1,1.958,3.0,8.0,-11.8,-29.0
2024-10-23,24,42.2,38.78,18.064,15.955,73.01,185.7,1.958,3.0,8.0,2.9,-4.0
2024-10-24,24,51.213,55.225,25.789,16.825,90.872,196.6,2.25,4.333,11.0,-9.4,-24.0
2024-10-25,24,44.223,45.734,18.17,14.747,70.681,209.3,0.416,1.0,2.0,11.5,3.0
2024-10-26,24,47.448,50.539,19.334,17.058,72.854,238.4,2.042,4.0,12.0,16.8,-6.0
2024-10-27,24,53.192,53.04,20.692,23.807,86.093,246.2,2.25,2.667,10.0,-2.4,-20.0
2024-10-28,24,51.634,51.597,24.241,15.551,88.155,255.5,2.875,4.667,16.0,3.4,-6.0
2024-10-29,24,55.796,58.421,23.512,19.706,89.465,265.6,2.458,4.0,11.0,0.2,-15.0
2024-10-30,24,58.309,59.547,31.698,15.211,106.427,269.8,2.792,4.0,15.0,-13.8,-29.0
2024-10-31,24,55.855,59.701,27.222,15.5,94.089,269.9,1.833,3.667,8.0,2.2,-15.0
2024-11-01,24,59.456,62.251,31.646,14.077,111.059,256.2,1.417,2.667,6.0,-15.9,-30.0
2024-11-02,24,54.344,52.577,30.576,13.59,107.514,250.6,2.208,4.0,12.0,-20.8,-43.0
2024-11-03,24,56.823,56.591,21.123,24.053,91.494,240.6,1.792,4.0,10.0,-16.2,-38.0
2024-11-04,24,58.807,61.372,27.683,17.299,103.089,242.3,2.542,4.333,13.0,-22.0,-35.0
2024-11-05,24,47.23,44.482,21.609,16.516,84.024,245.6,2.458,2.667,11.0,-8.8,-22.0
2024-11-06,24,57.759,61.181,26.565,22.525,96.946,260.5,2.333,3.333,10.0,-16.0,-27.0
2024-11-07,24,48.627,51.331,21.454,15.738,79.993,239.2,2.0,3.0,8.0,-4.4,-17.0
2024-11-08,24,47.673,46.501,21.473,13.024,80.096,231.0,2.208,3.667,10.0,-6.4,-38.0
2024-11-09,24,57.369,49.611,28.367,23.141,105.004,220.9,4.208,5.0,31.0,-66.4,-101.0
2024-11-10,24,46.27,39.234,25.254,16.31,84.526,230.6,3.5,5.667,25.0,-52.8,-60.0
2024-11-11,24,42.002,40.367,23.854,12.722,79.557,182.2,2.125,3.0,9.0,-32.2,-48.0
2024-11-12,24,36.271,39.361,18.986,11.352,66.011,171.7,1.125,1.667,4.0,-15.6,-25.0
2024-11-13,24,33.521,33.461,15.218,12.856,56.932,150.3,1.542,2.667,6.0,-10.8,-17.0
2024-11-14,24,36.409,36.916,19.775,9.255,67.233,146.8,2.25,3.667,11.0,-18.2,-47.0
2024-11-15,24,31.047,30.07,14.007,10.388,53.711,148.9,2.625,3.333,12.0,-34.4,-43.0
2024-11-16,24,30.778,26.483,18.256,9.86,60.777,139.9,1.417,3.333,6.0,-24.4,-43.0
2024-11-17,24,28.32,24.935,17.7,7.682,58.202,146.3,1.583,2.667,6.0,-5.6,-13.0
2024-11-18,24,26.844,24.512,14.66,9.842,55.538,165.0,0.917,2.0,4.0,-2.0,-6.0
2024-11-19,24,30.945,26.56,18.333,10.294,64.232,157.2,1.792,2.667,7.0,-15.4,-33.0
2024-11-20,24,33.593,35.932,17.761,11.227,62.91,162.6,1.75,2.667,7.0,-5.2,-24.0
2024-11-21,24,31.76,30.131,18.037,9.22,64.06,166.2,1.75,3.0,7.0,5.6,-7.0
2024-11-22,24,34.877,32.065,19.795,8.722,69.478,179.1,2.292,3.333,10.0,-8.0,-28.0
2024-11-23,24,30.419,29.193,13.722,9.441,51.292,199.9,1.917,2.667,7.0,-7.7,-19.0
2024-11-24,24,31.778,34.475,12.856,12.572,49.481,202.7,1.542,4.0,7.0,1.7,-7.0
2024-11-25,24,35.504,39.819,16.636,11.266,58.621,220.4,2.417,3.333,10.0,-6.8,-15.0
2024-11-26,24,38.903,39.29,18.626,10.642,68.411,222.3,1.292,3.0,6.0,0.5,-6.0
2024-11-27,24,43.01,43.077,25.603,9.134,82.661,225.0,1.0,2.333,4.0,7.5,5.0
2024-11-28,24,44.125,41.011,26.83,9.772,94.339,213.9,0.667,1.667,3.0,8.1,2.0
2024-11-29,24,36.367,36.011,16.979,14.356,65.6,219.8,1.792,2.667,7.0,21.2,5.0
2024-11-30,24,39.569,35.224,19.333,18.118,71.942,204.0,1.917,4.333,10.0,-1.3,-9.0
2024-12-01,24,36.606,34.991,18.77,14.11,68.361,186.3,1.5,2.667,6.0,1.2,-9.0
2024-12-02,24,31.774,33.72,13.574,12.661,52.253,185.3,1.292,2.333,5.0,-1.7,-9.0
2024-12-03,24,37.636,29.543,22.303,11.906,73.805,174.2,2.5,3.333,11.0,-14.1,-30.0
2024-12-04,24,31.394,27.065,18.568,11.031,66.546,174.7,1.625,2.0,6.0,-11.9,-21.0
2024-12-05,24,33.127,31.485,17.468,12.241,63.833,174.6,1.084,2.333,4.0,-9.8,-16.0
2024-12-06,24,32.64,26.247,19.91,12.17,67.652,177.5,1.083,2.333,4.0,-7.3,-15.0
2024-12-07,24,36.347,31.864,23.7,12.744,82.313,182.5,1.292,1.667,5.0,2.6,-8.0
2024-12-08,24,30.892,27.484,15.911,12.88,56.311,177.7,1.375,2.333,5.0,-11.1,-22.0
2024-12-09,24,31.801,28.22,18.349,12.52,61.038,172.5,3.083,4.333,16.0,-29.8,-43.0
2024-12-10,24,28.288,29.99,15.543,7.605,51.191,171.9,1.708,2.333,6.0,-25.5,-32.0
2024-12-11,24,24.894,25.541,13.017,7.872,46.265,160.5,1.333,2.0,5.0,-23.4,-30.0
2024-12-12,24,26.592,27.442,15.884,7.62,48.916,160.9,1.125,2.333,4.0,-10.1,-17.0
2024-12-13,24,23.726,25.307,11.435,9.169,41.31,163.7,0.792,1.667,3.0,-7.0,-13.0
2024-12-14,24,26.039,25.088,13.309,10.853,48.343,170.5,1.875,3.333,8.0,-14.6,-35.0
2024-12-15,24,23.589,23.73,11.267,9.275,39.959,172.0,2.458,3.0,11.0,-14.9,-20.0
2024-12-16,24,26.054,22.628,14.65,8.763,54.41,166.7,2.584,3.667,12.0,-9.1,-22.0
2024-12-17,24,26.425,22.545,14.702,9.697,50.551,170.0,3.833,5.333,28.0,-5.8,-28.0
2024-12-18,24,23.93,20.231,13.652,7.631,46.869,173.5,2.75,3.667,14.0,-21.2,-25.0
2024-12-19,24,22.446,18.379,13.323,8.418,44.917,175.0,2.25,3.667,10.0,-17.7,-29.0
2024-12-20,24,26.23,23.817,16.685,6.975,56.237,184.0,2.542,3.667,13.0,-15.8,-24.0
2024-12-21,24,26.257,20.791,16.26,9.572,57.891,201.2,2.917,3.333,14.0,-14.8,-25.0
2024-12-22,24,30.078,24.822,19.569,9.761,62.64,223.3,2.625,3.333,12.0,-19.5,-42.0
2024-12-23,24,28.679,26.473,17.22,9.542,62.582,238.3,2.458,3.667,12.0,-23.9,-39.0
2024-12-24,24,27.988,26.216,16.635,7.331,53.847,258.5,2.167,3.333,9.0,-18.6,-27.0
2024-12-25,24,27.375,26.849,15.314,8.871,54.341,252.7,1.292,2.0,5.0,-11.0,-17.0
2024-12-26,24,26.613,23.798,15.556,10.141,50.831,255.8,0.208,0.333,1.0,-0.1,-9.0
2024-12-27,24,26.956,28.007,13.795,10.539,49.014,258.5,0.542,1.333,2.0,3.8,-1.0
2024-12-28,24,33.732,30.585,22.104,10.255,73.317,260.3,0.708,1.333,3.0,4.0,0.0
2024-12-29,24,35.478,36.738,21.729,10.622,73.136,254.7,1.042,1.667,4.0,0.8,-2.0
2024-12-30,24,34.645,37.141,17.357,11.453,61.867,223.5,1.583,2.333,6.0,-0.8,-12.0
2024-12-31,24,32.268,33.439,14.087,12.469,52.888,217.6,2.167,4.0,13.0,-2.3,-23.0
2025-01-01,24,41.933,31.812,25.74,12.45,89.444,219.2,5.667,8.0,81.0,-101.0,-212.0
2025-01-02,24,30.463,29.234,18.917,7.058,65.174,212.4,3.458,4.667,21.0,-90.5,-128.0
2025-01-03,24,31.793,31.879,18.898,6.575,63.617,199.9,2.042,3.333,10.0,-34.0,-52.0
2025-01-04,24,32.536,33.229,16.587,8.735,64.248,209.3,4.0,5.333,31.0,-56.1,-92.0
2025-01-05,24,30.832,21.932,21.213,7.851,67.201,168.6,3.166,4.333,18.0,-56.2,-80.0
2025-01-06,24,26.133,19.547,17.138,8.983,57.471,171.9,2.833,3.667,14.0,-35.8,-43.0
2025-01-07,24,27.813,22.815,19.546,7.527,63.365,167.7,2.458,3.333,10.0,-28.4,-33.0
2025-01-08,24,22.967,22.294,13.354,7.045,44.369,160.2,1.583,3.667,7.0,-22.2,-37.0
2025-01-09,24,25.857,21.342,16.813,7.03,54.987,162.2,2.0,3.667,9.0,-22.9,-38.0
2025-01-10,24,24.877,23.995,14.105,8.254,48.409,156.9,2.458,4.0,12.0,-28.6,-43.0
2025-01-11,24,23.079,22.231,13.028,7.485,43.502,156.0,1.542,3.0,6.0,-19.4,-29.0
2025-01-12,24,21.778,24.228,11.044,7.421,36.583,158.4,1.625,2.333,6.0,-13.5,-24.0
2025-01-13,24,27.49,23.598,18.549,6.383,61.62,159.7,2.292,4.0,10.0,-16.8,-25.0
2025-01-14,24,24.203,21.993,13.315,7.373,45.539,166.4,2.458,3.0,10.0,-15.8,-23.0
2025-01-15,24,23.278,21.186,12.5,8.237,45.531,173.5,3.0,3.667,16.0,-23.0,-47.0
2025-01-16,24,29.829,26.706,20.268,6.464,65.482,208.2,2.792,3.667,14.0,-19.4,-31.0
2025-01-17,24,26.647,25.026,16.05,7.567,51.501,226.8,3.542,4.0,21.0,-18.0,-37.0
2025-01-18,24,31.969,32.039,18.952,6.842,60.917,222.4,2.083,2.333,8.0,-17.0,-29.0
2025-01-19,24,30.94,28.857,15.608,7.907,57.132,235.8,2.833,3.667,15.0,-19.2,-37.0
2025-01-20,24,33.117,30.362,20.486,8.515,69.628,232.1,3.333,4.333,19.0,-19.3,-35.0
2025-01-21,24,30.112,28.748,17.446,8.058,59.565,236.4,2.25,3.0,10.0,-16.0,-24.0
2025-01-22,24,33.023,32.486,19.556,7.708,61.667,214.2,2.125,3.0,9.0,-16.4,-26.0
2025-01-23,24,28.783,29.43,15.265,8.74,51.857,215.4,2.208,3.667,11.0,-10.5,-19.0
2025-01-24,24,31.428,33.827,16.689,8.274,56.695,204.5,1.583,2.333,6.0,-9.4,-18.0
2025-01-25,24,30.326,31.749,15.996,7.595,54.671,181.7,0.417,1.0,2.0,-2.3,-19.0
2025-01-26,24,29.565,30.544,14.889,7.487,50.729,170.5,0.292,0.667,2.0,1.4,-4.0
2025-01-27,24,33.239,35.795,18.409,7.571,65.159,162.5,1.375,2.667,5.0,2.2,-13.0
2025-01-28,24,31.657,28.342,16.582,10.779,58.941,171.5,2.25,3.667,10.0,-14.2,-40.0
2025-01-29,24,28.036,25.115,15.106,9.597,53.37,173.7,1.542,2.0,6.0,-14.4,-25.0
2025-01-30,24,28.305,28.533,15.687,9.174,55.213,183.7,1.125,2.667,5.0,11.9,2.0
2025-01-31,24,30.554,30.885,15.111,7.523,54.926,206.5,1.667,2.667,6.0,9.6,-14.0
2025-02-01,24,42.483,41.47,24.135,11.57,78.082,187.9,3.75,4.333,24.0,-9.8,-29.0
2025-02-02,24,34.969,29.648,19.73,6.383,65.716,215.7,3.292,4.333,19.0,-20.9,-33.0
2025-02-03,24,35.564,37.803,19.372,8.866,67.043,220.5,0.625,1.0,3.0,-7.5,-16.0
2025-02-04,24,35.443,33.765,19.526,8.974,68.06,212.6,1.0,1.667,4.0,4.2,0.0
2025-02-05,24,32.407,29.013,18.012,8.871,60.323,191.3,1.417,2.667,6.0,11.0,2.0
2025-02-06,24,28.806,29.138,14.309,9.524,49.443,187.8,1.75,2.667,7.0,0.1,-17.0
2025-02-07,24,28.241,28.068,14.162,9.153,49.884,181.6,0.5,1.0,2.0,5.1,-2.0
2025-02-08,24,31.672,29.543,15.451,13.645,54.723,173.4,1.917,3.333,9.0,-4.5,-27.0
2025-02-09,24,34.229,37.8,15.369,12.248,52.328,163.0,2.792,4.667,17.0,6.4,-36.0
2025-02-10,24,31.289,33.027,12.458,10.191,50.816,159.2,3.708,4.667,24.0,-28.8,-44.0
2025-02-11,24,33.864,34.388,17.96,7.605,60.283,153.4,3.083,3.667,16.0,-19.5,-39.0
2025-02-12,24,29.327,28.062,14.016,9.943,54.292,,3.083,4.333,16.0,-11.0,-22.0
2025-02-13,24,32.025,29.433,19.837,7.74,65.947,173.4,3.542,4.333,21.0,-20.8,-42.0
2025-02-14,24,42.918,39.026,24.919,10.655,83.977,178.6,3.625,4.667,23.0,-23.8,-36.0
2025-02-15,24,36.261,34.67,18.761,8.653,68.615,184.0,3.958,5.0,28.0,-23.9,-41.0
2025-02-16,24,36.699,37.334,19.609,7.642,67.809,185.0,3.375,4.0,20.0,-22.0,-35.0
2025-02-17,24,35.374,29.584,17.582,9.678,61.155,,2.833,3.667,14.0,-18.4,-30.0
2025-02-18,24,38.52,39.571,20.489,9.401,68.438,178.6,2.458,4.333,13.0,-11.4,-28.0
2025-02-19,24,40.633,40.68,22.068,9.133,69.473,177.9,3.208,5.0,20.0,-26.0,-45.0
2025-02-20,24,41.713,42.169,21.682,12.293,79.47,184.0,1.208,3.333,6.0,-14.5,-29.0
2025-02-21,24,36.474,39.178,19.741,10.171,62.202,197.1,1.0,2.667,4.0,-4.7,-13.0
2025-02-22,24,45.044,50.593,22.538,13.284,76.417,199.0,1.292,2.667,5.0,3.7,-8.0
2025-02-23,24,41.863,40.971,16.827,17.285,65.742,239.9,1.334,3.0,6.0,9.2,-1.0
2025-02-24,24,52.724,56.599,28.156,12.924,89.851,202.9,2.583,4.667,14.0,6.8,-35.0
2025-02-25,24,48.853,56.508,22.999,14.275,76.938,190.1,1.792,3.0,7.0,-4.8,-26.0
2025-02-26,24,45.038,45.496,16.698,12.24,65.68,180.2,2.875,3.333,14.0,-8.2,-24.0
2025-02-27,24,41.562,38.804,20.299,16.779,76.694,163.9,4.083,5.667,30.0,-20.3,-30.0
2025-02-28,24,41.569,42.188,21.212,14.847,75.853,157.2,4.167,5.0,31.0,-25.5,-39.0
2025-03-01,24,39.716,41.989,20.43,11.788,73.351,152.2,3.167,4.0,18.0,-19.4,-25.0
2025-03-02,24,40.068,37.062,20.099,11.891,75.825,151.2,1.208,2.333,5.0,-5.0,-16.0
2025-03-03,24,45.803,50.409,24.259,10.939,82.546,163.2,1.0,1.333,4.0,7.3,0.0
2025-03-04,24,41.4,40.803,17.563,14.525,67.072,160.5,2.042,4.333,10.0,4.4,-23.0
2025-03-05,24,42.501,39.973,17.932,13.986,71.345,156.5,2.333,3.333,10.0,-7.6,-28.0
2025-03-06,24,36.592,35.041,17.699,11.994,64.643,150.0,1.542,2.333,6.0,4.0,-6.0
2025-03-07,24,39.212,38.107,19.139,15.631,71.509,146.5,2.125,3.0,10.0,2.9,-7.0
2025-03-08,24,40.18,41.791,18.323,13.915,63.137,147.5,3.333,5.0,22.0,-3.7,-33.0
2025-03-09,24,41.064,36.009,16.36,18.99,68.433,147.6,4.0,5.667,31.0,-35.6,-50.0
2025-03-10,24,33.936,36.442,13.19,12.365,51.15,149.4,2.125,2.667,8.0,-17.5,-28.0
2025-03-11,24,39.75,42.935,15.496,15.475,63.665,161.4,2.167,2.667,9.0,-13.0,-19.0
2025-03-12,24,42.142,38.017,20.124,16.552,79.257,160.3,4.083,5.0,30.0,-39.9,-62.0
2025-03-13,24,41.269,42.836,21.676,9.85,75.408,175.9,4.458,5.0,36.0,-48.5,-66.0
2025-03-14,24,48.397,49.567,23.709,14.77,79.058,180.1,3.417,5.333,21.0,-31.1,-43.0
2025-03-15,24,47.827,41.185,24.021,11.001,84.3,177.9,2.833,4.0,16.0,-24.4,-39.0
2025-03-16,24,51.715,57.004,27.508,13.128,95.144,185.8,2.125,3.333,9.0,-13.2,-23.0
2025-03-17,24,63.493,61.291,30.727,15.528,107.682,203.5,2.833,3.333,14.0,-14.4,-28.0
2025-03-18,24,61.001,62.31,29.836,19.151,106.791,184.0,2.542,3.333,11.0,-21.0,-38.0
2025-03-19,24,55.991,58.168,24.086,15.349,89.143,179.5,3.375,4.667,20.0,-29.5,-49.0
2025-03-20,24,48.146,44.923,19.488,19.211,80.761,170.2,1.334,2.333,5.0,-9.2,-20.0
2025-03-21,24,56.115,48.805,30.769,16.903,108.015,165.3,3.333,5.333,24.0,11.3,-24.0
2025-03-22,24,49.36,43.747,23.081,20.742,84.781,177.9,4.042,5.667,32.0,-45.4,-61.0
2025-03-23,24,44.24,46.145,21.227,14.378,77.255,168.1,2.083,4.0,9.0,-25.5,-41.0
2025-03-24,24,47.849,41.665,23.132,15.813,84.412,156.0,3.208,4.333,18.0,-22.0,-47.0
2025-03-25,24,58.318,68.834,28.392,19.916,89.693,156.1,2.875,4.0,14.0,-20.2,-43.0
2025-03-26,24,56.111,55.229,21.982,24.384,93.812,152.3,4.458,5.667,40.0,-39.0,-62.0
2025-03-27,24,46.642,45.473,15.677,22.009,72.945,152.6,4.167,4.667,30.0,-34.8,-52.0
2025-03-28,24,47.977,48.523,24.389,12.019,85.983,160.4,2.875,4.0,14.0,-15.1,-27.0
2025-03-29,24,39.898,37.48,16.884,13.01,66.938,156.6,1.583,3.333,7.0,-7.6,-15.0
2025-03-30,24,46.443,44.713,24.049,14.613,86.305,171.1,1.292,2.333,5.0,2.7,-4.0
2025-03-31,24,47.722,40.777,22.889,15.466,88.387,171.9,1.333,2.0,5.0,5.0,-3.0
2025-04-01,24,49.774,41.694,26.353,21.007,101.151,181.9,1.167,2.333,5.0,4.3,-5.0
2025-04-02,24,45.305,43.759,24.264,15.793,90.579,179.9,3.125,3.667,17.0,-25.1,-40.0
2025-04-03,24,51.419,46.859,24.568,17.698,95.052,178.4,3.458,4.667,21.0,-23.5,-46.0
2025-04-04,24,40.632,39.613,17.061,16.675,71.734,180.4,4.292,4.667,32.0,-50.2,-70.0
2025-04-05,24,35.592,39.152,18.834,10.561,65.848,184.4,4.625,5.667,40.0,-59.9,-69.0
2025-04-06,24,44.167,40.641,26.216,10.625,79.804,167.0,3.458,5.0,21.0,-42.8,-60.0
2025-04-07,24,30.848,27.963,13.415,11.352,52.584,162.3,2.583,4.0,13.0,-33.2,-50.0
2025-04-08,24,38.5,39.24,20.807,11.077,72.484,158.6,3.583,4.333,22.0,-29.1,-45.0
2025-04-09,24,38.88,32.797,18.943,13.872,70.828,166.8,3.417,4.667,20.0,-43.2,-52.0
2025-04-10,24,38.507,40.989,16.684,14.904,60.784,152.6,2.875,4.0,16.0,-32.8,-45.0
2025-04-11,24,38.202,34.909,12.482,16.655,54.755,170.1,2.917,4.0,15.0,-31.3,-44.0
2025-04-12,24,45.729,43.614,20.845,16.411,76.704,165.3,3.042,4.333,16.0,-42.2,-68.0
2025-04-13,24,45.942,38.933,20.43,17.761,78.758,163.7,2.708,3.667,13.0,-30.0,-44.0
2025-04-14,24,38.273,33.93,16.364,14.231,64.667,152.7,3.125,4.667,18.0,-29.7,-37.0
2025-04-15,24,36.418,34.674,17.52,11.634,66.041,153.6,3.25,6.333,30.0,-14.9,-36.0
2025-04-16,24,33.11,30.529,13.068,8.735,50.524,148.4,5.333,7.667,75.0,-55.8,-138.0
2025-04-17,24,33.513,30.849,16.933,8.081,62.42,150.7,2.0,3.667,9.0,-39.8,-75.0
2025-04-18,24,37.533,31.627,20.625,11.775,68.018,155.7,2.625,4.333,13.0,-37.7,-51.0
2025-04-19,24,38.409,34.021,20.421,13.474,78.079,157.4,3.25,4.667,19.0,-43.3,-68.0
2025-04-20,24,39.04,35.602,12.222,21.286,60.545,156.3,2.292,5.0,13.0,-26.7,-62.0
2025-04-21,24,29.998,26.706,11.485,15.133,49.219,163.0,4.292,5.333,34.0,-28.2,-47.0
2025-04-22,24,38.236,40.754,22.573,9.993,70.92,163.4,2.708,3.667,13.0,-24.4,-43.0
2025-04-23,24,40.133,36.796,15.401,13.491,61.207,167.7,1.5,2.667,6.0,-12.8,-24.0
2025-04-24,24,43.365,43.378,17.693,17.345,68.442,169.6,2.625,3.667,13.0,-18.3,-29.0
2025-04-25,24,42.811,42.202,15.825,20.866,65.166,164.0,1.125,2.0,4.0,-9.1,-20.0
2025-04-26,24,47.43,42.613,15.536,24.434,70.619,155.7,1.5,2.0,6.0,-3.0,-11.0
2025-04-27,24,41.701,39.92,13.389,22.148,63.063,155.7,1.625,2.667,6.0,1.0,-6.0
2025-04-28,24,41.933,41.683,13.613,20.091,60.247,153.6,0.792,2.333,4.0,5.7,-6.0
2025-04-29,24,42.844,39.903,14.34,21.117,69.154,149.2,1.375,2.0,5.0,10.3,4.0
2025-04-30,24,38.732,33.705,15.004,21.536,64.047,148.0,2.208,3.333,10.0,-0.5,-15.0
2025-05-01,24,43.648,40.223,20.215,17.122,80.886,152.3,3.917,4.667,27.0,-19.9,-36.0
2025-05-02,24,42.426,36.576,18.414,19.063,73.328,152.3,4.542,5.0,38.0,-48.4,-62.0
2025-05-03,24,29.285,29.336,8.741,14.711,42.61,152.1,3.875,5.333,27.0,-42.3,-62.0
2025-05-04,24,33.708,29.983,16.152,12.878,57.255,159.0,3.875,4.667,27.0,-28.6,-41.0
2025-05-05,24,28.978,25.617,11.19,11.698,46.875,158.6,4.125,4.667,30.0,-32.4,-40.0
2025-05-06,24,29.632,30.199,12.432,11.744,47.395,156.0,2.792,3.667,13.0,-20.1,-28.0
2025-05-07,24,33.345,29.23,12.858,15.894,56.046,154.2,1.833,2.667,7.0,-19.8,-28.0
2025-05-08,24,36.852,31.026,17.651,15.306,65.966,148.5,2.25,3.667,10.0,-18.8,-28.0
2025-05-09,24,33.949,37.287,14.981,8.701,55.538,136.2,2.833,4.667,16.0,-16.7,-65.0
2025-05-10,24,34.564,31.29,12.953,17.427,61.126,134.1,2.25,4.667,12.0,-24.3,-60.0
2025-05-11,24,32.48,32.223,12.133,15.198,53.943,125.8,2.75,4.667,15.0,-17.8,-37.0
2025-05-12,24,31.073,31.308,7.817,17.966,44.954,115.5,1.5,2.0,6.0,-4.4,-24.0
2025-05-13,24,36.864,34.278,14.692,17.168,63.297,116.7,1.958,3.667,9.0,7.7,-20.0
2025-05-14,24,34.895,29.52,12.386,19.644,54.905,121.8,2.875,3.667,15.0,-6.5,-19.0
2025-05-15,24,30.148,27.516,8.337,17.574,41.623,118.8,2.667,3.667,13.0,-11.4,-24.0
2025-05-16,24,29.608,26.577,9.396,15.587,44.414,117.3,2.334,3.667,10.0,-10.8,-36.0
2025-05-17,24,29.185,26.087,12.476,12.358,52.918,117.2,4.375,6.333,39.0,-31.2,-65.0
2025-05-18,24,30.539,30.652,10.554,14.19,44.906,118.2,3.458,4.667,21.0,-14.1,-30.0
2025-05-19,24,32.685,35.22,9.698,16.606,49.174,116.8,2.0,3.333,9.0,-10.6,-23.0
2025-05-20,24,34.259,35.112,12.043,17.631,54.687,118.7,2.667,3.333,12.0,-7.0,-19.0
2025-05-21,24,30.987,29.25,8.122,19.324,45.373,119.4,2.5,4.0,12.0,-9.0,-19.0
2025-05-22,24,34.141,32.131,11.394,18.636,52.998,120.0,1.542,2.333,6.0,-1.0,-12.0
2025-05-23,24,36.538,31.69,14.266,19.569,58.612,121.6,1.917,3.333,8.0,3.7,-4.0
2025-05-24,24,31.618,28.284,9.95,18.664,50.9,129.7,0.958,1.333,4.0,5.6,0.0
2025-05-25,24,32.802,29.573,11.58,17.152,51.205,133.3,1.542,2.0,6.0,10.9,4.0
2025-05-26,24,37.542,33.64,12.306,20.707,57.169,132.9,1.75,3.0,7.0,19.2,8.0
2025-05-27,24,36.513,33.717,11.719,19.087,55.663,137.1,2.708,4.333,14.0,5.2,-32.0
2025-05-28,24,31.189,31.054,6.646,18.358,42.943,144.3,3.125,4.333,17.0,-25.7,-46.0
2025-05-29,24,28.612,28.173,9.192,16.131,41.262,144.8,5.458,6.333,62.0,-48.2,-70.0
2025-05-30,24,23.15,23.065,5.616,14.621,32.788,156.9,4.083,4.667,29.0,-37.5,-49.0
2025-05-31,24,25.362,24.026,8.535,14.065,40.453,164.2,3.0,4.0,16.0,-21.2,-37.0
2025-06-01,1,22.472,22.472,,22.472,22.472,150.3,6.042,7.667,98.0,-62.3,-119.0
2025-06-02,24,31.267,27.923,17.192,11.119,63.605,139.9,5.583,7.0,69.0,-76.0,-109.0
2025-06-03,24,20.191,20.813,6.375,10.783,32.563,134.8,4.958,7.0,60.0,-78.2,-108.0
2025-06-04,24,31.771,27.072,18.909,10.217,64.059,130.6,3.583,5.333,27.0,-37.1,-54.0
2025-06-05,24,25.483,25.008,9.318,12.528,38.018,127.8,2.625,3.667,12.0,-17.2,-39.0
2025-06-06,24,30.262,30.31,8.2,18.379,43.738,124.5,1.833,2.333,7.0,-11.4,-21.0
2025-06-07,24,36.832,41.833,10.934,19.3,50.335,120.9,3.125,4.333,18.0,-13.7,-41.0
2025-06-08,24,34.319,33.948,6.158,23.994,43.189,115.0,2.75,4.0,14.0,-8.0,-36.0
2025-06-09,24,28.952,29.37,9.053,13.087,41.144,120.3,2.875,4.0,14.0,-10.9,-26.0
2025-06-10,24,28.473,27.355,6.94,18.204,38.261,129.6,1.958,2.667,8.0,-7.3,-13.0
2025-06-11,24,30.255,31.443,8.127,16.485,40.671,141.8,2.958,4.667,18.0,-5.4,-29.0
2025-06-12,24,25.725,25.868,3.465,19.247,32.262,141.5,4.083,5.333,32.0,-38.3,-84.0
2025-06-13,24,24.039,25.066,6.206,12.994,31.014,143.0,5.625,6.667,69.0,-90.8,-101.0
2025-06-14,24,24.071,25.824,5.555,14.556,31.216,150.8,3.375,5.333,22.0,-43.6,-74.0
2025-06-15,24,28.063,26.75,9.1,15.433,44.002,160.5,2.125,3.0,8.0,-13.5,-24.0
2025-06-16,24,32.603,28.864,11.71,17.747,56.047,147.9,2.208,3.667,9.0,-3.2,-12.0
2025-06-17,24,31.504,30.939,11.211,15.783,50.522,139.2,2.0,2.333,8.0,-0.7,-13.0
2025-06-18,24,27.345,25.024,8.69,16.809,44.644,137.0,2.708,3.333,12.0,-2.9,-13.0
2025-06-19,24,28.046,30.365,6.438,18.606,37.269,136.2,2.083,4.333,10.0,-0.9,-10.0
2025-06-20,24,29.178,30.87,5.9,18.791,38.82,129.7,2.083,3.0,9.0,1.3,-6.0
2025-06-21,24,29.992,25.684,12.072,15.55,51.547,120.3,2.167,3.333,10.0,3.2,-15.0
2025-06-22,24,27.745,29.511,5.411,18.146,35.579,124.8,2.292,3.333,9.0,2.7,-7.0
2025-06-23,24,26.37,26.121,5.843,18.256,37.069,121.8,1.458,2.667,6.0,4.1,0.0
2025-06-24,24,28.506,30.295,8.273,14.549,39.731,119.9,1.833,2.667,7.0,18.8,14.0
2025-06-25,24,27.082,24.815,6.852,18.847,39.779,116.9,2.375,4.333,14.0,13.2,-23.0
2025-06-26,24,31.255,26.682,11.704,16.708,52.661,117.3,4.042,5.333,29.0,-13.1,-28.0
2025-06-27,24,22.235,20.537,7.33,13.567,36.463,118.3,3.25,5.0,20.0,-15.7,-24.0
2025-06-28,24,28.353,27.558,12.488,11.384,47.359,121.8,2.083,3.333,8.0,-2.4,-11.0
2025-06-29,24,29.742,29.052,10.903,14.055,48.217,128.3,1.833,2.333,7.0,-5.8,-16.0
2025-06-30,24,25.338,25.1,5.553,17.848,34.43,128.2,2.458,3.0,11.0,-10.2,-19.0
2025-07-01,24,25.431,25.831,8.455,14.546,39.847,125.8,1.292,3.333,6.0,-18.7,-34.0
2025-07-02,24,32.061,26.767,12.514,16.501,54.446,129.8,1.625,2.333,6.0,-2.8,-13.0
2025-07-03,24,31.574,33.555,8.055,18.341,41.273,125.1,2.917,4.0,15.0,-0.3,-30.0
2025-07-04,24,28.39,28.865,4.003,20.979,33.106,119.1,2.042,3.667,10.0,-27.4,-37.0
2025-07-05,24,29.035,28.351,10.393,10.575,48.053,116.8,3.125,4.0,17.0,-24.8,-37.0
2025-07-06,24,23.46,23.293,7.588,10.963,39.449,118.2,3.458,5.0,23.0,-33.5,-48.0
2025-07-07,24,27.151,26.692,9.288,14.627,40.747,118.2,3.334,5.0,20.0,-36.4,-65.0
2025-07-08,24,23.036,22.529,5.557,13.881,32.874,115.9,2.542,3.333,11.0,-21.6,-28.0
2025-07-09,24,26.333,23.788,10.482,13.389,43.671,120.2,1.708,2.667,7.0,-15.3,-29.0
2025-07-10,24,27.832,25.015,10.472,14.833,44.124,129.5,0.625,1.0,3.0,6.6,-6.0
2025-07-11,24,30.179,29.584,11.263,13.376,51.756,132.4,3.083,4.333,17.0,-8.2,-29.0
2025-07-12,24,29.972,28.782,8.4,18.048,46.253,138.7,2.625,3.0,12.0,-10.3,-22.0
2025-07-13,24,26.912,26.415,7.27,13.731,41.781,128.2,3.542,4.333,21.0,-25.4,-43.0
2025-07-14,24,28.756,27.91,9.459,13.357,42.624,128.2,2.666,4.333,14.0,-13.2,-28.0
2025-07-15,24,22.714,23.098,4.733,16.392,36.393,139.6,3.125,4.667,20.0,-25.0,-44.0
2025-07-16,24,29.078,32.16,13.339,11.497,46.039,152.1,2.917,4.667,16.0,-23.2,-38.0
2025-07-17,24,30.484,29.303,7.752,19.991,44.135,156.1,3.292,4.0,19.0,-31.2,-41.0
2025-07-18,24,28.6,29.515,9.605,13.507,41.683,155.7,2.208,4.0,11.0,-19.3,-26.0
2025-07-19,24,30.171,29.685,8.984,16.793,46.355,152.6,1.625,2.667,6.0,-12.3,-20.0
2025-07-20,24,33.687,31.202,11.925,16.963,52.347,150.3,1.208,1.667,5.0,-2.5,-10.0
2025-07-21,24,32.436,29.561,8.426,21.937,46.712,142.9,0.708,1.333,3.0,-0.7,-12.0
2025-07-22,24,38.825,41.918,15.521,17.14,61.278,145.0,2.292,4.667,13.0,15.4,-6.0
2025-07-23,24,32.429,32.506,6.615,20.967,46.486,150.1,3.917,4.667,27.0,-18.0,-30.0
2025-07-24,24,31.741,28.006,10.529,16.349,49.093,156.2,2.958,3.667,15.0,-22.2,-42.0
2025-07-25,24,28.271,29.399,8.511,15.318,40.819,148.0,2.083,2.667,8.0,-7.9,-18.0
2025-07-26,24,30.611,27.111,9.856,17.012,51.353,143.2,2.25,3.667,10.0,-7.6,-14.0
2025-07-27,24,23.006,23.846,4.887,13.765,30.335,145.0,0.833,1.333,4.0,-1.8,-17.0
2025-07-28,24,31.168,29.175,11.627,15.173,48.059,144.6,1.375,2.333,5.0,-2.0,-10.0
2025-07-29,24,29.736,29.469,7.416,17.276,42.495,151.5,1.625,2.667,6.0,-1.5,-10.0
2025-07-30,24,32.781,29.398,11.473,18.219,56.061,149.0,1.792,3.0,7.0,-2.0,-9.0
2025-07-31,24,34.303,33.79,12.394,18.066,55.817,144.8,2.167,3.0,8.0,-2.8,-9.0
2025-08-01,24,32.868,30.397,11.883,16.153,54.305,145.6,2.5,3.333,11.0,-0.6,-5.0
2025-08-02,24,30.336,25.942,9.532,17.855,46.662,146.3,2.042,3.0,8.0,-8.2,-13.0
2025-08-03,24,28.357,28.269,9.086,14.788,42.639,146.3,1.917,4.0,9.0,-1.3,-8.0
2025-08-04,24,29.384,27.911,9.094,15.639,43.612,142.7,1.833,2.333,7.0,-3.5,-10.0
2025-08-05,24,25.001,23.777,5.378,15.99,33.356,156.6,2.125,3.0,9.0,-5.6,-15.0
2025-08-06,24,31.28,28.721,13.641,13.351,54.369,158.2,1.5,2.667,6.0,-1.3,-6.0
2025-08-07,24,25.649,24.277,6.567,14.681,35.249,151.6,0.708,1.0,3.0,2.1,-3.0
2025-08-08,24,38.931,40.238,16.555,16.155,65.351,147.7,2.833,5.0,20.0,-3.6,-37.0
2025-08-09,24,24.908,25.149,7.131,15.338,41.924,139.7,4.708,5.667,43.0,-56.2,-85.0
2025-08-10,24,28.1,25.509,12.905,11.185,47.733,153.3,3.5,4.333,21.0,-40.0,-51.0
2025-08-11,24,30.827,23.704,16.057,12.601,56.771,145.7,3.083,4.333,17.0,-25.0,-34.0
2025-08-12,24,23.035,20.433,8.683,10.6,39.053,152.5,2.75,4.0,13.0,-24.4,-34.0
2025-08-13,24,29.673,27.928,15.703,9.945,52.871,140.0,2.708,3.333,12.0,-23.0,-32.0
2025-08-14,24,26.827,25.79,8.613,14.294,42.456,130.4,2.208,3.333,10.0,-20.8,-38.0
2025-08-15,24,28.859,27.281,11.771,13.07,48.735,122.8,1.666,2.333,6.0,-15.0,-22.0
2025-08-16,24,30.319,27.818,13.954,12.348,53.03,122.1,1.125,1.667,4.0,-4.3,-8.0
2025-08-17,24,29.097,27.571,10.908,14.357,45.626,117.4,0.958,1.667,4.0,-5.1,-15.0
2025-08-18,24,28.587,26.402,10.41,15.085,48.217,113.8,1.458,3.0,6.0,4.1,-10.0
2025-08-19,24,29.958,28.506,11.393,13.927,49.202,116.0,3.208,4.667,19.0,1.6,-19.0
2025-08-20,24,26.092,25.08,7.843,15.253,36.943,119.7,2.583,4.0,12.0,-18.9,-31.0
2025-08-21,24,27.243,23.51,9.984,13.644,42.783,121.0,1.667,2.667,6.0,-6.9,-19.0
2025-08-22,24,23.854,21.704,9.173,12.91,39.576,135.7,1.792,3.0,7.0,-3.0,-12.0
2025-08-23,24,24.942,24.226,9.637,12.487,41.963,142.5,1.292,2.0,5.0,-1.4,-6.0
2025-08-24,24,30.317,26.19,14.486,11.43,52.724,151.5,1.25,1.667,5.0,5.9,-3.0
2025-08-25,24,31.643,28.38,14.457,13.526,53.964,174.9,1.625,3.0,7.0,10.3,1.0
2025-08-26,24,33.256,34.583,13.28,14.386,56.668,202.3,1.708,2.667,7.0,-3.2,-21.0
2025-08-27,24,36.125,33.575,13.983,17.438,58.728,225.7,1.667,2.667,6.0,4.3,-7.0
2025-08-28,24,41.125,37.268,16.542,19.798,68.539,231.6,1.667,2.0,6.0,5.4,1.0
2025-08-29,24,41.816,39.585,16.003,20.368,70.539,221.7,1.542,2.0,6.0,2.8,-3.0
2025-08-30,24,42.228,40.979,17.344,19.215,67.51,316.5,1.708,2.333,6.0,1.6,-11.0
2025-08-31,24,39.792,36.128,14.874,19.497,63.898,217.0,1.708,2.333,6.0,10.2,1.0
2025-09-01,24,43.834,42.021,17.826,20.554,69.528,201.9,2.0,5.667,14.0,15.8,7.0
2025-09-02,24,51.085,59.174,21.95,14.16,78.061,187.4,4.166,5.333,31.0,-13.4,-78.0
2025-09-03,24,30.151,28.912,10.629,12.287,55.187,179.6,2.208,4.333,11.0,-34.2,-67.0
2025-09-04,24,35.778,37.626,15.421,14.25,55.215,172.0,2.042,3.0,8.0,-20.5,-38.0
2025-09-05,24,31.654,30.344,7.861,19.004,44.993,149.0,1.5,3.0,6.0,-7.8,-26.0
2025-09-06,24,28.641,27.682,9.099,16.954,44.155,146.4,3.625,5.0,24.0,-25.5,-50.0
2025-09-07,24,26.535,24.202,12.435,10.711,48.661,132.5,0.583,2.0,2.0,-26.2,-36.0
2025-09-08,24,27.915,25.884,13.71,10.98,52.993,124.6,2.667,3.667,13.0,-20.2,-32.0
2025-09-09,24,25.555,27.98,14.571,6.469,45.952,121.7,2.875,5.333,17.0,-9.2,-29.0
2025-09-10,24,23.73,24.945,6.574,10.846,33.5,119.0,2.125,4.0,11.0,-14.2,-32.0
2025-09-11,24,27.008,22.85,16.553,7.646,51.066,115.2,1.875,3.333,8.0,-18.7,-32.0
2025-09-12,24,27.89,24.127,16.574,7.497,57.453,114.1,1.625,2.667,6.0,-9.0,-16.0
2025-09-13,24,25.176,21.029,14.068,6.916,48.62,117.6,1.292,2.667,5.0,-8.1,-17.0
2025-09-14,24,25.427,23.183,12.96,7.97,44.739,122.1,2.209,4.667,11.0,9.9,-1.0
2025-09-15,24,25.095,21.825,12.967,9.122,45.585,129.9,4.792,6.667,48.0,-51.5,-78.0
2025-09-16,24,22.983,22.821,9.968,8.837,38.483,134.7,3.167,4.333,17.0,-25.2,-47.0
2025-09-17,24,25.607,25.478,11.478,8.885,39.539,147.2,2.292,3.0,10.0,-16.6,-24.0
2025-09-18,24,29.963,26.561,13.861,9.799,51.274,150.4,1.625,2.333,6.0,-9.3,-15.0
2025-09-19,24,37.325,40.093,18.236,10.853,61.087,159.9,0.292,1.0,2.0,0.2,-8.0
2025-09-20,24,40.228,37.134,18.661,12.835,69.833,166.4,0.958,1.667,4.0,3.5,-2.0
2025-09-21,24,43.648,39.895,25.067,11.45,80.576,176.0,1.167,1.667,4.0,11.6,7.0
2025-09-22,24,43.639,41.633,20.505,14.752,74.848,172.4,2.792,3.333,13.0,15.0,-9.0
2025-09-23,24,42.204,37.183,16.759,21.067,65.498,171.3,2.875,3.667,14.0,-9.2,-16.0
2025-09-24,24,40.804,36.059,17.796,17.759,69.243,184.7,1.708,2.333,6.0,-0.3,-12.0
2025-09-25,24,40.047,38.63,16.775,16.114,64.705,170.4,1.583,2.333,6.0,1.3,-6.0
2025-09-26,24,42.258,36.826,19.486,18.374,73.696,165.1,1.417,2.333,5.0,2.5,-8.0
2025-09-27,1,24.946,24.946,,24.946,24.946,163.5,1.167,2.333,5.0,10.2,3.0
